time_step,minutes_from_start,cell_id,row,col,lat,lon,sat_cloud_top_temp_k,radar_reflectivity_dbz,has_aws_station,aws_rain_mm,nwp_forecast_mm_hr,TRUE_rain_mm_hr,aws_rain_fused,predicted_rain_mm_hr,prediction_std,confidence_pct,elevation_m,drainage_capacity_mm_hr,local_low_bonus,excess_rainfall_mm_hr,flood_depth_cm,flood_severity
0,0,0_0,0,0,12.8827,80.0707,219.34,53.4,True,73.27,44.15,73.66,73.27,74.57373983058963,2.380658371876723,72.3,18.47,33.38,0.0,41.19373983058963,7.05,moderate
1,30,0_0,0,0,12.8827,80.0707,228.52,49.47,True,58.74,14.32,57.97,58.74,56.23467243777594,3.7683886353280993,56.2,18.47,33.38,0.0,22.85467243777594,10.25,moderate
2,60,0_0,0,0,12.8827,80.0707,233.79,50.09,True,42.78,23.67,43.39,42.78,46.607852760137405,4.525945760610956,50.0,18.47,33.38,0.0,13.227852760137402,11.43,moderate
3,90,0_0,0,0,12.8827,80.0707,243.26,46.06,True,29.75,16.73,27.97,29.75,27.64907782736387,1.9188163123283672,77.7,18.47,33.38,0.0,0.0,9.83,moderate
4,120,0_0,0,0,12.8827,80.0707,256.71,40.01,True,12.35,13.21,13.64,12.35,12.499877714552392,1.5165788225639951,82.4,18.47,33.38,0.0,0.0,8.23,moderate
5,150,0_0,0,0,12.8827,80.0707,253.45,40.03,True,10.5,11.03,10.36,10.5,11.03490465060493,1.0490626092958135,87.8,18.47,33.38,0.0,0.0,6.63,moderate
6,180,0_0,0,0,12.8827,80.0707,261.49,20.42,True,0.33,5.86,0.74,0.33,0.7028396411423111,0.082128407824533,99.0,18.47,33.38,0.0,0.0,5.03,moderate
7,210,0_0,0,0,12.8827,80.0707,252.31,31.99,True,3.33,4.46,3.38,3.33,3.660043672430668,0.4267113449687875,95.0,18.47,33.38,0.0,0.0,3.43,low
8,240,0_0,0,0,12.8827,80.0707,255.23,21.85,True,1.37,0.94,0.61,1.37,0.7197878571428583,0.1711159808490538,98.0,18.47,33.38,0.0,0.0,1.83,low
9,270,0_0,0,0,12.8827,80.0707,257.03,30.26,True,4.0,6.68,2.72,4.0,2.812882463982035,0.2432725708750859,97.2,18.47,33.38,0.0,0.0,0.23,low
10,300,0_0,0,0,12.8827,80.0707,257.89,31.28,True,4.08,0.0,3.01,4.08,3.1061717016571926,0.2646353210918428,96.9,18.47,33.38,0.0,0.0,0.0,safe
11,330,0_0,0,0,12.8827,80.0707,264.97,-9.32,True,0.49,5.77,0.0,0.49,0.0,0.0,99.0,18.47,33.38,0.0,0.0,0.0,safe
0,0,0_1,0,1,12.8827,80.0907,215.26,53.04,False,,56.09,80.75,73.27,78.68312387065745,2.8084507287363496,67.3,17.05,32.49,0.21260611739267432,46.19312387065745,8.62,moderate
1,30,0_1,0,1,12.8827,80.0907,226.38,52.17,False,,32.56,61.92,58.74,61.37665767005829,2.710964336651974,68.5,17.05,32.49,0.21260611739267432,28.88665767005829,13.4,moderate
2,60,0_1,0,1,12.8827,80.0907,229.9,49.16,False,,20.26,49.03,42.78,48.98169159011442,3.539823855647064,58.8,17.05,32.49,0.21260611739267432,16.49169159011442,15.45,high
3,90,0_1,0,1,12.8827,80.0907,240.27,48.47,False,,19.17,32.65,29.75,34.08778166649059,2.091965668178656,75.7,17.05,32.49,0.21260611739267432,1.5977816664905902,14.21,moderate
4,120,0_1,0,1,12.8827,80.0907,255.61,41.4,False,,1.48,16.0,12.35,14.870095321856777,1.7133426894817685,80.1,17.05,32.49,0.21260611739267432,0.0,12.61,moderate
5,150,0_1,0,1,12.8827,80.0907,253.6,42.11,False,,6.4,12.1,10.5,13.395904250700912,1.963173676386158,77.2,17.05,32.49,0.21260611739267432,0.0,11.01,moderate
6,180,0_1,0,1,12.8827,80.0907,259.56,38.42,False,,0.97,7.61,0.33,8.141054826884359,1.0082428862774828,88.3,17.05,32.49,0.21260611739267432,0.0,9.41,moderate
7,210,0_1,0,1,12.8827,80.0907,257.99,24.29,False,,19.77,1.37,3.33,1.277138882469869,0.1483990826862048,98.3,17.05,32.49,0.21260611739267432,0.0,7.81,moderate
8,240,0_1,0,1,12.8827,80.0907,261.42,-9.98,False,,0.0,0.0,1.37,0.0,0.0,99.0,17.05,32.49,0.21260611739267432,0.0,6.21,moderate
9,270,0_1,0,1,12.8827,80.0907,259.74,29.07,False,,15.51,2.27,4.0,2.410570776111144,0.3994222187325968,95.4,17.05,32.49,0.21260611739267432,0.0,4.61,low
10,300,0_1,0,1,12.8827,80.0907,264.0,21.67,False,,0.0,0.78,4.08,0.7699910190503948,0.0682907772624018,99.0,17.05,32.49,0.21260611739267432,0.0,3.01,low
11,330,0_1,0,1,12.8827,80.0907,258.16,22.44,False,,20.54,0.78,0.49,0.8375709286154459,0.1229239587267777,98.6,17.05,32.49,0.21260611739267432,0.0,1.41,low
0,0,0_2,0,2,12.8827,80.1107,214.86,53.23,False,,40.66,78.91,83.34,79.87716770236442,1.976455736755396,77.0,16.75,31.65,0.0,48.22716770236442,8.53,moderate
1,30,0_2,0,2,12.8827,80.1107,225.9,51.05,False,,34.5,67.24,75.07,62.240288964646425,5.518175995125119,50.0,16.75,31.65,0.0,30.590288964646426,13.35,moderate
2,60,0_2,0,2,12.8827,80.1107,238.57,52.7,False,,25.97,53.32,60.45,46.538049676072696,4.981306758258023,50.0,16.75,31.65,0.0,14.888049676072697,14.88,moderate
3,90,0_2,0,2,12.8827,80.1107,240.06,48.21,False,,11.09,35.89,43.81,38.3060120834363,3.348765084685132,61.0,16.75,31.65,0.0,6.656012083436302,14.68,moderate
4,120,0_2,0,2,12.8827,80.1107,248.88,44.19,False,,23.28,24.64,28.48,23.62254332010499,1.7933178487251564,79.1,16.75,31.65,0.0,0.0,13.08,moderate
5,150,0_2,0,2,12.8827,80.1107,248.06,41.5,False,,13.86,16.34,14.54,15.834527923683938,1.2183017515276542,85.8,16.75,31.65,0.0,0.0,11.48,moderate
6,180,0_2,0,2,12.8827,80.1107,254.62,35.67,False,,9.72,5.88,11.38,6.207587950873622,0.5612846797990444,93.5,16.75,31.65,0.0,0.0,9.88,moderate
7,210,0_2,0,2,12.8827,80.1107,250.35,32.8,False,,5.18,4.23,5.87,4.273862608353521,0.4880001261573218,94.3,16.75,31.65,0.0,0.0,8.28,moderate
8,240,0_2,0,2,12.8827,80.1107,260.23,-6.83,False,,0.0,0.0,0.68,0.0,0.0,99.0,16.75,31.65,0.0,0.0,6.68,moderate
9,270,0_2,0,2,12.8827,80.1107,261.53,26.11,False,,4.5,1.86,0.3,1.748476841885814,0.1637196485488529,98.1,16.75,31.65,0.0,0.0,5.08,moderate
10,300,0_2,0,2,12.8827,80.1107,263.37,20.92,False,,0.0,0.83,1.39,0.7902546444965859,0.0559463617204631,99.0,16.75,31.65,0.0,0.0,3.48,low
11,330,0_2,0,2,12.8827,80.1107,263.2,-8.55,False,,5.24,0.0,1.72,0.0,0.0,99.0,16.75,31.65,0.0,0.0,1.88,low
0,0,0_3,0,3,12.8827,80.1307,216.92,54.09,False,,48.01,77.7,83.34,79.00558280725916,1.757932909183826,79.5,16.44,30.87,0.0,48.135582807259155,8.51,moderate
1,30,0_3,0,3,12.8827,80.1307,221.0,52.44,False,,43.41,69.79,75.07,70.40769310404693,3.2014996878682536,62.8,16.44,30.87,0.0,39.53769310404692,15.21,high
2,60,0_3,0,3,12.8827,80.1307,225.31,50.96,False,,32.51,57.34,60.45,58.76522256322567,3.5256409994408187,59.0,16.44,30.87,0.0,27.89522256322567,19.47,high
3,90,0_3,0,3,12.8827,80.1307,237.52,48.35,False,,11.88,42.9,43.81,41.46945287520098,2.482719788287313,71.1,16.44,30.87,0.0,10.599452875200978,20.1,high
4,120,0_3,0,3,12.8827,80.1307,249.72,47.2,False,,14.77,28.02,28.48,28.15714153214773,1.3746943425876088,84.0,16.44,30.87,0.0,0.0,18.5,high
5,150,0_3,0,3,12.8827,80.1307,250.32,42.1,False,,15.15,14.74,14.54,15.357200495886946,1.1478686132298028,86.6,16.44,30.87,0.0,0.0,16.9,high
6,180,0_3,0,3,12.8827,80.1307,253.07,35.83,False,,12.27,6.14,11.38,6.647896721400242,0.8016416177944369,90.7,16.44,30.87,0.0,0.0,15.3,high
7,210,0_3,0,3,12.8827,80.1307,261.24,36.18,False,,0.0,6.25,5.87,6.493065736274603,0.6388395099955885,92.6,16.44,30.87,0.0,0.0,13.7,moderate
8,240,0_3,0,3,12.8827,80.1307,261.05,21.43,False,,3.4,0.74,0.68,0.7535157619740933,0.0393122966643953,99.0,16.44,30.87,0.0,0.0,12.1,moderate
9,270,0_3,0,3,12.8827,80.1307,259.48,-11.25,False,,3.9,0.0,0.3,0.0,0.0,99.0,16.44,30.87,0.0,0.0,10.5,moderate
10,300,0_3,0,3,12.8827,80.1307,259.53,-9.85,False,,2.59,0.0,1.39,0.0,0.0,99.0,16.44,30.87,0.0,0.0,8.9,moderate
11,330,0_3,0,3,12.8827,80.1307,258.18,-8.86,False,,7.53,0.0,1.72,0.0,0.0,99.0,16.44,30.87,0.0,0.0,7.3,moderate
0,0,0_4,0,4,12.8827,80.1507,225.94,52.15,False,,67.15,74.16,71.43,71.8760769706294,3.490578768872786,59.4,15.56,30.16,0.11388844399549214,41.7160769706294,7.41,moderate
1,30,0_4,0,4,12.8827,80.1507,226.24,53.92,False,,23.77,67.61,73.79,67.75387251517283,2.8414069106399,66.9,15.56,30.16,0.11388844399549214,37.59387251517283,13.93,moderate
2,60,0_4,0,4,12.8827,80.1507,222.47,51.17,False,,18.24,60.0,66.65,61.68896944674341,4.534519379474246,50.0,15.56,30.16,0.11388844399549214,31.528969446743407,19.14,high
3,90,0_4,0,4,12.8827,80.1507,233.52,51.41,False,,31.42,47.77,55.44,53.25932077135907,4.15352563019504,51.7,15.56,30.16,0.11388844399549214,23.09932077135907,22.53,high
4,120,0_4,0,4,12.8827,80.1507,248.43,44.6,False,,6.05,26.95,39.19,25.84956737255658,2.0400465947659367,76.3,15.56,30.16,0.11388844399549214,0.0,20.93,high
5,150,0_4,0,4,12.8827,80.1507,251.68,42.29,False,,11.3,16.67,26.51,17.114512336292318,1.9360138496067016,77.5,15.56,30.16,0.11388844399549214,0.0,19.33,high
6,180,0_4,0,4,12.8827,80.1507,252.6,38.53,False,,5.55,8.42,17.31,10.101560853186369,1.1786587187140878,86.3,15.56,30.16,0.11388844399549214,0.0,17.73,high
7,210,0_4,0,4,12.8827,80.1507,251.52,35.42,False,,7.46,6.36,7.81,6.4557144789468,0.5020305131234605,94.2,15.56,30.16,0.11388844399549214,0.0,16.13,high
8,240,0_4,0,4,12.8827,80.1507,255.44,32.13,False,,3.83,4.49,4.65,4.12085812801612,0.4114925257267065,95.2,15.56,30.16,0.11388844399549214,0.0,14.53,moderate
9,270,0_4,0,4,12.8827,80.1507,260.29,-9.38,False,,7.73,0.0,1.82,0.0,0.0,99.0,15.56,30.16,0.11388844399549214,0.0,12.93,moderate
10,300,0_4,0,4,12.8827,80.1507,264.27,-9.44,False,,9.99,0.0,0.0,0.0,0.0,99.0,15.56,30.16,0.11388844399549214,0.0,11.33,moderate
11,330,0_4,0,4,12.8827,80.1507,263.64,18.49,False,,9.24,0.66,1.05,0.5671840660728158,0.0686193030119382,99.0,15.56,30.16,0.11388844399549214,0.0,9.73,moderate
0,0,0_5,0,5,12.8827,80.1707,222.25,51.39,False,,56.84,66.79,71.43,67.94398571922295,3.591626956993093,58.2,15.54,29.53,0.0,38.41398571922295,6.47,moderate
1,30,0_5,0,5,12.8827,80.1707,216.46,52.25,False,,35.42,65.87,73.79,69.17009057922802,5.249087088572982,50.0,15.54,29.53,0.0,39.640090579228016,13.19,moderate
2,60,0_5,0,5,12.8827,80.1707,227.29,51.85,False,,51.97,59.22,66.65,60.856276155527006,5.280843894272516,50.0,15.54,29.53,0.0,31.326276155527005,18.17,high
3,90,0_5,0,5,12.8827,80.1707,237.79,49.57,False,,16.99,44.02,55.44,44.37407851025296,2.4240162040331694,71.8,15.54,29.53,0.0,14.844078510252956,19.69,high
4,120,0_5,0,5,12.8827,80.1707,246.31,47.64,False,,7.84,30.14,39.19,32.20801327469634,3.679537048385209,57.2,15.54,29.53,0.0,2.6780132746963403,18.65,high
5,150,0_5,0,5,12.8827,80.1707,249.51,40.69,False,,17.26,18.08,26.51,17.155983769310716,1.5532927735474171,81.9,15.54,29.53,0.0,0.0,17.05,high
6,180,0_5,0,5,12.8827,80.1707,259.41,37.62,False,,13.36,10.82,17.31,9.603260466022723,1.8045093858730856,79.0,15.54,29.53,0.0,0.0,15.45,high
7,210,0_5,0,5,12.8827,80.1707,259.99,34.36,False,,6.52,6.0,7.81,4.787937618163564,0.8625871148630552,90.0,15.54,29.53,0.0,0.0,13.85,moderate
8,240,0_5,0,5,12.8827,80.1707,264.33,30.1,False,,0.0,2.24,4.65,2.5137357885956537,0.469989615744649,94.5,15.54,29.53,0.0,0.0,12.25,moderate
9,270,0_5,0,5,12.8827,80.1707,267.28,11.25,False,,0.0,0.17,1.82,0.1810933333333338,0.0248692058578475,99.0,15.54,29.53,0.0,0.0,10.65,moderate
10,300,0_5,0,5,12.8827,80.1707,263.41,-7.56,False,,7.34,0.0,0.0,0.0,0.0,99.0,15.54,29.53,0.0,0.0,9.05,moderate
11,330,0_5,0,5,12.8827,80.1707,259.03,-10.58,False,,7.83,0.0,1.05,0.0,0.0,99.0,15.54,29.53,0.0,0.0,7.45,moderate
0,0,0_6,0,6,12.8827,80.1907,219.63,51.27,False,,49.58,61.97,71.43,65.51307023920292,5.140416145202336,50.0,15.26,29.0,0.0,36.51307023920292,6.07,moderate
1,30,0_6,0,6,12.8827,80.1907,229.89,51.69,False,,64.7,61.55,73.79,61.20383432270356,2.8328260035184014,67.0,15.26,29.0,0.0,32.20383432270356,11.23,moderate
2,60,0_6,0,6,12.8827,80.1907,225.78,52.37,False,,29.37,55.45,66.65,59.04099514209451,4.711509836180208,50.0,15.26,29.0,0.0,30.04099514209451,15.94,high
3,90,0_6,0,6,12.8827,80.1907,235.18,48.34,False,,10.8,45.75,55.44,45.12241186322648,2.5821073558700167,70.0,15.26,29.0,0.0,16.122411863226482,17.72,high
4,120,0_6,0,6,12.8827,80.1907,241.1,47.87,False,,22.59,33.22,39.19,37.9005195353276,3.208608808957877,62.7,15.26,29.0,0.0,8.900519535327597,17.99,high
5,150,0_6,0,6,12.8827,80.1907,246.74,43.42,False,,2.29,20.33,26.51,20.440619986513514,1.8507248151729971,78.5,15.26,29.0,0.0,0.0,16.39,high
6,180,0_6,0,6,12.8827,80.1907,248.54,39.74,False,,3.03,12.99,17.31,13.459154126321232,1.4985589034282885,82.6,15.26,29.0,0.0,0.0,14.79,moderate
7,210,0_6,0,6,12.8827,80.1907,256.62,35.74,False,,8.93,5.87,7.81,6.2698807679144,0.4288450654708162,95.0,15.26,29.0,0.0,0.0,13.19,moderate
8,240,0_6,0,6,12.8827,80.1907,260.17,33.71,False,,4.61,3.34,4.65,3.831035864715403,0.6299224345383116,92.7,15.26,29.0,0.0,0.0,11.59,moderate
9,270,0_6,0,6,12.8827,80.1907,260.0,30.46,False,,15.28,3.27,1.82,3.107216222678732,0.2763325549929484,96.8,15.26,29.0,0.0,0.0,9.99,moderate
10,300,0_6,0,6,12.8827,80.1907,257.99,25.29,False,,7.63,1.56,0.0,1.4831971153771313,0.1450898676491929,98.3,15.26,29.0,0.0,0.0,8.39,moderate
11,330,0_6,0,6,12.8827,80.1907,265.61,28.83,False,,1.61,2.61,1.05,2.4308675007055145,0.2612756330525416,97.0,15.26,29.0,0.0,0.0,6.79,moderate
0,0,0_7,0,7,12.8827,80.2107,236.85,50.96,False,,51.27,52.63,36.24,51.14557574643488,2.99010195500844,65.2,12.86,28.57,0.5907851449057073,22.57557574643488,3.84,low
1,30,0_7,0,7,12.8827,80.2107,222.71,52.21,False,,40.11,55.07,37.06,57.68895447091437,4.296554478364785,50.0,12.86,28.57,0.5907851449057073,29.118954470914368,9.26,moderate
2,60,0_7,0,7,12.8827,80.2107,229.18,49.27,False,,34.53,53.51,42.03,52.59503077842706,4.850179975911041,50.0,12.86,28.57,0.5907851449057073,24.02503077842706,13.45,moderate
3,90,0_7,0,7,12.8827,80.2107,234.95,47.74,False,,27.01,41.87,36.07,41.40188398781375,1.9878079364688528,76.9,12.86,28.57,0.5907851449057073,12.831883987813747,14.94,moderate
4,120,0_7,0,7,12.8827,80.2107,248.11,46.71,False,,16.69,29.3,29.81,28.764042221692044,1.6426537089302673,80.9,12.86,28.57,0.5907851449057073,0.19404222169204388,13.39,moderate
5,150,0_7,0,7,12.8827,80.2107,251.05,44.86,False,,11.25,23.91,18.8,22.41498300356828,2.065263809505956,76.0,12.86,28.57,0.5907851449057073,0.0,11.79,moderate
6,180,0_7,0,7,12.8827,80.2107,251.36,42.16,False,,23.52,13.95,14.22,16.126088347782556,1.7061474360596631,80.1,12.86,28.57,0.5907851449057073,0.0,10.19,moderate
7,210,0_7,0,7,12.8827,80.2107,254.24,34.61,False,,0.0,6.95,8.03,6.615943117424165,0.4862887105008616,94.3,12.86,28.57,0.5907851449057073,0.0,8.59,moderate
8,240,0_7,0,7,12.8827,80.2107,259.13,31.83,False,,0.44,3.88,4.5,3.8572614265481984,0.3193339796530461,96.3,12.86,28.57,0.5907851449057073,0.0,6.99,moderate
9,270,0_7,0,7,12.8827,80.2107,258.83,21.35,False,,11.01,0.82,0.0,0.8084754444566437,0.0982946870482203,98.9,12.86,28.57,0.5907851449057073,0.0,5.39,moderate
10,300,0_7,0,7,12.8827,80.2107,267.41,-8.37,False,,17.18,0.0,0.51,0.0,0.0,99.0,12.86,28.57,0.5907851449057073,0.0,3.79,low
11,330,0_7,0,7,12.8827,80.2107,258.06,30.48,False,,0.0,2.29,0.0,2.4931775985677818,0.2756576258856123,96.8,12.86,28.57,0.5907851449057073,0.0,2.19,low
0,0,0_8,0,8,12.8827,80.2307,237.34,50.07,False,,57.48,44.1,36.24,44.926949497008806,2.86935785092408,66.6,12.35,28.26,0.0,16.666949497008805,1.9,low
1,30,0_8,0,8,12.8827,80.2307,234.73,49.93,False,,45.53,44.29,37.06,44.54002686225534,1.841476732936788,78.6,12.35,28.26,0.0,16.280026862255337,3.72,low
2,60,0_8,0,8,12.8827,80.2307,238.49,47.78,False,,32.25,44.83,42.03,41.92781017618929,3.374159561220099,60.7,12.35,28.26,0.0,13.667810176189288,4.99,low
3,90,0_8,0,8,12.8827,80.2307,242.22,50.42,False,,19.62,42.16,36.07,41.03880823742339,2.997382890661972,65.1,12.35,28.26,0.0,12.778808237423387,6.07,moderate
4,120,0_8,0,8,12.8827,80.2307,241.66,46.66,False,,14.21,30.52,29.81,30.67985991980604,2.6765907590320084,68.9,12.35,28.26,0.0,2.41985991980604,4.98,low
5,150,0_8,0,8,12.8827,80.2307,249.69,44.1,False,,25.33,19.67,18.8,20.08902277587733,1.421364963017086,83.5,12.35,28.26,0.0,0.0,3.38,low
6,180,0_8,0,8,12.8827,80.2307,251.05,41.06,False,,6.78,15.28,14.22,14.94051745338179,0.963208602772008,88.8,12.35,28.26,0.0,0.0,1.78,low
7,210,0_8,0,8,12.8827,80.2307,258.98,38.1,False,,9.5,6.46,8.03,7.514144641046783,1.419915054178941,83.5,12.35,28.26,0.0,0.0,0.18,low
8,240,0_8,0,8,12.8827,80.2307,260.68,32.6,False,,7.76,4.51,4.5,4.346982576242933,0.421851356028707,95.1,12.35,28.26,0.0,0.0,0.0,safe
9,270,0_8,0,8,12.8827,80.2307,257.84,32.35,False,,1.52,4.07,0.0,3.8173092594557096,0.3885733494578159,95.5,12.35,28.26,0.0,0.0,0.0,safe
10,300,0_8,0,8,12.8827,80.2307,260.65,-8.92,False,,19.75,0.0,0.51,0.0,0.0,99.0,12.35,28.26,0.0,0.0,0.0,safe
11,330,0_8,0,8,12.8827,80.2307,253.58,23.63,False,,24.69,1.19,0.0,1.1644631255550006,0.1424736417401471,98.3,12.35,28.26,0.0,0.0,0.0,safe
0,0,0_9,0,9,12.8827,80.2507,241.68,49.0,True,36.24,44.91,35.74,36.24,36.30294946627654,2.5245140340086194,70.6,10.64,28.06,0.0,8.242949466276539,0.13,low
1,30,0_9,0,9,12.8827,80.2507,239.53,49.5,True,37.06,31.18,37.26,37.06,39.13068009861962,3.270321510279994,62.0,10.64,28.06,0.0,11.070680098619622,0.86,low
2,60,0_9,0,9,12.8827,80.2507,233.46,49.2,True,42.03,32.12,40.83,42.03,42.86515305337567,3.282601378764245,61.8,10.64,28.06,0.0,14.805153053375673,2.36,low
3,90,0_9,0,9,12.8827,80.2507,242.91,47.98,True,36.07,33.05,36.86,36.07,34.24205203909086,3.898313465131076,54.6,10.64,28.06,0.0,6.182052039090859,2.06,low
4,120,0_9,0,9,12.8827,80.2507,241.1,46.62,True,29.81,11.56,29.42,29.81,30.27524753309549,2.3061008822692344,73.2,10.64,28.06,0.0,2.215247533095493,0.93,low
5,150,0_9,0,9,12.8827,80.2507,248.59,43.43,True,18.8,10.5,18.69,18.8,19.31454064518148,1.1559574375262245,86.6,10.64,28.06,0.0,0.0,0.0,safe
6,180,0_9,0,9,12.8827,80.2507,254.69,42.92,True,14.22,15.9,14.1,14.22,15.010996987800906,1.3840976012997983,83.9,10.64,28.06,0.0,0.0,0.0,safe
7,210,0_9,0,9,12.8827,80.2507,255.25,36.58,True,8.03,8.31,7.71,8.03,6.952066692913011,0.715296919092839,91.7,10.64,28.06,0.0,0.0,0.0,safe
8,240,0_9,0,9,12.8827,80.2507,260.6,32.32,True,4.5,11.04,3.85,4.5,3.7368285575667657,0.3118678608710992,96.4,10.64,28.06,0.0,0.0,0.0,safe
9,270,0_9,0,9,12.8827,80.2507,260.71,-7.94,True,0.0,11.3,0.0,0.0,0.0,0.0,99.0,10.64,28.06,0.0,0.0,0.0,safe
10,300,0_9,0,9,12.8827,80.2507,252.71,-8.57,True,0.51,5.07,0.0,0.51,0.0008,0.0112853887837327,99.0,10.64,28.06,0.0,0.0,0.0,safe
11,330,0_9,0,9,12.8827,80.2507,260.33,22.64,True,0.0,0.07,0.71,0.0,0.8353866609779107,0.1840883432906312,97.9,10.64,28.06,0.0,0.0,0.0,safe
0,0,0_10,0,10,12.8827,80.2707,243.72,44.55,False,,31.49,26.62,36.24,26.14745757853253,1.616304325514821,81.2,8.69,28.0,1.2637922541028423,0.0,0.0,safe
1,30,0_10,0,10,12.8827,80.2707,240.41,46.6,False,,20.31,32.01,37.06,37.08048613005146,4.9914460064996655,50.0,8.69,28.0,1.2637922541028423,9.080486130051462,0.91,low
2,60,0_10,0,10,12.8827,80.2707,239.69,45.8,False,,25.89,33.13,42.03,35.00371172619052,4.352187303295611,50.0,8.69,28.0,1.2637922541028423,7.003711726190517,1.24,low
3,90,0_10,0,10,12.8827,80.2707,241.05,46.36,False,,12.27,31.73,36.07,36.12600696533002,5.296227014322269,50.0,8.69,28.0,1.2637922541028423,8.12600696533002,1.89,low
4,120,0_10,0,10,12.8827,80.2707,240.22,45.31,False,,20.24,26.32,29.81,27.985287863111537,2.208250028698881,74.3,8.69,28.0,1.2637922541028423,0.0,0.29,low
5,150,0_10,0,10,12.8827,80.2707,249.09,41.83,False,,9.31,18.4,18.8,16.843151092819227,1.6430410202119536,80.9,8.69,28.0,1.2637922541028423,0.0,0.0,safe
6,180,0_10,0,10,12.8827,80.2707,246.22,41.59,False,,8.3,15.58,14.22,15.981308646288946,1.3961899999173717,83.8,8.69,28.0,1.2637922541028423,0.0,0.0,safe
7,210,0_10,0,10,12.8827,80.2707,257.29,37.22,False,,3.31,8.37,8.03,7.686569989415876,0.7562139389373509,91.2,8.69,28.0,1.2637922541028423,0.0,0.0,safe
8,240,0_10,0,10,12.8827,80.2707,254.62,31.03,False,,3.51,3.8,4.5,3.590428920089266,0.3429219624285297,96.0,8.69,28.0,1.2637922541028423,0.0,0.0,safe
9,270,0_10,0,10,12.8827,80.2707,256.2,24.81,False,,17.85,1.07,0.0,1.2552368683392614,0.2213806410601444,97.4,8.69,28.0,1.2637922541028423,0.0,0.0,safe
10,300,0_10,0,10,12.8827,80.2707,255.42,25.53,False,,0.0,1.66,0.51,1.5632266832765518,0.1708971077060189,98.0,8.69,28.0,1.2637922541028423,0.0,0.0,safe
11,330,0_10,0,10,12.8827,80.2707,260.31,13.99,False,,1.29,0.27,0.0,0.2747075000000006,0.0362281447431106,99.0,8.69,28.0,1.2637922541028423,0.0,0.0,safe
0,0,0_11,0,11,12.8827,80.2907,245.01,45.45,False,,20.26,20.21,30.64,22.62168574196726,3.3368425911040727,61.2,10.49,28.06,0.0,0.0,0.0,safe
1,30,0_11,0,11,12.8827,80.2907,246.18,46.21,False,,25.38,24.38,34.73,25.439431781866773,2.20021582604393,74.4,10.49,28.06,0.0,0.0,0.0,safe
2,60,0_11,0,11,12.8827,80.2907,246.27,46.96,False,,33.06,27.85,39.97,29.448615421396635,4.206915169486882,51.1,10.49,28.06,0.0,1.3886154213966364,0.0,safe
3,90,0_11,0,11,12.8827,80.2907,246.11,45.1,False,,31.97,25.6,40.19,25.878220479610277,2.060207416197555,76.0,10.49,28.06,0.0,0.0,0.0,safe
4,120,0_11,0,11,12.8827,80.2907,249.27,43.6,False,,0.11,22.5,34.67,21.67977316202446,1.9158868589709588,77.7,10.49,28.06,0.0,0.0,0.0,safe
5,150,0_11,0,11,12.8827,80.2907,256.0,43.1,False,,0.0,17.82,29.85,16.193782009379515,3.193703729403399,62.8,10.49,28.06,0.0,0.0,0.0,safe
6,180,0_11,0,11,12.8827,80.2907,259.72,39.94,False,,2.67,11.14,20.56,11.288414641618782,0.8790243801079795,89.8,10.49,28.06,0.0,0.0,0.0,safe
7,210,0_11,0,11,12.8827,80.2907,257.82,38.01,False,,0.0,8.99,10.8,8.861229306829395,1.0609861598601047,87.7,10.49,28.06,0.0,0.0,0.0,safe
8,240,0_11,0,11,12.8827,80.2907,265.87,32.45,False,,0.12,3.31,6.15,3.594621685686289,0.3868957382551128,95.5,10.49,28.06,0.0,0.0,0.0,safe
9,270,0_11,0,11,12.8827,80.2907,261.11,26.98,False,,17.91,1.38,4.59,1.609110844561542,0.3521921710415707,95.9,10.49,28.06,0.0,0.0,0.0,safe
10,300,0_11,0,11,12.8827,80.2907,257.51,-9.35,False,,6.06,0.0,4.22,0.0,0.0,99.0,10.49,28.06,0.0,0.0,0.0,safe
11,330,0_11,0,11,12.8827,80.2907,257.59,24.51,False,,0.0,1.4,1.1,1.326801355159288,0.1913827883363127,97.8,10.49,28.06,0.0,0.0,0.0,safe
0,0,0_12,0,12,12.8827,80.3107,258.5,40.99,False,,25.24,13.38,11.59,12.494386011553322,1.2135117436717917,85.9,12.46,28.26,0.0,0.0,0.0,safe
1,30,0_12,0,12,12.8827,80.3107,248.73,42.39,False,,32.77,16.81,9.93,17.257563982056894,1.4160194761749754,83.5,12.46,28.26,0.0,0.0,0.0,safe
2,60,0_12,0,12,12.8827,80.3107,252.46,42.87,False,,23.84,20.74,16.49,16.884927335094027,1.656762072117494,80.7,12.46,28.26,0.0,0.0,0.0,safe
3,90,0_12,0,12,12.8827,80.3107,249.44,42.29,False,,21.04,18.42,19.91,18.174030364228283,1.315917076439626,84.7,12.46,28.26,0.0,0.0,0.0,safe
4,120,0_12,0,12,12.8827,80.3107,252.87,43.55,False,,8.95,19.99,24.41,18.887686814656927,1.9583493702384585,77.2,12.46,28.26,0.0,0.0,0.0,safe
5,150,0_12,0,12,12.8827,80.3107,247.07,42.72,False,,3.46,16.31,12.12,17.260275994419857,1.6738258910579178,80.5,12.46,28.26,0.0,0.0,0.0,safe
6,180,0_12,0,12,12.8827,80.3107,256.57,40.32,False,,13.36,12.48,14.48,12.575504522823737,1.0399498180814013,87.9,12.46,28.26,0.0,0.0,0.0,safe
7,210,0_12,0,12,12.8827,80.3107,252.61,36.57,False,,16.75,7.36,9.66,7.520134713336834,0.5189771660938007,94.0,12.46,28.26,0.0,0.0,0.0,safe
8,240,0_12,0,12,12.8827,80.3107,254.71,30.03,False,,10.1,3.16,6.63,3.0606587940602616,0.3337492725747005,96.1,12.46,28.26,0.0,0.0,0.0,safe
9,270,0_12,0,12,12.8827,80.3107,255.24,27.18,False,,5.98,1.93,2.7,1.8930800164456256,0.2828217872163414,96.7,12.46,28.26,0.0,0.0,0.0,safe
10,300,0_12,0,12,12.8827,80.3107,258.16,-8.55,False,,0.0,0.0,0.0,0.0,0.0,99.0,12.46,28.26,0.0,0.0,0.0,safe
11,330,0_12,0,12,12.8827,80.3107,261.29,-8.55,False,,12.87,0.0,2.16,0.0,0.0,99.0,12.46,28.26,0.0,0.0,0.0,safe
0,0,0_13,0,13,12.8827,80.3307,252.71,39.39,False,,21.77,10.49,11.59,10.88024540777559,1.0504757398385898,87.8,13.93,28.57,0.0,0.0,0.0,safe
1,30,0_13,0,13,12.8827,80.3307,253.19,41.07,False,,25.56,12.15,9.93,12.299940925411152,0.7952767289447313,90.7,13.93,28.57,0.0,0.0,0.0,safe
2,60,0_13,0,13,12.8827,80.3307,251.66,41.87,False,,32.89,15.07,16.49,15.578117311279073,1.111804262291218,87.1,13.93,28.57,0.0,0.0,0.0,safe
3,90,0_13,0,13,12.8827,80.3307,253.49,44.43,False,,13.44,16.57,19.91,17.714207870232052,1.8818673991917012,78.1,13.93,28.57,0.0,0.0,0.0,safe
4,120,0_13,0,13,12.8827,80.3307,252.97,43.61,False,,12.73,15.05,24.41,17.340472676289064,2.5070310782633247,70.8,13.93,28.57,0.0,0.0,0.0,safe
5,150,0_13,0,13,12.8827,80.3307,249.69,41.24,False,,0.0,13.8,12.12,13.51021494105492,1.2133035687150604,85.9,13.93,28.57,0.0,0.0,0.0,safe
6,180,0_13,0,13,12.8827,80.3307,258.93,40.27,False,,5.14,11.68,14.48,12.161110925877372,1.036633206460642,87.9,13.93,28.57,0.0,0.0,0.0,safe
7,210,0_13,0,13,12.8827,80.3307,256.06,36.93,False,,3.33,7.33,9.66,7.588967078463271,0.4759224957446845,94.5,13.93,28.57,0.0,0.0,0.0,safe
8,240,0_13,0,13,12.8827,80.3307,257.03,31.87,False,,13.13,3.59,6.63,3.767544570724612,0.4197643547589212,95.1,13.93,28.57,0.0,0.0,0.0,safe
9,270,0_13,0,13,12.8827,80.3307,260.43,15.68,False,,8.75,0.43,2.7,0.4115059208193776,0.0481416722047841,99.0,13.93,28.57,0.0,0.0,0.0,safe
10,300,0_13,0,13,12.8827,80.3307,257.36,16.36,False,,5.65,0.46,0.0,0.4425903342531646,0.0322589686023268,99.0,13.93,28.57,0.0,0.0,0.0,safe
11,330,0_13,0,13,12.8827,80.3307,260.67,28.77,False,,6.37,2.23,2.16,2.275245137441027,0.1684046984140225,98.0,13.93,28.57,0.0,0.0,0.0,safe
0,0,0_14,0,14,12.8827,80.3507,259.4,39.45,False,,9.31,9.88,4.41,9.707517033298892,0.8211983371669711,90.4,15.78,29.0,0.0,0.0,0.0,safe
1,30,0_14,0,14,12.8827,80.3507,255.78,40.52,False,,14.66,10.25,6.6,10.880224214539934,1.5081954332586072,82.5,15.78,29.0,0.0,0.0,0.0,safe
2,60,0_14,0,14,12.8827,80.3507,253.82,39.72,False,,30.77,10.26,7.6,10.73507736396608,1.0860579543026363,87.4,15.78,29.0,0.0,0.0,0.0,safe
3,90,0_14,0,14,12.8827,80.3507,251.43,41.35,False,,17.29,14.98,9.56,13.949930777042365,1.6422412129359514,80.9,15.78,29.0,0.0,0.0,0.0,safe
4,120,0_14,0,14,12.8827,80.3507,254.38,40.78,False,,16.87,13.89,10.74,12.676248908682137,1.0846648368648322,87.4,15.78,29.0,0.0,0.0,0.0,safe
5,150,0_14,0,14,12.8827,80.3507,257.78,40.74,False,,21.63,10.96,8.12,11.529551674991524,0.9849047278231172,88.5,15.78,29.0,0.0,0.0,0.0,safe
6,180,0_14,0,14,12.8827,80.3507,258.86,34.84,False,,0.0,5.63,7.91,5.879013912507754,0.5235824114415001,93.9,15.78,29.0,0.0,0.0,0.0,safe
7,210,0_14,0,14,12.8827,80.3507,257.33,36.37,False,,13.37,7.43,2.97,6.906120843726143,0.5725247513681143,93.3,15.78,29.0,0.0,0.0,0.0,safe
8,240,0_14,0,14,12.8827,80.3507,259.19,34.85,False,,7.05,4.96,1.8,5.489162467243535,0.6116064058309021,92.9,15.78,29.0,0.0,0.0,0.0,safe
9,270,0_14,0,14,12.8827,80.3507,256.39,33.57,False,,17.24,3.86,3.69,4.139214636194232,0.501205630417688,94.2,15.78,29.0,0.0,0.0,0.0,safe
10,300,0_14,0,14,12.8827,80.3507,260.6,-8.12,False,,4.82,0.0,3.04,0.0,0.0,99.0,15.78,29.0,0.0,0.0,0.0,safe
11,330,0_14,0,14,12.8827,80.3507,261.37,15.39,False,,13.82,0.38,0.0,0.3649222986735491,0.0602068587554338,99.0,15.78,29.0,0.0,0.0,0.0,safe
0,0,0_15,0,15,12.8827,80.3707,258.46,31.19,True,4.41,22.17,4.05,4.41,3.764262152682177,0.3982357433618815,95.4,15.7,29.53,0.29262484538296185,0.0,0.0,safe
1,30,0_15,0,15,12.8827,80.3707,256.62,34.53,True,6.6,2.3,6.36,6.6,5.68124698770603,0.8753368297679305,89.8,15.7,29.53,0.29262484538296185,0.0,0.0,safe
2,60,0_15,0,15,12.8827,80.3707,253.43,36.82,True,7.6,12.19,7.54,7.6,7.21448839011089,0.5968148731446635,93.1,15.7,29.53,0.29262484538296185,0.0,0.0,safe
3,90,0_15,0,15,12.8827,80.3707,256.27,38.89,True,9.56,10.86,10.37,9.56,10.12883132296068,0.9799106229998,88.6,15.7,29.53,0.29262484538296185,0.0,0.0,safe
4,120,0_15,0,15,12.8827,80.3707,252.36,36.53,True,10.74,14.09,9.49,10.74,7.502738520973367,0.8371253847655725,90.3,15.7,29.53,0.29262484538296185,0.0,0.0,safe
5,150,0_15,0,15,12.8827,80.3707,257.98,37.04,True,8.12,14.02,8.11,8.12,7.271572241696909,0.5631457429044775,93.4,15.7,29.53,0.29262484538296185,0.0,0.0,safe
6,180,0_15,0,15,12.8827,80.3707,253.99,36.56,True,7.91,1.54,5.56,7.91,6.495783994867087,0.7950665245343275,90.7,15.7,29.53,0.29262484538296185,0.0,0.0,safe
7,210,0_15,0,15,12.8827,80.3707,255.74,31.91,True,2.97,16.86,3.44,2.97,3.566643604161805,0.2971550758379905,96.5,15.7,29.53,0.29262484538296185,0.0,0.0,safe
8,240,0_15,0,15,12.8827,80.3707,260.19,25.34,True,1.8,22.28,1.38,1.8,1.390087897607276,0.1334340090452235,98.4,15.7,29.53,0.29262484538296185,0.0,0.0,safe
9,270,0_15,0,15,12.8827,80.3707,256.7,29.29,True,3.69,20.42,2.62,3.69,2.5883538041707608,0.2985557666631806,96.5,15.7,29.53,0.29262484538296185,0.0,0.0,safe
10,300,0_15,0,15,12.8827,80.3707,255.94,32.02,True,3.04,9.39,2.72,3.04,3.01250068165266,0.436214598907844,94.9,15.7,29.53,0.29262484538296185,0.0,0.0,safe
11,330,0_15,0,15,12.8827,80.3707,260.34,-10.17,True,0.0,10.47,0.0,0.0,0.0,0.0,99.0,15.7,29.53,0.29262484538296185,0.0,0.0,safe
0,0,0_16,0,16,12.8827,80.3907,253.55,32.99,False,,34.93,4.4,4.41,4.3649007612985615,0.494721907758441,94.2,16.96,30.16,0.0,0.0,0.0,safe
1,30,0_16,0,16,12.8827,80.3907,257.33,34.65,False,,29.1,5.05,6.6,5.68942088160756,0.8202578742653938,90.5,16.96,30.16,0.0,0.0,0.0,safe
2,60,0_16,0,16,12.8827,80.3907,259.22,40.41,False,,19.25,8.52,7.6,10.002219667788737,1.897316757133817,77.9,16.96,30.16,0.0,0.0,0.0,safe
3,90,0_16,0,16,12.8827,80.3907,257.32,33.54,False,,10.82,4.57,9.56,4.6258973590167525,0.3679010097501188,95.7,16.96,30.16,0.0,0.0,0.0,safe
4,120,0_16,0,16,12.8827,80.3907,260.99,35.13,False,,3.33,5.12,10.74,5.414349866043263,0.3740316013999745,95.6,16.96,30.16,0.0,0.0,0.0,safe
5,150,0_16,0,16,12.8827,80.3907,255.24,37.74,False,,18.52,9.78,8.12,8.911027863759916,1.465369788501795,83.0,16.96,30.16,0.0,0.0,0.0,safe
6,180,0_16,0,16,12.8827,80.3907,253.32,35.31,False,,6.99,6.76,7.91,6.450251617835177,0.5027640038742316,94.2,16.96,30.16,0.0,0.0,0.0,safe
7,210,0_16,0,16,12.8827,80.3907,261.93,32.58,False,,9.83,4.13,2.97,4.17805107261021,0.3431140183649104,96.0,16.96,30.16,0.0,0.0,0.0,safe
8,240,0_16,0,16,12.8827,80.3907,262.36,28.92,False,,9.0,2.3,1.8,2.294476738661157,0.1593331977747585,98.1,16.96,30.16,0.0,0.0,0.0,safe
9,270,0_16,0,16,12.8827,80.3907,257.36,24.28,False,,0.0,1.28,3.69,1.2570955036045826,0.1262026528770644,98.5,16.96,30.16,0.0,0.0,0.0,safe
10,300,0_16,0,16,12.8827,80.3907,256.75,-8.07,False,,18.68,0.0,3.04,0.0,0.0,99.0,16.96,30.16,0.0,0.0,0.0,safe
11,330,0_16,0,16,12.8827,80.3907,252.89,28.14,False,,2.44,1.94,0.0,1.9868640023326007,0.2582858867699711,97.0,16.96,30.16,0.0,0.0,0.0,safe
0,0,0_17,0,17,12.8827,80.4107,261.18,-9.11,False,,5.48,0.0,4.41,0.0,0.0,99.0,17.29,30.87,0.03179006838553278,0.0,0.0,safe
1,30,0_17,0,17,12.8827,80.4107,263.42,33.12,False,,12.67,3.99,6.6,4.1912291146977525,0.4966991375500937,94.2,17.29,30.87,0.03179006838553278,0.0,0.0,safe
2,60,0_17,0,17,12.8827,80.4107,258.88,35.29,False,,6.88,5.53,7.6,5.7289257484688445,0.3838886823141162,95.5,17.29,30.87,0.03179006838553278,0.0,0.0,safe
3,90,0_17,0,17,12.8827,80.4107,260.12,36.6,False,,1.91,7.16,9.56,7.182667438480544,0.5039663469451969,94.1,17.29,30.87,0.03179006838553278,0.0,0.0,safe
4,120,0_17,0,17,12.8827,80.4107,260.38,33.14,False,,30.21,4.01,10.74,4.482500946905329,0.8202507717069376,90.5,17.29,30.87,0.03179006838553278,0.0,0.0,safe
5,150,0_17,0,17,12.8827,80.4107,255.55,34.61,False,,7.76,5.63,8.12,5.767058626710168,0.6101522988899694,92.9,17.29,30.87,0.03179006838553278,0.0,0.0,safe
6,180,0_17,0,17,12.8827,80.4107,257.76,28.85,False,,7.62,2.72,7.91,2.465955708965633,0.286413215921418,96.7,17.29,30.87,0.03179006838553278,0.0,0.0,safe
7,210,0_17,0,17,12.8827,80.4107,258.55,34.66,False,,0.0,4.94,2.97,5.173249898091683,0.612573243946703,92.9,17.29,30.87,0.03179006838553278,0.0,0.0,safe
8,240,0_17,0,17,12.8827,80.4107,255.48,26.62,False,,0.0,1.64,1.8,1.6493142061424562,0.1234688104355419,98.6,17.29,30.87,0.03179006838553278,0.0,0.0,safe
9,270,0_17,0,17,12.8827,80.4107,257.1,28.66,False,,0.0,2.28,3.69,2.3661081587898805,0.2407483176465937,97.2,17.29,30.87,0.03179006838553278,0.0,0.0,safe
10,300,0_17,0,17,12.8827,80.4107,262.14,26.64,False,,0.0,1.38,3.04,1.537334676510416,0.2214853076655078,97.4,17.29,30.87,0.03179006838553278,0.0,0.0,safe
11,330,0_17,0,17,12.8827,80.4107,254.08,32.02,False,,0.0,2.56,0.0,2.867946388407771,0.538576573788572,93.7,17.29,30.87,0.03179006838553278,0.0,0.0,safe
0,0,0_18,0,18,12.8827,80.4307,257.65,33.17,False,,0.0,4.19,3.03,4.173593358328559,0.3202552916318869,96.3,17.9,31.65,0.0,0.0,0.0,safe
1,30,0_18,0,18,12.8827,80.4307,257.73,11.05,False,,22.33,0.19,1.14,0.1900044246031747,0.019630074757855,99.0,17.9,31.65,0.0,0.0,0.0,safe
2,60,0_18,0,18,12.8827,80.4307,261.35,19.81,False,,0.0,0.62,1.39,0.6137385533910537,0.0607841904695842,99.0,17.9,31.65,0.0,0.0,0.0,safe
3,90,0_18,0,18,12.8827,80.4307,260.73,31.2,False,,0.05,3.11,1.84,3.267319644200813,0.3657541064963371,95.7,17.9,31.65,0.0,0.0,0.0,safe
4,120,0_18,0,18,12.8827,80.4307,253.62,24.13,False,,16.11,1.08,3.2,1.2141518672299936,0.2477040458880289,97.1,17.9,31.65,0.0,0.0,0.0,safe
5,150,0_18,0,18,12.8827,80.4307,262.33,25.25,False,,5.4,1.41,1.55,1.41344114716947,0.1454626017606639,98.3,17.9,31.65,0.0,0.0,0.0,safe
6,180,0_18,0,18,12.8827,80.4307,251.82,32.77,False,,0.0,4.0,6.27,4.057564335325134,0.4095736974765918,95.2,17.9,31.65,0.0,0.0,0.0,safe
7,210,0_18,0,18,12.8827,80.4307,263.1,31.98,False,,9.17,3.21,5.68,3.5112558561279625,0.3709244870937818,95.7,17.9,31.65,0.0,0.0,0.0,safe
8,240,0_18,0,18,12.8827,80.4307,257.89,14.96,False,,0.0,0.37,0.56,0.3443114826839825,0.0478015009552942,99.0,17.9,31.65,0.0,0.0,0.0,safe
9,270,0_18,0,18,12.8827,80.4307,263.19,13.07,False,,0.0,0.19,0.14,0.2026463943001443,0.0361904591356086,99.0,17.9,31.65,0.0,0.0,0.0,safe
10,300,0_18,0,18,12.8827,80.4307,261.46,30.15,False,,13.27,3.26,0.0,3.0227663486084757,0.3752262292136627,95.6,17.9,31.65,0.0,0.0,0.0,safe
11,330,0_18,0,18,12.8827,80.4307,257.84,-9.8,False,,0.0,0.0,4.76,0.0,0.0,99.0,17.9,31.65,0.0,0.0,0.0,safe
0,0,0_19,0,19,12.8827,80.4507,265.44,-8.59,False,,7.29,0.0,3.03,0.0,0.0,99.0,17.77,32.49,0.0,0.0,0.0,safe
1,30,0_19,0,19,12.8827,80.4507,263.44,25.5,False,,13.63,1.25,1.14,1.3502742796624931,0.1702979370611984,98.0,17.77,32.49,0.0,0.0,0.0,safe
2,60,0_19,0,19,12.8827,80.4507,259.09,25.36,False,,12.29,1.31,1.39,1.3543832120191588,0.1103518976143977,98.7,17.77,32.49,0.0,0.0,0.0,safe
3,90,0_19,0,19,12.8827,80.4507,260.95,24.96,False,,11.81,1.22,1.84,1.2918590990596603,0.1318209192301743,98.5,17.77,32.49,0.0,0.0,0.0,safe
4,120,0_19,0,19,12.8827,80.4507,251.77,33.47,False,,10.62,4.54,3.2,4.419416425419596,0.4019102586844146,95.3,17.77,32.49,0.0,0.0,0.0,safe
5,150,0_19,0,19,12.8827,80.4507,257.74,30.29,False,,0.0,2.47,1.55,2.613275049560358,0.2611923164934214,97.0,17.77,32.49,0.0,0.0,0.0,safe
6,180,0_19,0,19,12.8827,80.4507,257.58,24.07,False,,18.44,1.19,6.27,1.230993131982328,0.1731752250161756,98.0,17.77,32.49,0.0,0.0,0.0,safe
7,210,0_19,0,19,12.8827,80.4507,257.72,-8.12,False,,5.13,0.0,5.68,0.0,0.0,99.0,17.77,32.49,0.0,0.0,0.0,safe
8,240,0_19,0,19,12.8827,80.4507,257.19,30.67,False,,6.03,2.94,0.56,2.888283179566531,0.2389900697797176,97.2,17.77,32.49,0.0,0.0,0.0,safe
9,270,0_19,0,19,12.8827,80.4507,255.85,35.01,False,,9.7,5.23,0.14,5.325030006076539,0.5618302485295991,93.5,17.77,32.49,0.0,0.0,0.0,safe
10,300,0_19,0,19,12.8827,80.4507,261.93,-10.56,False,,16.7,0.0,0.0,0.0,0.0,99.0,17.77,32.49,0.0,0.0,0.0,safe
11,330,0_19,0,19,12.8827,80.4507,262.32,-7.31,False,,0.0,0.0,4.76,0.0,0.0,99.0,17.77,32.49,0.0,0.0,0.0,safe
0,0,1_0,1,0,12.9027,80.0707,220.44,52.81,False,,33.85,78.38,73.27,75.00966987766634,4.401618739761046,50.0,17.77,32.49,0.0,42.51966987766634,7.33,moderate
1,30,1_0,1,0,12.9027,80.0707,223.72,52.57,False,,54.87,62.92,58.74,63.44869510913541,2.226515778124113,74.1,17.77,32.49,0.0,30.958695109135405,12.23,moderate
2,60,1_0,1,0,12.9027,80.0707,236.3,50.41,False,,28.31,49.27,42.78,47.699478870888015,2.7102965046110405,68.5,17.77,32.49,0.0,15.209478870888013,13.82,moderate
3,90,1_0,1,0,12.9027,80.0707,235.78,47.5,False,,12.63,34.62,29.75,36.67403726136139,3.4881936015783426,59.4,17.77,32.49,0.0,4.184037261361389,13.1,moderate
4,120,1_0,1,0,12.9027,80.0707,245.44,43.04,False,,16.63,19.52,12.35,18.257321310025592,1.938377334792435,77.4,17.77,32.49,0.0,0.0,11.5,moderate
5,150,1_0,1,0,12.9027,80.0707,255.15,38.72,False,,11.22,10.58,10.5,9.811219357333323,0.8964012765799839,89.6,17.77,32.49,0.0,0.0,9.9,moderate
6,180,1_0,1,0,12.9027,80.0707,259.31,33.64,False,,4.46,5.28,0.33,4.369007191935904,0.6768277309738376,92.1,17.77,32.49,0.0,0.0,8.3,moderate
7,210,1_0,1,0,12.9027,80.0707,257.88,25.87,False,,0.0,1.83,3.33,1.7517661089990368,0.1294361645738743,98.5,17.77,32.49,0.0,0.0,6.7,moderate
8,240,1_0,1,0,12.9027,80.0707,262.05,14.53,False,,0.0,0.26,1.37,0.3055916666666671,0.0502201120346995,99.0,17.77,32.49,0.0,0.0,5.1,moderate
9,270,1_0,1,0,12.9027,80.0707,263.6,-9.0,False,,5.14,0.0,4.0,0.0,0.0,99.0,17.77,32.49,0.0,0.0,3.5,low
10,300,1_0,1,0,12.9027,80.0707,260.43,-10.24,False,,0.0,0.0,4.08,0.0,0.0,99.0,17.77,32.49,0.0,0.0,1.9,low
11,330,1_0,1,0,12.9027,80.0707,255.42,-10.52,False,,0.0,0.0,0.49,0.0,0.0,99.0,17.77,32.49,0.0,0.0,0.3,low
0,0,1_1,1,1,12.9027,80.0907,219.26,53.69,False,,47.78,79.86,83.34,79.75574595682112,1.3683245063975749,84.1,16.59,31.55,0.017635824874428607,48.20574595682112,8.57,moderate
1,30,1_1,1,1,12.9027,80.0907,214.37,54.45,False,,37.0,75.08,75.07,76.45012780454933,2.264173992841436,73.7,16.59,31.55,0.017635824874428607,44.90012780454933,16.44,high
2,60,1_1,1,1,12.9027,80.0907,231.26,50.44,False,,18.58,58.0,60.45,55.72233082803869,3.3445364422952637,61.1,16.59,31.55,0.017635824874428607,24.172330828038692,19.94,high
3,90,1_1,1,1,12.9027,80.0907,234.01,49.63,False,,16.7,41.93,43.81,43.407080794663536,2.9985495885321347,65.1,16.59,31.55,0.017635824874428607,11.857080794663535,20.84,high
4,120,1_1,1,1,12.9027,80.0907,243.27,45.86,False,,11.21,26.57,28.48,26.278317412164448,1.800093951931691,79.1,16.59,31.55,0.017635824874428607,0.0,19.24,high
5,150,1_1,1,1,12.9027,80.0907,255.71,42.02,False,,9.76,13.49,14.54,13.87379325826642,1.0714919483584997,87.5,16.59,31.55,0.017635824874428607,0.0,17.64,high
6,180,1_1,1,1,12.9027,80.0907,260.84,34.75,False,,0.0,5.7,11.38,5.720164793293688,0.3896106848052461,95.5,16.59,31.55,0.017635824874428607,0.0,16.04,high
7,210,1_1,1,1,12.9027,80.0907,260.47,31.53,False,,16.89,3.04,5.87,3.1877146270720425,0.2888886521644622,96.6,16.59,31.55,0.017635824874428607,0.0,14.44,moderate
8,240,1_1,1,1,12.9027,80.0907,257.25,31.21,False,,0.38,3.4,0.68,3.375680690740265,0.2694534850457512,96.9,16.59,31.55,0.017635824874428607,0.0,12.84,moderate
9,270,1_1,1,1,12.9027,80.0907,257.6,-8.45,False,,5.01,0.0,0.3,0.0,0.0,99.0,16.59,31.55,0.017635824874428607,0.0,11.24,moderate
10,300,1_1,1,1,12.9027,80.0907,256.04,35.94,False,,17.41,6.04,1.39,6.363104843584454,0.5642537805012531,93.4,16.59,31.55,0.017635824874428607,0.0,9.64,moderate
11,330,1_1,1,1,12.9027,80.0907,258.87,-8.59,False,,4.26,0.0,1.72,0.0,0.0,99.0,16.59,31.55,0.017635824874428607,0.0,8.04,moderate
0,0,1_2,1,2,12.9027,80.1107,216.12,55.15,True,83.34,35.95,84.29,83.34,82.36593893030609,3.487015928161449,59.4,15.83,30.65,0.45175495221604756,51.71593893030609,10.49,moderate
1,30,1_2,1,2,12.9027,80.1107,218.26,53.71,True,75.07,47.85,75.0,75.07,77.16449771095444,2.518313103847557,70.7,15.83,30.65,0.45175495221604756,46.51449771095444,19.76,high
2,60,1_2,1,2,12.9027,80.1107,226.37,52.68,True,60.45,35.17,62.1,60.45,62.93773763638201,2.309144975082892,73.1,15.83,30.65,0.45175495221604756,32.28773763638201,25.7,high
3,90,1_2,1,2,12.9027,80.1107,235.61,49.66,True,43.81,23.34,44.81,43.81,45.940872772709575,3.447239523133264,59.9,15.83,30.65,0.45175495221604756,15.290872772709577,27.68,high
4,120,1_2,1,2,12.9027,80.1107,243.92,43.84,True,28.48,8.45,29.05,28.48,26.466486344488867,3.448882813241135,59.9,15.83,30.65,0.45175495221604756,0.0,26.08,high
5,150,1_2,1,2,12.9027,80.1107,251.31,43.87,True,14.54,1.28,16.32,14.54,17.630656540686488,2.0631824464581228,76.0,15.83,30.65,0.45175495221604756,0.0,24.48,high
6,180,1_2,1,2,12.9027,80.1107,252.29,39.42,True,11.38,11.5,10.14,11.38,11.132798327686372,0.9961155606151986,88.4,15.83,30.65,0.45175495221604756,0.0,22.88,high
7,210,1_2,1,2,12.9027,80.1107,255.98,33.45,True,5.87,0.0,5.06,5.87,4.380684480532652,0.4946475828942864,94.2,15.83,30.65,0.45175495221604756,0.0,21.28,high
8,240,1_2,1,2,12.9027,80.1107,266.39,23.85,True,0.68,2.21,1.02,0.68,1.0881266679245851,0.1066438202951753,98.8,15.83,30.65,0.45175495221604756,0.0,19.68,high
9,270,1_2,1,2,12.9027,80.1107,258.12,17.01,True,0.3,4.99,0.42,0.3,0.4314624100720829,0.0423406139881447,99.0,15.83,30.65,0.45175495221604756,0.0,18.08,high
10,300,1_2,1,2,12.9027,80.1107,262.96,-8.63,True,1.39,7.07,0.0,1.39,0.0,0.0,99.0,15.83,30.65,0.45175495221604756,0.0,16.48,high
11,330,1_2,1,2,12.9027,80.1107,253.94,-9.76,True,1.72,8.88,0.0,1.72,0.0008,0.0112853887837327,99.0,15.83,30.65,0.45175495221604756,0.0,14.88,moderate
0,0,1_3,1,3,12.9027,80.1307,217.56,52.88,False,,41.07,81.71,83.34,80.75965130801302,3.462846935061717,59.7,16.31,29.82,0.0,50.93965130801302,9.1,moderate
1,30,1_3,1,3,12.9027,80.1307,220.33,53.74,False,,37.62,75.93,75.07,75.0646661324827,2.3078474218929763,73.1,16.31,29.82,0.0,45.2446661324827,17.0,high
2,60,1_3,1,3,12.9027,80.1307,222.96,52.52,False,,40.79,64.33,60.45,64.14003553237016,3.4081030825044154,60.3,16.31,29.82,0.0,34.32003553237016,22.61,high
3,90,1_3,1,3,12.9027,80.1307,232.1,51.25,False,,24.89,50.79,43.81,52.11988863470245,2.930071949853404,65.9,16.31,29.82,0.0,22.299888634702448,25.69,high
4,120,1_3,1,3,12.9027,80.1307,235.63,48.19,False,,14.64,35.2,28.48,36.7019263379738,2.6378982635595563,69.3,16.31,29.82,0.0,6.881926337973802,25.53,high
5,150,1_3,1,3,12.9027,80.1307,247.25,46.28,False,,5.47,22.81,14.54,24.452018381294103,2.392695392982592,72.2,16.31,29.82,0.0,0.0,23.93,high
6,180,1_3,1,3,12.9027,80.1307,249.22,40.85,False,,12.68,12.39,11.38,13.12420212158371,1.3458832050936431,84.3,16.31,29.82,0.0,0.0,22.33,high
7,210,1_3,1,3,12.9027,80.1307,258.71,39.52,False,,9.99,9.02,5.87,9.110000520563236,0.5169018805747583,94.0,16.31,29.82,0.0,0.0,20.73,high
8,240,1_3,1,3,12.9027,80.1307,258.36,26.99,False,,4.69,1.66,0.68,1.70115193750891,0.1478576829846387,98.3,16.31,29.82,0.0,0.0,19.13,high
9,270,1_3,1,3,12.9027,80.1307,259.8,17.5,False,,0.93,0.41,0.3,0.4589818718562133,0.0570701781805104,99.0,16.31,29.82,0.0,0.0,17.53,high
10,300,1_3,1,3,12.9027,80.1307,254.27,28.95,False,,15.73,2.05,1.39,2.1373636541235936,0.3247656022939791,96.2,16.31,29.82,0.0,0.0,15.93,high
11,330,1_3,1,3,12.9027,80.1307,258.98,-9.48,False,,10.67,0.0,1.72,0.0,0.0,99.0,16.31,29.82,0.0,0.0,14.33,moderate
0,0,1_4,1,4,12.9027,80.1507,222.2,53.7,False,,61.92,77.4,71.43,75.07628601207892,3.5556951354137905,58.6,15.04,29.06,0.0,46.01628601207892,8.06,moderate
1,30,1_4,1,4,12.9027,80.1507,218.84,53.03,False,,49.36,78.8,73.79,77.2365843679397,2.526460077926508,70.6,15.04,29.06,0.0,48.1765843679397,16.58,high
2,60,1_4,1,4,12.9027,80.1507,221.24,52.25,False,,40.34,67.88,66.65,68.59295127260494,2.5169202526799097,70.7,15.04,29.06,0.0,39.53295127260493,23.28,high
3,90,1_4,1,4,12.9027,80.1507,233.17,48.41,False,,16.59,51.81,55.44,49.67915045250438,3.6508175370630327,57.5,15.04,29.06,0.0,20.619150452504382,26.01,high
4,120,1_4,1,4,12.9027,80.1507,239.02,49.4,False,,16.29,37.81,39.19,39.25530083146026,2.528473069520784,70.6,15.04,29.06,0.0,10.195300831460262,26.55,high
5,150,1_4,1,4,12.9027,80.1507,251.87,45.72,False,,4.82,21.84,26.51,24.368967176549308,2.6688807911095367,68.9,15.04,29.06,0.0,0.0,24.95,high
6,180,1_4,1,4,12.9027,80.1507,256.17,40.45,False,,5.1,13.01,17.31,13.09082233364924,1.188840896761454,86.2,15.04,29.06,0.0,0.0,23.35,high
7,210,1_4,1,4,12.9027,80.1507,255.07,38.99,False,,10.63,9.66,7.81,9.902095040867914,0.7917058580656585,90.8,15.04,29.06,0.0,0.0,21.75,high
8,240,1_4,1,4,12.9027,80.1507,254.28,35.6,False,,8.39,6.56,4.65,6.398180237072803,0.4249389052684589,95.1,15.04,29.06,0.0,0.0,20.15,high
9,270,1_4,1,4,12.9027,80.1507,263.22,-8.0,False,,10.17,0.0,1.82,0.0,0.0,99.0,15.04,29.06,0.0,0.0,18.55,high
10,300,1_4,1,4,12.9027,80.1507,262.43,15.27,False,,7.38,0.31,0.0,0.3247881684981692,0.0432953660738039,99.0,15.04,29.06,0.0,0.0,16.95,high
11,330,1_4,1,4,12.9027,80.1507,258.65,26.37,False,,3.74,1.88,1.05,1.8216561722123,0.151486440764825,98.2,15.04,29.06,0.0,0.0,15.35,high
0,0,1_5,1,5,12.9027,80.1707,223.33,52.27,True,71.43,52.23,72.85,71.43,70.9882372796945,3.079375821928567,64.2,14.11,28.38,0.37600605423848776,42.60823727969451,8.19,moderate
1,30,1_5,1,5,12.9027,80.1707,221.46,54.81,True,73.79,37.38,73.25,73.79,74.61208805984297,2.832598534097617,67.0,14.11,28.38,0.37600605423848776,46.23208805984298,17.21,high
2,60,1_5,1,5,12.9027,80.1707,219.15,52.23,True,66.65,43.02,67.28,66.65,68.45486719432508,2.86430760165803,66.7,14.11,28.38,0.37600605423848776,40.07486719432508,24.82,high
3,90,1_5,1,5,12.9027,80.1707,232.64,51.79,True,55.44,19.51,55.31,55.44,55.1380296780219,3.206592307379418,62.7,14.11,28.38,0.37600605423848776,26.758029678021902,29.36,high
4,120,1_5,1,5,12.9027,80.1707,241.16,47.36,True,39.19,6.46,39.99,39.19,38.67019213399982,3.2733976903469384,61.9,14.11,28.38,0.37600605423848776,10.29019213399982,30.13,severe
5,150,1_5,1,5,12.9027,80.1707,246.1,47.34,True,26.51,12.31,26.91,26.51,28.046836642747166,1.744958866736301,79.7,14.11,28.38,0.37600605423848776,0.0,28.53,high
6,180,1_5,1,5,12.9027,80.1707,252.19,42.41,True,17.31,5.85,15.79,17.31,16.19705937215597,0.9993411557687006,88.4,14.11,28.38,0.37600605423848776,0.0,26.93,high
7,210,1_5,1,5,12.9027,80.1707,259.36,34.92,True,7.81,7.35,5.85,7.81,5.885887823764994,0.3402685492751002,96.0,14.11,28.38,0.37600605423848776,0.0,25.33,high
8,240,1_5,1,5,12.9027,80.1707,258.65,36.38,True,4.65,5.96,6.32,4.65,6.51041320136352,0.4591316330433859,94.7,14.11,28.38,0.37600605423848776,0.0,23.73,high
9,270,1_5,1,5,12.9027,80.1707,257.55,29.76,True,1.82,5.02,2.59,1.82,2.6158057840250546,0.2858864393903478,96.7,14.11,28.38,0.37600605423848776,0.0,22.13,high
10,300,1_5,1,5,12.9027,80.1707,260.31,22.53,True,0.0,2.58,1.0,0.0,0.9906010304966046,0.0902153189565391,99.0,14.11,28.38,0.37600605423848776,0.0,20.53,high
11,330,1_5,1,5,12.9027,80.1707,258.12,-8.36,True,1.05,15.4,0.0,1.05,0.0,0.0,99.0,14.11,28.38,0.37600605423848776,0.0,18.93,high
0,0,1_6,1,6,12.9027,80.1907,228.17,50.02,False,,57.48,64.11,71.43,57.82231335154074,4.149678828628545,51.7,14.23,27.8,0.0,30.022313351540742,4.7,low
1,30,1_6,1,6,12.9027,80.1907,224.01,52.28,False,,47.47,68.23,73.79,68.15130820061057,4.4178977234172025,50.0,14.23,27.8,0.0,40.351308200610575,11.58,moderate
2,60,1_6,1,6,12.9027,80.1907,224.88,49.84,False,,46.0,62.31,66.65,61.3160926374445,2.9831838808863047,65.3,14.23,27.8,0.0,33.5160926374445,17.02,high
3,90,1_6,1,6,12.9027,80.1907,234.4,49.86,False,,21.09,53.63,55.44,50.61368369870716,3.450400556689269,59.9,14.23,27.8,0.0,22.813683698707163,20.21,high
4,120,1_6,1,6,12.9027,80.1907,236.15,47.84,False,,33.62,41.57,39.19,40.80024615553548,1.8794714779809385,78.1,14.23,27.8,0.0,13.000246155535482,21.34,high
5,150,1_6,1,6,12.9027,80.1907,243.58,47.29,False,,26.72,28.79,26.51,28.699442571733236,1.981022484583938,77.0,14.23,27.8,0.0,0.8994425717332355,19.93,high
6,180,1_6,1,6,12.9027,80.1907,251.77,41.78,False,,7.32,16.22,17.31,15.77019050253428,0.9962686053531042,88.4,14.23,27.8,0.0,0.0,18.33,high
7,210,1_6,1,6,12.9027,80.1907,254.54,40.97,False,,13.32,10.63,7.81,11.669504861569589,0.950276790834762,88.9,14.23,27.8,0.0,0.0,16.73,high
8,240,1_6,1,6,12.9027,80.1907,255.06,34.31,False,,5.95,4.49,4.65,5.204450041908944,0.6874967990198229,92.0,14.23,27.8,0.0,0.0,15.13,high
9,270,1_6,1,6,12.9027,80.1907,253.7,34.13,False,,1.8,5.09,1.82,5.024815752757736,0.4813078836016371,94.4,14.23,27.8,0.0,0.0,13.53,moderate
10,300,1_6,1,6,12.9027,80.1907,261.47,27.33,False,,0.0,2.28,0.0,1.9582662623040048,0.3837133937112177,95.5,14.23,27.8,0.0,0.0,11.93,moderate
11,330,1_6,1,6,12.9027,80.1907,258.29,15.65,False,,0.0,0.39,1.05,0.3867178952119437,0.0297399351064829,99.0,14.23,27.8,0.0,0.0,10.33,moderate
0,0,1_7,1,7,12.9027,80.2107,228.3,51.08,False,,48.62,55.05,66.32,55.93882209319715,2.555013528149456,70.3,12.74,27.33,0.6898717494033573,28.608822093197155,5.44,moderate
1,30,1_7,1,7,12.9027,80.2107,222.93,51.06,False,,60.07,59.73,70.34,60.6750367600122,3.182626179524669,63.0,12.74,27.33,0.6898717494033573,33.3450367600122,12.05,moderate
2,60,1_7,1,7,12.9027,80.2107,222.68,51.03,False,,37.7,58.78,72.16,60.80981598703536,3.83128870124149,55.4,12.74,27.33,0.6898717494033573,33.47981598703536,18.7,high
3,90,1_7,1,7,12.9027,80.2107,227.05,50.92,False,,30.74,53.42,64.14,55.32662032113101,2.735665939846766,68.2,12.74,27.33,0.6898717494033573,27.99662032113101,23.99,high
4,120,1_7,1,7,12.9027,80.2107,236.44,49.62,False,,22.56,41.81,50.32,46.6632573512478,3.2515194037888704,62.2,12.74,27.33,0.6898717494033573,19.333257351247802,27.15,high
5,150,1_7,1,7,12.9027,80.2107,247.17,48.24,False,,18.66,28.61,36.77,30.79019331399763,3.364450888288001,60.9,12.74,27.33,0.6898717494033573,3.4601933139976317,26.4,high
6,180,1_7,1,7,12.9027,80.2107,246.26,43.38,False,,5.67,17.0,24.54,18.823457458625903,2.4712131275084377,71.2,12.74,27.33,0.6898717494033573,0.0,24.8,high
7,210,1_7,1,7,12.9027,80.2107,256.81,39.58,False,,4.59,11.84,17.35,11.305237233817406,1.035427685314488,88.0,12.74,27.33,0.6898717494033573,0.0,23.2,high
8,240,1_7,1,7,12.9027,80.2107,254.93,33.42,False,,7.91,5.78,7.71,4.7189854489013054,0.6442709660603015,92.5,12.74,27.33,0.6898717494033573,0.0,21.6,high
9,270,1_7,1,7,12.9027,80.2107,257.18,32.95,False,,16.14,3.09,3.01,3.643738337058744,0.5427456644641472,93.7,12.74,27.33,0.6898717494033573,0.0,20.0,high
10,300,1_7,1,7,12.9027,80.2107,265.38,-6.75,False,,13.74,0.0,3.21,0.0,0.0,99.0,12.74,27.33,0.6898717494033573,0.0,18.4,high
11,330,1_7,1,7,12.9027,80.2107,262.08,22.45,False,,2.66,0.97,0.0,0.9600455411615938,0.1053801536050676,98.8,12.74,27.33,0.6898717494033573,0.0,16.8,high
0,0,1_8,1,8,12.9027,80.2307,239.67,49.87,False,,47.79,45.28,36.24,42.90551225398764,3.52548334102826,59.0,12.45,26.99,0.0,15.91551225398764,1.74,low
1,30,1_8,1,8,12.9027,80.2307,226.68,50.51,False,,48.92,54.42,37.06,54.38499434340577,3.7134223212181023,56.8,12.45,26.99,0.0,27.394994343405774,5.9,moderate
2,60,1_8,1,8,12.9027,80.2307,232.4,52.53,False,,38.93,53.14,42.03,56.04073236831962,4.780540087705562,50.0,12.45,26.99,0.0,29.05073236831962,10.4,moderate
3,90,1_8,1,8,12.9027,80.2307,237.36,50.56,False,,32.47,48.09,36.07,47.69582930768715,2.2103449920252087,74.3,12.45,26.99,0.0,20.70582930768715,13.14,moderate
4,120,1_8,1,8,12.9027,80.2307,235.52,47.31,False,,17.94,38.94,29.81,37.91708337848453,2.4980554867498963,70.9,12.45,26.99,0.0,10.927083378484529,13.84,moderate
5,150,1_8,1,8,12.9027,80.2307,247.36,45.4,False,,6.04,28.21,18.8,26.06625898131169,1.9997052098156451,76.7,12.45,26.99,0.0,0.0,12.24,moderate
6,180,1_8,1,8,12.9027,80.2307,257.13,43.35,False,,9.14,17.52,14.22,17.801978440840163,1.3641283492419367,84.1,12.45,26.99,0.0,0.0,10.64,moderate
7,210,1_8,1,8,12.9027,80.2307,253.52,41.13,False,,6.89,13.68,8.03,12.606811380747226,0.9291312360120808,89.2,12.45,26.99,0.0,0.0,9.04,moderate
8,240,1_8,1,8,12.9027,80.2307,256.62,34.99,False,,0.37,6.55,4.5,6.312818293446872,0.4858543582264044,94.3,12.45,26.99,0.0,0.0,7.44,moderate
9,270,1_8,1,8,12.9027,80.2307,260.51,26.87,False,,0.0,1.96,0.0,1.8852332728952543,0.2192244986523863,97.4,12.45,26.99,0.0,0.0,5.84,moderate
10,300,1_8,1,8,12.9027,80.2307,250.88,-8.82,False,,18.0,0.0,0.51,0.0008,0.0112853887837327,99.0,12.45,26.99,0.0,0.0,4.24,low
11,330,1_8,1,8,12.9027,80.2307,258.48,27.63,False,,2.73,1.55,0.0,1.7859678171970963,0.3117228406704846,96.4,12.45,26.99,0.0,0.0,2.64,low
0,0,1_9,1,9,12.9027,80.2507,237.3,47.4,False,,31.64,35.88,36.24,38.89839070559016,4.060357409044469,52.8,10.31,26.77,0.2002927560862222,12.12839070559016,1.07,low
1,30,1_9,1,9,12.9027,80.2507,236.18,50.09,False,,26.2,40.73,37.06,44.41313539931203,2.3690676488409426,72.4,10.31,26.77,0.2002927560862222,17.643135399312033,3.37,low
2,60,1_9,1,9,12.9027,80.2507,232.44,49.54,False,,28.71,45.89,42.03,48.46176003368858,4.512144836535007,50.0,10.31,26.77,0.2002927560862222,21.691760033688578,6.55,moderate
3,90,1_9,1,9,12.9027,80.2507,242.03,47.08,False,,39.05,44.52,36.07,40.46486067366223,5.861734605835113,50.0,10.31,26.77,0.2002927560862222,13.69486067366223,7.97,moderate
4,120,1_9,1,9,12.9027,80.2507,241.21,47.62,False,,5.21,38.73,29.81,35.89166168385737,3.5761267407178634,58.4,10.31,26.77,0.2002927560862222,9.121661683857372,8.38,moderate
5,150,1_9,1,9,12.9027,80.2507,240.54,45.45,False,,17.79,27.92,18.8,27.94291181536916,1.684425079211713,80.4,10.31,26.77,0.2002927560862222,1.1729118153691616,7.04,moderate
6,180,1_9,1,9,12.9027,80.2507,251.88,43.19,False,,17.98,18.24,14.22,17.861529291855692,1.319230143115563,84.7,10.31,26.77,0.2002927560862222,0.0,5.44,moderate
7,210,1_9,1,9,12.9027,80.2507,255.01,40.93,False,,1.88,12.04,8.03,12.221749013627834,0.6498873370099734,92.4,10.31,26.77,0.2002927560862222,0.0,3.84,low
8,240,1_9,1,9,12.9027,80.2507,257.52,39.11,False,,0.0,8.89,4.5,9.168520759612658,0.7576112844662038,91.2,10.31,26.77,0.2002927560862222,0.0,2.24,low
9,270,1_9,1,9,12.9027,80.2507,259.05,36.58,False,,0.0,6.37,0.0,6.818089007229841,0.8077464404410669,90.6,10.31,26.77,0.2002927560862222,0.0,0.64,low
10,300,1_9,1,9,12.9027,80.2507,262.62,31.38,False,,17.35,2.81,0.51,2.9302061479745745,0.2357234811971834,97.3,10.31,26.77,0.2002927560862222,0.0,0.0,safe
11,330,1_9,1,9,12.9027,80.2507,263.93,-9.75,False,,0.0,0.0,0.0,0.0,0.0,99.0,10.31,26.77,0.2002927560862222,0.0,0.0,safe
0,0,1_10,1,10,12.9027,80.2707,240.1,45.64,True,30.64,30.85,31.41,30.64,30.167849530560364,2.4327399413497672,71.7,8.73,26.7,0.7458118491937444,3.4678495305603647,0.0,safe
1,30,1_10,1,10,12.9027,80.2707,244.98,48.38,True,34.73,41.54,35.32,34.73,35.221958264703005,1.896038290712018,77.9,8.73,26.7,0.7458118491937444,8.521958264703006,0.52,low
2,60,1_10,1,10,12.9027,80.2707,246.11,47.65,True,39.97,21.29,39.93,39.97,36.03232144559319,4.123805588508339,52.0,8.73,26.7,0.7458118491937444,9.332321445593191,1.25,low
3,90,1_10,1,10,12.9027,80.2707,238.74,48.33,True,40.19,26.27,39.09,40.19,38.92257924275079,2.5527729854917114,70.3,8.73,26.7,0.7458118491937444,12.222579242750793,2.69,low
4,120,1_10,1,10,12.9027,80.2707,238.61,45.99,True,34.67,14.85,34.22,34.67,33.96085318882876,2.68288698160082,68.8,8.73,26.7,0.7458118491937444,7.260853188828758,2.9,low
5,150,1_10,1,10,12.9027,80.2707,245.59,47.23,True,29.85,27.11,28.25,29.85,28.970720721130505,1.8063642218250655,79.0,8.73,26.7,0.7458118491937444,2.2707207211305054,1.87,low
6,180,1_10,1,10,12.9027,80.2707,249.13,42.38,True,20.56,14.99,21.37,20.56,19.719331542909103,2.113242864059511,75.4,8.73,26.7,0.7458118491937444,0.0,0.27,low
7,210,1_10,1,10,12.9027,80.2707,252.78,40.18,True,10.8,8.6,11.68,10.8,11.588007935885525,1.243020571242867,85.5,8.73,26.7,0.7458118491937444,0.0,0.0,safe
8,240,1_10,1,10,12.9027,80.2707,253.88,35.79,True,6.15,1.33,6.67,6.15,6.577627102410175,0.3989453931762315,95.4,8.73,26.7,0.7458118491937444,0.0,0.0,safe
9,270,1_10,1,10,12.9027,80.2707,256.73,34.69,True,4.59,3.74,6.71,4.59,6.223349149924412,0.6862408450428268,92.0,8.73,26.7,0.7458118491937444,0.0,0.0,safe
10,300,1_10,1,10,12.9027,80.2707,252.54,32.77,True,4.22,0.0,3.44,4.22,3.7658582903666407,0.4422443978021758,94.9,8.73,26.7,0.7458118491937444,0.0,0.0,safe
11,330,1_10,1,10,12.9027,80.2707,253.2,3.59,True,1.1,8.35,0.05,1.1,0.0676599999999999,0.0424057118794154,99.0,8.73,26.7,0.7458118491937444,0.0,0.0,safe
0,0,1_11,1,11,12.9027,80.2907,243.18,42.92,False,,34.6,21.84,30.64,20.603116358225133,2.5916166819530937,69.8,9.13,26.77,0.05561566951189434,0.0,0.0,safe
1,30,1_11,1,11,12.9027,80.2907,244.46,46.96,False,,35.11,26.96,34.73,28.47325905555557,2.8166433393339525,67.2,9.13,26.77,0.05561566951189434,1.70325905555557,0.0,safe
2,60,1_11,1,11,12.9027,80.2907,246.18,45.27,False,,29.94,27.84,39.97,26.282208481796,2.8103676674171565,67.3,9.13,26.77,0.05561566951189434,0.0,0.0,safe
3,90,1_11,1,11,12.9027,80.2907,247.88,44.87,False,,44.22,30.68,40.19,24.864502221243065,2.514993562983189,70.7,9.13,26.77,0.05561566951189434,0.0,0.0,safe
4,120,1_11,1,11,12.9027,80.2907,244.51,47.45,False,,27.27,29.97,34.67,30.71214982492508,2.571856035339586,70.1,9.13,26.77,0.05561566951189434,3.9421498249250817,0.0,safe
5,150,1_11,1,11,12.9027,80.2907,251.17,45.88,False,,19.86,21.04,29.85,25.03834460310885,2.5677298350175635,70.1,9.13,26.77,0.05561566951189434,0.0,0.0,safe
6,180,1_11,1,11,12.9027,80.2907,253.32,42.5,False,,15.68,17.87,20.56,17.303320812230105,1.684626264284805,80.4,9.13,26.77,0.05561566951189434,0.0,0.0,safe
7,210,1_11,1,11,12.9027,80.2907,251.82,40.35,False,,0.0,10.71,10.8,11.571800308069133,0.9758551477132554,88.6,9.13,26.77,0.05561566951189434,0.0,0.0,safe
8,240,1_11,1,11,12.9027,80.2907,254.92,36.86,False,,13.95,7.06,6.15,7.206582329139645,0.4093856733984243,95.2,9.13,26.77,0.05561566951189434,0.0,0.0,safe
9,270,1_11,1,11,12.9027,80.2907,257.2,35.41,False,,14.93,5.89,4.59,6.034736175097305,0.5231062783393937,93.9,9.13,26.77,0.05561566951189434,0.0,0.0,safe
10,300,1_11,1,11,12.9027,80.2907,261.92,17.95,False,,2.89,0.48,4.22,0.4879759605635592,0.0473913004068062,99.0,9.13,26.77,0.05561566951189434,0.0,0.0,safe
11,330,1_11,1,11,12.9027,80.2907,262.85,27.83,False,,5.0,2.19,1.1,2.119457908593546,0.2215626362090564,97.4,9.13,26.77,0.05561566951189434,0.0,0.0,safe
0,0,1_12,1,12,12.9027,80.3107,253.64,42.35,False,,15.52,15.83,11.59,15.854278473623928,0.9792132551208584,88.6,9.75,26.99,0.9304474267797556,0.0,0.0,safe
1,30,1_12,1,12,12.9027,80.3107,246.98,45.11,False,,25.67,25.76,9.93,23.33060168358864,2.79118824315748,67.5,9.75,26.99,0.9304474267797556,0.0,0.0,safe
2,60,1_12,1,12,12.9027,80.3107,246.09,44.07,False,,18.38,23.55,16.49,21.65917622091856,1.9148926598346976,77.7,9.75,26.99,0.9304474267797556,0.0,0.0,safe
3,90,1_12,1,12,12.9027,80.3107,242.88,45.19,False,,10.5,24.33,19.91,25.041805835629532,1.803917793224119,79.0,9.75,26.99,0.9304474267797556,0.0,0.0,safe
4,120,1_12,1,12,12.9027,80.3107,247.97,45.85,False,,21.22,26.12,24.41,25.040911397661457,1.70607380738107,80.2,9.75,26.99,0.9304474267797556,0.0,0.0,safe
5,150,1_12,1,12,12.9027,80.3107,247.0,44.07,False,,9.35,19.83,12.12,20.53372092327527,1.6892787138703722,80.3,9.75,26.99,0.9304474267797556,0.0,0.0,safe
6,180,1_12,1,12,12.9027,80.3107,253.22,43.04,False,,11.07,17.07,14.48,16.920042933238076,1.272502869775262,85.2,9.75,26.99,0.9304474267797556,0.0,0.0,safe
7,210,1_12,1,12,12.9027,80.3107,257.74,40.9,False,,0.0,11.73,9.66,12.098996601662591,0.8295587211382531,90.3,9.75,26.99,0.9304474267797556,0.0,0.0,safe
8,240,1_12,1,12,12.9027,80.3107,260.39,38.32,False,,13.27,8.24,6.63,8.383891477026625,0.8297316990806655,90.3,9.75,26.99,0.9304474267797556,0.0,0.0,safe
9,270,1_12,1,12,12.9027,80.3107,256.68,34.16,False,,0.0,5.52,2.7,5.182521305329032,0.6403397854527149,92.5,9.75,26.99,0.9304474267797556,0.0,0.0,safe
10,300,1_12,1,12,12.9027,80.3107,262.13,24.62,False,,14.3,1.4,0.0,1.3906446268764,0.1124559626526028,98.7,9.75,26.99,0.9304474267797556,0.0,0.0,safe
11,330,1_12,1,12,12.9027,80.3107,258.09,-6.76,False,,17.27,0.0,2.16,0.0,0.0,99.0,9.75,26.99,0.9304474267797556,0.0,0.0,safe
0,0,1_13,1,13,12.9027,80.3307,252.28,40.38,True,11.59,32.55,11.6,11.59,11.804213663415773,1.1938548539161364,86.1,12.43,27.33,0.0,0.0,0.0,safe
1,30,1_13,1,13,12.9027,80.3307,257.85,40.22,True,9.93,15.47,11.24,9.93,11.302361086717806,1.000113363815954,88.4,12.43,27.33,0.0,0.0,0.0,safe
2,60,1_13,1,13,12.9027,80.3307,242.01,42.7,True,16.49,13.21,17.58,16.49,18.79998390756305,2.43774492667228,71.6,12.43,27.33,0.0,0.0,0.0,safe
3,90,1_13,1,13,12.9027,80.3307,250.15,43.58,True,19.91,28.24,18.67,19.91,19.02927126279202,1.5431352672364114,82.0,12.43,27.33,0.0,0.0,0.0,safe
4,120,1_13,1,13,12.9027,80.3307,241.91,45.1,True,24.41,14.63,24.72,24.41,25.911329323982056,2.110046696991902,75.5,12.43,27.33,0.0,0.0,0.0,safe
5,150,1_13,1,13,12.9027,80.3307,251.33,39.65,True,12.12,28.26,13.33,12.12,12.577830611529803,1.1821413673380656,86.2,12.43,27.33,0.0,0.0,0.0,safe
6,180,1_13,1,13,12.9027,80.3307,251.25,40.72,True,14.48,0.0,13.62,14.48,14.011464119494056,1.0382277773383275,87.9,12.43,27.33,0.0,0.0,0.0,safe
7,210,1_13,1,13,12.9027,80.3307,253.1,39.55,True,9.66,6.57,9.49,9.66,10.373388496711812,0.8694063949127345,89.9,12.43,27.33,0.0,0.0,0.0,safe
8,240,1_13,1,13,12.9027,80.3307,257.58,36.88,True,6.63,1.12,6.46,6.63,6.892190186718316,0.5267594731754096,93.9,12.43,27.33,0.0,0.0,0.0,safe
9,270,1_13,1,13,12.9027,80.3307,258.05,30.56,True,2.7,5.87,2.98,2.7,2.893829292606249,0.2641025712752401,96.9,12.43,27.33,0.0,0.0,0.0,safe
10,300,1_13,1,13,12.9027,80.3307,265.89,-8.76,True,0.0,0.0,0.0,0.0,0.0,0.0,99.0,12.43,27.33,0.0,0.0,0.0,safe
11,330,1_13,1,13,12.9027,80.3307,257.47,30.01,True,2.16,11.33,2.14,2.16,2.507567503943496,0.4336046997878935,95.0,12.43,27.33,0.0,0.0,0.0,safe
0,0,1_14,1,14,12.9027,80.3507,255.18,35.55,False,,18.21,6.72,11.59,6.566676812920056,0.7106820033758737,91.7,13.25,27.8,0.6931397537022104,0.0,0.0,safe
1,30,1_14,1,14,12.9027,80.3507,253.02,36.7,False,,17.39,7.2,9.93,7.356205711435573,0.6181973371561397,92.8,13.25,27.8,0.6931397537022104,0.0,0.0,safe
2,60,1_14,1,14,12.9027,80.3507,252.26,39.72,False,,23.5,12.9,16.49,12.947360713676966,1.0092229122801613,88.3,13.25,27.8,0.6931397537022104,0.0,0.0,safe
3,90,1_14,1,14,12.9027,80.3507,245.07,40.87,False,,24.57,17.1,19.91,16.399654303376334,1.51418307901032,82.4,13.25,27.8,0.6931397537022104,0.0,0.0,safe
4,120,1_14,1,14,12.9027,80.3507,250.14,41.45,False,,16.9,17.36,24.41,17.169834397922415,0.9084507445915554,89.4,13.25,27.8,0.6931397537022104,0.0,0.0,safe
5,150,1_14,1,14,12.9027,80.3507,253.94,42.82,False,,29.75,14.67,12.12,14.941558548168814,1.10678765913351,87.1,13.25,27.8,0.6931397537022104,0.0,0.0,safe
6,180,1_14,1,14,12.9027,80.3507,250.16,42.94,False,,3.69,14.39,14.48,15.707625124299444,1.625248409367953,81.1,13.25,27.8,0.6931397537022104,0.0,0.0,safe
7,210,1_14,1,14,12.9027,80.3507,253.39,39.65,False,,5.43,10.58,9.66,10.787468000277531,1.1244175066584914,86.9,13.25,27.8,0.6931397537022104,0.0,0.0,safe
8,240,1_14,1,14,12.9027,80.3507,257.81,33.81,False,,0.0,4.2,6.63,4.527298269524643,0.5144262102311765,94.0,13.25,27.8,0.6931397537022104,0.0,0.0,safe
9,270,1_14,1,14,12.9027,80.3507,259.02,30.22,False,,0.0,3.03,2.7,2.7902103267027987,0.397845911223161,95.4,13.25,27.8,0.6931397537022104,0.0,0.0,safe
10,300,1_14,1,14,12.9027,80.3507,262.3,21.02,False,,5.42,0.72,0.0,0.7695337843477471,0.07653673589632,99.0,13.25,27.8,0.6931397537022104,0.0,0.0,safe
11,330,1_14,1,14,12.9027,80.3507,262.25,9.81,False,,7.79,0.17,2.16,0.1759041666666673,0.022889459227994,99.0,13.25,27.8,0.6931397537022104,0.0,0.0,safe
0,0,1_15,1,15,12.9027,80.3707,257.86,35.21,False,,27.85,5.63,4.41,5.771227042673174,0.4518659091408302,94.7,15.23,28.38,0.0,0.0,0.0,safe
1,30,1_15,1,15,12.9027,80.3707,257.11,39.32,False,,25.16,9.67,6.6,10.00206470369659,0.8988619597494832,89.5,15.23,28.38,0.0,0.0,0.0,safe
2,60,1_15,1,15,12.9027,80.3707,256.24,38.11,False,,8.97,8.38,7.6,8.632546200554257,0.9613121554165952,88.8,15.23,28.38,0.0,0.0,0.0,safe
3,90,1_15,1,15,12.9027,80.3707,248.67,39.65,False,,14.98,12.74,9.56,12.581940010822343,1.4104699487497523,83.6,15.23,28.38,0.0,0.0,0.0,safe
4,120,1_15,1,15,12.9027,80.3707,253.38,41.12,False,,15.47,11.37,10.74,12.080862393126788,1.1558459847845302,86.6,15.23,28.38,0.0,0.0,0.0,safe
5,150,1_15,1,15,12.9027,80.3707,247.59,40.45,False,,8.52,14.21,8.12,13.382813643650977,1.04734204111631,87.8,15.23,28.38,0.0,0.0,0.0,safe
6,180,1_15,1,15,12.9027,80.3707,256.66,38.67,False,,17.02,11.72,7.91,10.282783815878432,1.3197986896468428,84.6,15.23,28.38,0.0,0.0,0.0,safe
7,210,1_15,1,15,12.9027,80.3707,259.8,29.89,False,,0.0,3.11,2.97,2.832623301475885,0.3189087061425027,96.3,15.23,28.38,0.0,0.0,0.0,safe
8,240,1_15,1,15,12.9027,80.3707,258.66,32.82,False,,0.0,4.51,1.8,4.174457832311503,0.3839035379254315,95.5,15.23,28.38,0.0,0.0,0.0,safe
9,270,1_15,1,15,12.9027,80.3707,259.96,32.04,False,,12.95,3.29,3.69,3.45950106532428,0.313362243041738,96.4,15.23,28.38,0.0,0.0,0.0,safe
10,300,1_15,1,15,12.9027,80.3707,259.58,30.68,False,,7.14,2.83,3.04,2.937869903779484,0.2913008436739913,96.6,15.23,28.38,0.0,0.0,0.0,safe
11,330,1_15,1,15,12.9027,80.3707,257.81,-7.24,False,,5.25,0.0,0.0,0.0,0.0,99.0,15.23,28.38,0.0,0.0,0.0,safe
0,0,1_16,1,16,12.9027,80.3907,261.77,32.2,False,,4.39,4.18,4.4,3.8718896369501583,0.3733158340336514,95.7,15.5,29.06,0.4921012457592866,0.0,0.0,safe
1,30,1_16,1,16,12.9027,80.3907,251.52,34.44,False,,6.87,4.58,6.57,5.093496539172291,0.8302391783583897,90.3,15.5,29.06,0.4921012457592866,0.0,0.0,safe
2,60,1_16,1,16,12.9027,80.3907,259.22,29.48,False,,10.52,2.3,8.17,2.4626537027054063,0.2615301376622381,97.0,15.5,29.06,0.4921012457592866,0.0,0.0,safe
3,90,1_16,1,16,12.9027,80.3907,254.0,37.6,False,,22.41,8.46,10.86,8.412827688059295,0.7200982997682479,91.6,15.5,29.06,0.4921012457592866,0.0,0.0,safe
4,120,1_16,1,16,12.9027,80.3907,255.34,37.59,False,,7.62,8.21,10.42,8.411258193155444,0.6811848314003677,92.1,15.5,29.06,0.4921012457592866,0.0,0.0,safe
5,150,1_16,1,16,12.9027,80.3907,250.25,37.15,False,,12.32,9.7,11.07,8.721090984335627,1.0037394049369728,88.3,15.5,29.06,0.4921012457592866,0.0,0.0,safe
6,180,1_16,1,16,12.9027,80.3907,259.82,39.97,False,,0.0,9.91,11.92,10.52198402762583,0.9327935789367674,89.1,15.5,29.06,0.4921012457592866,0.0,0.0,safe
7,210,1_16,1,16,12.9027,80.3907,256.7,32.76,False,,8.8,5.4,5.35,4.664681769235416,0.666905227289119,92.2,15.5,29.06,0.4921012457592866,0.0,0.0,safe
8,240,1_16,1,16,12.9027,80.3907,257.99,31.94,False,,9.04,3.73,7.33,3.7375574007261383,0.3516633712236334,95.9,15.5,29.06,0.4921012457592866,0.0,0.0,safe
9,270,1_16,1,16,12.9027,80.3907,257.78,33.58,False,,13.79,4.85,4.93,4.693034824478026,0.3265519127064714,96.2,15.5,29.06,0.4921012457592866,0.0,0.0,safe
10,300,1_16,1,16,12.9027,80.3907,255.58,24.08,False,,4.55,0.94,5.13,1.0940938568044265,0.2005880739290663,97.7,15.5,29.06,0.4921012457592866,0.0,0.0,safe
11,330,1_16,1,16,12.9027,80.3907,257.34,28.74,False,,14.36,2.1,6.38,2.195327634809992,0.2608942705250157,97.0,15.5,29.06,0.4921012457592866,0.0,0.0,safe
0,0,1_17,1,17,12.9027,80.4107,260.58,20.8,False,,0.0,0.76,0.0,0.770141119284053,0.0648343741577814,99.0,17.11,29.82,0.0,0.0,0.0,safe
1,30,1_17,1,17,12.9027,80.4107,260.35,29.79,False,,0.0,2.43,2.78,2.603790623853701,0.3635629586464912,95.8,17.11,29.82,0.0,0.0,0.0,safe
2,60,1_17,1,17,12.9027,80.4107,256.82,32.8,False,,2.24,3.74,3.88,3.894450634757392,0.288795830060045,96.6,17.11,29.82,0.0,0.0,0.0,safe
3,90,1_17,1,17,12.9027,80.4107,257.64,30.01,False,,14.79,2.47,9.71,2.7119281996957967,0.4060847017719082,95.3,17.11,29.82,0.0,0.0,0.0,safe
4,120,1_17,1,17,12.9027,80.4107,253.52,37.18,False,,3.78,7.62,5.4,7.5632524540504384,0.5490905751496202,93.6,17.11,29.82,0.0,0.0,0.0,safe
5,150,1_17,1,17,12.9027,80.4107,257.7,37.6,False,,11.33,6.82,8.97,7.365518612125328,0.8493762141444688,90.1,17.11,29.82,0.0,0.0,0.0,safe
6,180,1_17,1,17,12.9027,80.4107,259.19,34.86,False,,16.75,5.41,7.42,5.882052581824582,0.5725691000588892,93.3,17.11,29.82,0.0,0.0,0.0,safe
7,210,1_17,1,17,12.9027,80.4107,260.0,34.98,False,,15.26,6.67,8.29,5.7200388829636495,0.451310757692153,94.7,17.11,29.82,0.0,0.0,0.0,safe
8,240,1_17,1,17,12.9027,80.4107,256.55,32.97,False,,10.03,3.84,7.5,4.335511565541441,0.6484534609438939,92.5,17.11,29.82,0.0,0.0,0.0,safe
9,270,1_17,1,17,12.9027,80.4107,262.07,-7.35,False,,0.0,0.0,6.21,0.0,0.0,99.0,17.11,29.82,0.0,0.0,0.0,safe
10,300,1_17,1,17,12.9027,80.4107,256.61,22.1,False,,14.69,0.95,2.96,0.9323086607265282,0.0691470758106944,99.0,17.11,29.82,0.0,0.0,0.0,safe
11,330,1_17,1,17,12.9027,80.4107,259.68,-8.78,False,,16.14,0.0,0.05,0.0,0.0,99.0,17.11,29.82,0.0,0.0,0.0,safe
0,0,1_18,1,18,12.9027,80.4307,262.23,21.0,False,,26.99,0.81,3.03,0.8197095433243234,0.1036035256739437,98.8,17.81,30.65,0.0,0.0,0.0,safe
1,30,1_18,1,18,12.9027,80.4307,255.42,33.53,False,,4.65,4.14,1.14,4.228834127366183,0.591935271795556,93.1,17.81,30.65,0.0,0.0,0.0,safe
2,60,1_18,1,18,12.9027,80.4307,262.45,24.12,False,,0.0,1.24,1.39,1.112207321548822,0.1272876298498919,98.5,17.81,30.65,0.0,0.0,0.0,safe
3,90,1_18,1,18,12.9027,80.4307,251.59,30.75,False,,10.13,2.74,1.84,2.9363429451767904,0.3203762157027532,96.3,17.81,30.65,0.0,0.0,0.0,safe
4,120,1_18,1,18,12.9027,80.4307,259.89,32.44,False,,0.0,3.94,3.2,3.882194783039288,0.2749839010933367,96.8,17.81,30.65,0.0,0.0,0.0,safe
5,150,1_18,1,18,12.9027,80.4307,257.62,31.48,False,,5.24,3.36,1.55,3.4331887260363447,0.2893420811242785,96.6,17.81,30.65,0.0,0.0,0.0,safe
6,180,1_18,1,18,12.9027,80.4307,255.67,31.38,False,,15.53,3.27,6.27,3.414444161397238,0.2529297214336661,97.1,17.81,30.65,0.0,0.0,0.0,safe
7,210,1_18,1,18,12.9027,80.4307,256.38,29.89,False,,19.96,2.56,5.68,2.709629893766204,0.3124627938010342,96.4,17.81,30.65,0.0,0.0,0.0,safe
8,240,1_18,1,18,12.9027,80.4307,256.14,30.99,False,,0.71,2.64,0.56,3.2839033609475234,0.4182127217417088,95.1,17.81,30.65,0.0,0.0,0.0,safe
9,270,1_18,1,18,12.9027,80.4307,256.03,32.34,False,,4.77,3.9,0.14,3.70342917895071,0.4330259773194226,95.0,17.81,30.65,0.0,0.0,0.0,safe
10,300,1_18,1,18,12.9027,80.4307,261.65,30.8,False,,6.53,2.24,0.0,2.4887669085775834,0.3529881338378272,95.9,17.81,30.65,0.0,0.0,0.0,safe
11,330,1_18,1,18,12.9027,80.4307,259.69,27.39,False,,0.0,2.0,4.76,1.965802754646669,0.2539760323366559,97.0,17.81,30.65,0.0,0.0,0.0,safe
0,0,1_19,1,19,12.9027,80.4507,261.91,30.69,True,3.03,12.39,2.8,3.03,2.9309627217225223,0.3531521752340241,95.9,17.6,31.55,0.12686812763427824,0.0,0.0,safe
1,30,1_19,1,19,12.9027,80.4507,259.95,26.69,True,1.14,0.0,1.65,1.14,1.6342213929075415,0.137729636601715,98.4,17.6,31.55,0.12686812763427824,0.0,0.0,safe
2,60,1_19,1,19,12.9027,80.4507,259.45,25.45,True,1.39,1.63,1.54,1.39,1.4844808575186723,0.1250046214677405,98.5,17.6,31.55,0.12686812763427824,0.0,0.0,safe
3,90,1_19,1,19,12.9027,80.4507,260.25,32.46,True,1.84,6.42,4.54,1.84,4.142339889324581,0.4066799598021414,95.3,17.6,31.55,0.12686812763427824,0.0,0.0,safe
4,120,1_19,1,19,12.9027,80.4507,261.14,28.97,True,3.2,9.18,2.1,3.2,2.1815772281937966,0.2373712700349055,97.2,17.6,31.55,0.12686812763427824,0.0,0.0,safe
5,150,1_19,1,19,12.9027,80.4507,255.42,23.71,True,1.55,15.0,1.7,1.55,1.5131882680753426,0.2748296999545771,96.8,17.6,31.55,0.12686812763427824,0.0,0.0,safe
6,180,1_19,1,19,12.9027,80.4507,260.51,34.51,True,6.27,16.52,4.47,6.27,5.25982467403157,0.7778936612475622,90.9,17.6,31.55,0.12686812763427824,0.0,0.0,safe
7,210,1_19,1,19,12.9027,80.4507,254.19,34.02,True,5.68,8.72,4.36,5.68,4.647406703322277,0.5288241400181382,93.8,17.6,31.55,0.12686812763427824,0.0,0.0,safe
8,240,1_19,1,19,12.9027,80.4507,260.07,15.7,True,0.56,0.0,0.38,0.56,0.3878319154972138,0.0267935066485667,99.0,17.6,31.55,0.12686812763427824,0.0,0.0,safe
9,270,1_19,1,19,12.9027,80.4507,262.87,23.27,True,0.14,14.59,1.19,0.14,1.1251783219507103,0.1418901795785807,98.3,17.6,31.55,0.12686812763427824,0.0,0.0,safe
10,300,1_19,1,19,12.9027,80.4507,261.67,18.09,True,0.0,7.3,0.5,0.0,0.5076107373620531,0.0540857674615836,99.0,17.6,31.55,0.12686812763427824,0.0,0.0,safe
11,330,1_19,1,19,12.9027,80.4507,263.23,30.89,True,4.76,7.13,2.79,4.76,2.904576425309285,0.4115349034122917,95.2,17.6,31.55,0.12686812763427824,0.0,0.0,safe
0,0,2_0,2,0,12.9227,80.0707,218.67,55.48,False,,51.93,79.64,73.27,78.54612194938365,2.0985704736333326,75.6,16.79,31.65,0.0,46.89612194938365,8.25,moderate
1,30,2_0,2,0,12.9227,80.0707,220.46,50.68,False,,49.65,69.89,58.74,68.59670307106282,3.331329578721694,61.2,16.79,31.65,0.0,36.94670307106282,14.41,moderate
2,60,2_0,2,0,12.9227,80.0707,230.53,50.59,False,,22.43,54.12,42.78,52.48701020733775,3.244903280031518,62.2,16.79,31.65,0.0,20.837010207337748,17.18,high
3,90,2_0,2,0,12.9227,80.0707,241.21,49.69,False,,16.52,39.07,29.75,38.62513341530459,2.8583844698471768,66.7,16.79,31.65,0.0,6.97513341530459,17.05,high
4,120,2_0,2,0,12.9227,80.0707,239.11,44.26,False,,4.41,26.12,12.35,25.451746932234396,3.621411143595629,57.9,16.79,31.65,0.0,0.0,15.45,high
5,150,2_0,2,0,12.9227,80.0707,256.76,41.05,False,,2.12,13.45,10.5,12.827570869650618,1.044895850575394,87.8,16.79,31.65,0.0,0.0,13.85,moderate
6,180,2_0,2,0,12.9227,80.0707,255.9,37.83,False,,14.31,8.78,0.33,8.47294999976491,0.7605704989724543,91.2,16.79,31.65,0.0,0.0,12.25,moderate
7,210,2_0,2,0,12.9227,80.0707,259.7,30.33,False,,0.0,2.9,3.33,2.8744518772311745,0.3837670181869889,95.5,16.79,31.65,0.0,0.0,10.65,moderate
8,240,2_0,2,0,12.9227,80.0707,257.37,29.38,False,,9.98,2.29,1.37,2.374562284284432,0.2274537619047621,97.4,16.79,31.65,0.0,0.0,9.05,moderate
9,270,2_0,2,0,12.9227,80.0707,257.02,-7.35,False,,14.15,0.0,4.0,0.0,0.0,99.0,16.79,31.65,0.0,0.0,7.45,moderate
10,300,2_0,2,0,12.9227,80.0707,253.93,21.56,False,,11.17,1.02,4.08,0.8189677062754939,0.1519490405887039,98.2,16.79,31.65,0.0,0.0,5.85,moderate
11,330,2_0,2,0,12.9227,80.0707,259.78,20.85,False,,4.06,0.81,0.49,0.7886907500415825,0.0472733960180275,99.0,16.79,31.65,0.0,0.0,4.25,low
0,0,2_1,2,1,12.9227,80.0907,220.27,53.45,False,,57.28,82.93,88.32,81.63525086652247,2.258998474748331,73.7,15.77,30.65,0.05640300762254391,50.98525086652247,9.26,moderate
1,30,2_1,2,1,12.9227,80.0907,211.22,54.66,False,,38.43,75.55,78.75,77.95706576023375,3.8575081976211214,55.1,15.77,30.65,0.05640300762254391,47.30706576023375,17.73,high
2,60,2_1,2,1,12.9227,80.0907,230.66,52.43,False,,24.87,62.77,68.42,58.39796676052367,4.749643320312589,50.0,15.77,30.65,0.05640300762254391,27.747966760523674,22.04,high
3,90,2_1,2,1,12.9227,80.0907,232.46,50.25,False,,7.81,46.51,52.79,48.86523794464078,3.660921772560506,57.4,15.77,30.65,0.05640300762254391,18.215237944640783,24.32,high
4,120,2_1,2,1,12.9227,80.0907,242.54,47.4,False,,5.05,29.22,34.92,30.93888346511221,2.963047510297068,65.5,15.77,30.65,0.05640300762254391,0.2888834651122103,22.78,high
5,150,2_1,2,1,12.9227,80.0907,251.18,42.25,False,,17.4,16.41,25.18,16.51618781852156,1.0858873537095934,87.4,15.77,30.65,0.05640300762254391,0.0,21.18,high
6,180,2_1,2,1,12.9227,80.0907,253.19,39.63,False,,3.83,11.33,14.41,11.939762576633225,1.1417776685019057,86.7,15.77,30.65,0.05640300762254391,0.0,19.58,high
7,210,2_1,2,1,12.9227,80.0907,260.67,33.92,False,,17.19,6.57,7.75,4.827227042452438,0.6512336812464213,92.4,15.77,30.65,0.05640300762254391,0.0,17.98,high
8,240,2_1,2,1,12.9227,80.0907,262.05,28.08,False,,15.37,2.32,1.57,2.135654167242162,0.2294146688012623,97.3,15.77,30.65,0.05640300762254391,0.0,16.38,high
9,270,2_1,2,1,12.9227,80.0907,262.3,-8.56,False,,2.17,0.0,2.37,0.0,0.0,99.0,15.77,30.65,0.05640300762254391,0.0,14.78,moderate
10,300,2_1,2,1,12.9227,80.0907,264.02,-10.26,False,,15.9,0.0,1.73,0.0,0.0,99.0,15.77,30.65,0.05640300762254391,0.0,13.18,moderate
11,330,2_1,2,1,12.9227,80.0907,259.92,-9.01,False,,4.34,0.0,0.0,0.0,0.0,99.0,15.77,30.65,0.05640300762254391,0.0,11.58,moderate
0,0,2_2,2,2,12.9227,80.1107,211.09,55.53,True,88.32,65.1,87.86,88.32,85.8239871387843,2.566005917265532,70.1,15.49,29.71,0.0,56.1139871387843,10.18,moderate
1,30,2_2,2,2,12.9227,80.1107,213.53,54.49,True,78.75,53.19,80.81,78.75,80.61845110410134,2.1658695504347434,74.8,15.49,29.71,0.0,50.90845110410134,19.27,high
2,60,2_2,2,2,12.9227,80.1107,222.03,51.51,True,68.42,12.28,67.94,68.42,66.1400309346903,6.392097428589159,50.0,15.49,29.71,0.0,36.4300309346903,25.33,high
3,90,2_2,2,2,12.9227,80.1107,233.34,50.09,True,52.79,28.83,51.43,52.79,50.1302175980669,3.428949779247481,60.1,15.49,29.71,0.0,20.4202175980669,28.01,high
4,120,2_2,2,2,12.9227,80.1107,236.65,47.37,True,34.92,20.79,36.97,34.92,37.367865062652015,1.8304802946781515,78.7,15.49,29.71,0.0,7.657865062652014,28.02,high
5,150,2_2,2,2,12.9227,80.1107,247.73,45.11,True,25.18,14.08,25.18,25.18,24.90722022502076,1.4886041700510757,82.7,15.49,29.71,0.0,0.0,26.42,high
6,180,2_2,2,2,12.9227,80.1107,255.28,40.67,True,14.41,6.73,14.77,14.41,13.261739459179417,1.305536981922103,84.8,15.49,29.71,0.0,0.0,24.82,high
7,210,2_2,2,2,12.9227,80.1107,250.05,36.79,True,7.75,0.0,7.39,7.75,7.344577395299904,1.1235340135098248,86.9,15.49,29.71,0.0,0.0,23.22,high
8,240,2_2,2,2,12.9227,80.1107,261.95,26.2,True,1.57,3.89,1.62,1.57,1.6623129305121334,0.1429936617142457,98.3,15.49,29.71,0.0,0.0,21.62,high
9,270,2_2,2,2,12.9227,80.1107,262.4,20.42,True,2.37,0.0,0.55,2.37,0.6218931077694225,0.1120853123458412,98.7,15.49,29.71,0.0,0.0,20.02,high
10,300,2_2,2,2,12.9227,80.1107,258.17,29.74,True,1.73,17.62,2.85,1.73,2.8020642819096557,0.2955740719559189,96.6,15.49,29.71,0.0,0.0,18.42,high
11,330,2_2,2,2,12.9227,80.1107,260.94,-8.71,True,0.0,11.07,0.0,0.0,0.0,0.0,99.0,15.49,29.71,0.0,0.0,16.82,high
0,0,2_3,2,3,12.9227,80.1307,216.4,52.2,False,,68.66,81.32,88.32,79.58222992611728,4.018596243215254,53.2,14.43,28.82,0.580819495858206,50.76222992611728,10.61,moderate
1,30,2_3,2,3,12.9227,80.1307,216.81,55.69,False,,48.81,84.64,78.75,80.49255439158074,3.121475881703496,63.7,14.43,28.82,0.580819495858206,51.67255439158074,21.43,high
2,60,2_3,2,3,12.9227,80.1307,223.24,53.77,False,,33.31,73.72,68.42,67.83077524831056,3.712855159886716,56.8,14.43,28.82,0.580819495858206,39.01077524831056,29.22,high
3,90,2_3,2,3,12.9227,80.1307,227.43,51.58,False,,34.22,56.98,52.79,56.92926151079834,1.9517835351011872,77.3,14.43,28.82,0.580819495858206,28.10926151079834,34.38,severe
4,120,2_3,2,3,12.9227,80.1307,235.93,49.0,False,,10.73,43.92,34.92,42.2025948146118,2.8553192612754668,66.8,14.43,28.82,0.580819495858206,13.3825948146118,36.0,severe
5,150,2_3,2,3,12.9227,80.1307,242.21,45.07,False,,4.04,26.58,25.18,26.58266201010329,1.3855700100076125,83.9,14.43,28.82,0.580819495858206,0.0,34.4,severe
6,180,2_3,2,3,12.9227,80.1307,253.03,42.09,False,,6.64,14.86,14.41,15.408541904065032,1.089646638438094,87.3,14.43,28.82,0.580819495858206,0.0,32.8,severe
7,210,2_3,2,3,12.9227,80.1307,255.84,37.72,False,,5.68,10.12,7.75,9.251725675841332,1.0745725160995163,87.5,14.43,28.82,0.580819495858206,0.0,31.2,severe
8,240,2_3,2,3,12.9227,80.1307,260.02,30.7,False,,4.88,2.67,1.57,2.754367321996643,0.3038696736892006,96.5,14.43,28.82,0.580819495858206,0.0,29.6,high
9,270,2_3,2,3,12.9227,80.1307,256.43,26.22,False,,13.16,1.75,2.37,1.712757272804062,0.1136056778367843,98.7,14.43,28.82,0.580819495858206,0.0,28.0,high
10,300,2_3,2,3,12.9227,80.1307,258.73,-8.83,False,,0.0,0.0,1.73,0.0,0.0,99.0,14.43,28.82,0.580819495858206,0.0,26.4,high
11,330,2_3,2,3,12.9227,80.1307,260.28,-7.84,False,,0.0,0.0,0.0,0.0,0.0,99.0,14.43,28.82,0.580819495858206,0.0,24.8,high
0,0,2_4,2,4,12.9227,80.1507,214.64,54.76,False,,61.0,76.47,71.43,77.26560247053825,1.772045254931569,79.4,13.58,28.0,0.4067563993514991,49.265602470538255,9.8,moderate
1,30,2_4,2,4,12.9227,80.1507,214.09,52.7,False,,46.13,80.69,73.79,79.47807398013654,2.7171263450999,68.4,13.58,28.0,0.4067563993514991,51.47807398013654,20.11,high
2,60,2_4,2,4,12.9227,80.1507,212.53,53.24,False,,36.62,75.77,66.65,75.85846099784636,2.660710342749511,69.0,13.58,28.0,0.4067563993514991,47.858460997846365,29.58,high
3,90,2_4,2,4,12.9227,80.1507,229.92,52.29,False,,31.03,63.43,55.44,57.543810467285226,3.577146660920451,58.4,13.58,28.0,0.4067563993514991,29.543810467285226,34.81,severe
4,120,2_4,2,4,12.9227,80.1507,225.37,48.74,False,,3.89,47.08,39.19,48.91209999999992,5.3079083064800585,50.0,13.58,28.0,0.4067563993514991,20.912099999999917,38.05,severe
5,150,2_4,2,4,12.9227,80.1507,246.65,46.66,False,,2.51,29.88,26.51,28.83235374648892,1.726955482996779,79.9,13.58,28.0,0.4067563993514991,0.8323537464889199,36.65,severe
6,180,2_4,2,4,12.9227,80.1507,249.27,43.58,False,,10.89,19.96,17.31,19.440906740863756,1.23350082827278,85.6,13.58,28.0,0.4067563993514991,0.0,35.05,severe
7,210,2_4,2,4,12.9227,80.1507,251.72,39.27,False,,1.75,11.24,7.81,11.13627300400322,0.8238686011676423,90.4,13.58,28.0,0.4067563993514991,0.0,33.45,severe
8,240,2_4,2,4,12.9227,80.1507,257.78,31.11,False,,14.49,3.46,4.65,3.3781036587804487,0.363934097874394,95.8,13.58,28.0,0.4067563993514991,0.0,31.85,severe
9,270,2_4,2,4,12.9227,80.1507,256.7,26.79,False,,6.99,1.49,1.82,1.6975393968858912,0.2787082425924397,96.8,13.58,28.0,0.4067563993514991,0.0,30.25,severe
10,300,2_4,2,4,12.9227,80.1507,252.94,30.48,False,,0.0,2.91,0.0,2.866757126450028,0.2340994252772093,97.3,13.58,28.0,0.4067563993514991,0.0,28.65,high
11,330,2_4,2,4,12.9227,80.1507,261.52,-9.33,False,,8.4,0.0,1.05,0.0,0.0,99.0,13.58,28.0,0.4067563993514991,0.0,27.05,high
0,0,2_5,2,5,12.9227,80.1707,222.24,52.69,False,,66.75,74.09,71.43,71.2431249413014,4.760199316190478,50.0,13.14,27.26,0.37753169591378466,43.9831249413014,8.51,moderate
1,30,2_5,2,5,12.9227,80.1707,217.15,53.44,False,,66.76,79.32,73.79,77.68939000536523,2.206780573184731,74.3,13.14,27.26,0.37753169591378466,50.42939000536522,18.5,high
2,60,2_5,2,5,12.9227,80.1707,220.04,51.89,False,,53.9,73.88,66.65,72.14596251696588,3.1824465006499154,63.0,13.14,27.26,0.37753169591378466,44.885962516965876,27.21,high
3,90,2_5,2,5,12.9227,80.1707,226.63,51.9,False,,33.61,62.95,55.44,61.82774839041228,2.520227280301832,70.7,13.14,27.26,0.37753169591378466,34.56774839041228,33.56,severe
4,120,2_5,2,5,12.9227,80.1707,232.49,50.02,False,,30.71,51.34,39.19,50.50676586006622,2.7369732728127,68.2,13.14,27.26,0.37753169591378466,23.246765860066215,37.3,severe
5,150,2_5,2,5,12.9227,80.1707,244.9,48.5,False,,1.42,32.0,26.51,31.647797576011182,3.609625449899081,58.0,13.14,27.26,0.37753169591378466,4.387797576011181,36.71,severe
6,180,2_5,2,5,12.9227,80.1707,246.68,43.24,False,,9.73,20.89,17.31,19.30168605827493,2.0686763906561154,75.9,13.14,27.26,0.37753169591378466,0.0,35.11,severe
7,210,2_5,2,5,12.9227,80.1707,251.59,39.93,False,,6.98,11.64,7.81,11.419086784440257,0.7453072995208653,91.3,13.14,27.26,0.37753169591378466,0.0,33.51,severe
8,240,2_5,2,5,12.9227,80.1707,255.35,34.02,False,,8.02,5.08,4.65,4.979962219279264,0.3802859555793882,95.6,13.14,27.26,0.37753169591378466,0.0,31.91,severe
9,270,2_5,2,5,12.9227,80.1707,265.21,17.58,False,,3.05,0.46,1.82,0.4666355099067594,0.0441059626775698,99.0,13.14,27.26,0.37753169591378466,0.0,30.31,severe
10,300,2_5,2,5,12.9227,80.1707,261.61,24.75,False,,16.56,1.47,0.0,1.4078715121905532,0.1030932813825807,98.8,13.14,27.26,0.37753169591378466,0.0,28.71,high
11,330,2_5,2,5,12.9227,80.1707,259.49,21.84,False,,7.84,0.94,1.05,0.8812315926110357,0.084349226728022,99.0,13.14,27.26,0.37753169591378466,0.0,27.11,high
0,0,2_6,2,6,12.9227,80.1907,225.61,51.54,True,66.32,58.09,65.27,66.32,65.4045016199642,2.903621254969863,66.2,13.69,26.63,0.0,38.7745016199642,6.54,moderate
1,30,2_6,2,6,12.9227,80.1907,223.4,54.11,True,70.34,50.91,70.86,70.34,70.65003169301296,3.0535468082805908,64.5,13.69,26.63,0.0,44.02003169301297,14.19,moderate
2,60,2_6,2,6,12.9227,80.1907,215.96,51.68,True,72.16,41.61,71.32,72.16,71.86777369148226,3.371100363354159,60.8,13.69,26.63,0.0,45.23777369148226,22.09,high
3,90,2_6,2,6,12.9227,80.1907,231.0,51.35,True,64.14,32.63,63.71,64.14,60.01216515503959,4.615703576694707,50.0,13.69,26.63,0.0,33.38216515503959,27.5,high
4,120,2_6,2,6,12.9227,80.1907,236.68,50.62,True,50.32,24.49,51.78,50.32,50.40698079976444,3.629721823483382,57.8,13.69,26.63,0.0,23.77698079976444,30.89,severe
5,150,2_6,2,6,12.9227,80.1907,238.68,47.04,True,36.77,6.73,36.99,36.77,36.65420126909935,2.082537089576522,75.8,13.69,26.63,0.0,10.024201269099354,31.4,severe
6,180,2_6,2,6,12.9227,80.1907,251.28,45.45,True,24.54,16.67,23.8,24.54,24.596620585054936,1.8863723184527916,78.1,13.69,26.63,0.0,0.0,29.8,high
7,210,2_6,2,6,12.9227,80.1907,255.14,41.3,True,17.35,11.02,15.49,17.35,15.051666790761717,1.1165665749816025,87.0,13.69,26.63,0.0,0.0,28.2,high
8,240,2_6,2,6,12.9227,80.1907,253.87,37.63,True,7.71,0.0,8.08,7.71,8.335760828912381,0.8063116558527964,90.6,13.69,26.63,0.0,0.0,26.6,high
9,270,2_6,2,6,12.9227,80.1907,256.91,33.01,True,3.01,13.65,3.48,3.01,3.881822704591082,0.5171937384690943,94.0,13.69,26.63,0.0,0.0,25.0,high
10,300,2_6,2,6,12.9227,80.1907,260.54,29.31,True,3.21,9.8,2.43,3.21,2.5086135097067994,0.1924428776993125,97.8,13.69,26.63,0.0,0.0,23.4,high
11,330,2_6,2,6,12.9227,80.1907,259.62,22.89,True,0.0,0.0,1.19,0.0,1.11553975611649,0.130402077436951,98.5,13.69,26.63,0.0,0.0,21.8,high
0,0,2_7,2,7,12.9227,80.2107,236.28,51.78,False,,57.2,56.11,66.32,52.04130013347758,4.536463892436771,50.0,14.2,26.11,0.0,25.931300133477578,3.85,low
1,30,2_7,2,7,12.9227,80.2107,229.83,51.69,False,,71.57,62.41,70.34,61.88721612473726,2.622498004864344,69.5,14.2,26.11,0.0,35.77721612473726,9.76,moderate
2,60,2_7,2,7,12.9227,80.2107,226.45,50.08,False,,38.4,65.72,72.16,62.42150684009485,4.82326660753841,50.0,14.2,26.11,0.0,36.31150684009485,15.78,high
3,90,2_7,2,7,12.9227,80.2107,225.92,51.02,False,,34.68,56.85,64.14,57.31398663084701,2.290857616428137,73.3,14.2,26.11,0.0,31.203986630847012,20.74,high
4,120,2_7,2,7,12.9227,80.2107,230.66,52.11,False,,15.66,51.09,50.32,55.56547506660286,4.043701871344879,53.0,14.2,26.11,0.0,29.455475066602858,25.32,high
5,150,2_7,2,7,12.9227,80.2107,241.4,50.06,False,,22.91,37.26,36.77,38.58767650784827,3.338428660219477,61.2,14.2,26.11,0.0,12.477676507848273,26.34,high
6,180,2_7,2,7,12.9227,80.2107,243.37,46.18,False,,9.33,25.54,24.54,26.382273667631797,1.5131240753668551,82.4,14.2,26.11,0.0,0.27227366763179717,24.8,high
7,210,2_7,2,7,12.9227,80.2107,257.26,42.34,False,,20.28,16.23,17.35,15.531880606210043,1.2041389015131914,86.0,14.2,26.11,0.0,0.0,23.2,high
8,240,2_7,2,7,12.9227,80.2107,259.81,38.41,False,,10.0,8.76,7.71,8.887022690092056,0.8009999471447281,90.7,14.2,26.11,0.0,0.0,21.6,high
9,270,2_7,2,7,12.9227,80.2107,253.07,36.6,False,,1.53,6.88,3.01,6.858501631134325,0.549497925873729,93.6,14.2,26.11,0.0,0.0,20.0,high
10,300,2_7,2,7,12.9227,80.2107,261.41,30.19,False,,6.38,2.38,3.21,2.6379865589887346,0.3955977244536341,95.4,14.2,26.11,0.0,0.0,18.4,high
11,330,2_7,2,7,12.9227,80.2107,255.08,24.24,False,,9.53,1.17,0.0,1.275527034645909,0.2261030030724739,97.4,14.2,26.11,0.0,0.0,16.8,high
0,0,2_8,2,8,12.9227,80.2307,232.65,49.39,False,,66.78,46.32,66.32,48.45326064238534,3.9171829634022215,54.4,12.11,25.72,0.02440276337456382,22.73326064238534,3.2,low
1,30,2_8,2,8,12.9227,80.2307,229.68,51.28,False,,53.24,55.18,70.34,56.84307299447376,3.4230813293866373,60.2,12.11,25.72,0.02440276337456382,31.12307299447376,8.18,moderate
2,60,2_8,2,8,12.9227,80.2307,229.15,50.53,False,,32.66,59.44,72.16,58.55700467523241,2.4382001191387177,71.6,12.11,25.72,0.02440276337456382,32.837004675232414,13.52,moderate
3,90,2_8,2,8,12.9227,80.2307,227.51,51.79,False,,28.02,56.87,64.14,57.95993340316818,3.3294622565955088,61.3,12.11,25.72,0.02440276337456382,32.23993340316818,18.73,high
4,120,2_8,2,8,12.9227,80.2307,231.92,49.08,False,,24.98,44.38,50.32,46.511085655971165,3.850298015251386,55.2,12.11,25.72,0.02440276337456382,20.791085655971166,21.52,high
5,150,2_8,2,8,12.9227,80.2307,236.82,46.19,False,,25.29,37.92,36.77,36.67273371192537,2.3465587705865727,72.7,12.11,25.72,0.02440276337456382,10.952733711925369,22.24,high
6,180,2_8,2,8,12.9227,80.2307,242.05,47.2,False,,27.19,25.36,24.54,27.56350913483824,3.011803692687369,65.0,12.11,25.72,0.02440276337456382,1.8435091348382429,21.02,high
7,210,2_8,2,8,12.9227,80.2307,257.06,41.3,False,,13.62,15.71,17.35,15.090704449508216,1.2672161399067383,85.3,12.11,25.72,0.02440276337456382,0.0,19.42,high
8,240,2_8,2,8,12.9227,80.2307,261.29,35.57,False,,10.61,5.46,7.71,5.974697638553441,0.7867087104301138,90.8,12.11,25.72,0.02440276337456382,0.0,17.82,high
9,270,2_8,2,8,12.9227,80.2307,256.27,34.61,False,,0.0,6.14,3.01,5.579704624203985,0.7902504176872602,90.8,12.11,25.72,0.02440276337456382,0.0,16.22,high
10,300,2_8,2,8,12.9227,80.2307,263.11,32.33,False,,14.64,3.11,3.21,3.340687613902696,0.3533830776074159,95.9,12.11,25.72,0.02440276337456382,0.0,14.62,moderate
11,330,2_8,2,8,12.9227,80.2307,255.46,14.56,False,,0.0,0.31,0.0,0.3120267261904767,0.0356471063507441,99.0,12.11,25.72,0.02440276337456382,0.0,13.02,moderate
0,0,2_9,2,9,12.9227,80.2507,239.49,48.38,False,,44.63,37.52,30.64,37.40877250576708,1.787951925942638,79.2,10.25,25.48,0.24220712460676985,11.928772505767082,1.06,low
1,30,2_9,2,9,12.9227,80.2507,237.04,50.59,False,,49.39,45.65,34.73,46.36611973207813,2.708822126087336,68.5,10.25,25.48,0.24220712460676985,20.886119732078132,4.11,low
2,60,2_9,2,9,12.9227,80.2507,232.43,51.61,False,,20.44,52.95,39.97,52.02570118472648,3.3362609600579263,61.2,10.25,25.48,0.24220712460676985,26.54570118472648,8.42,moderate
3,90,2_9,2,9,12.9227,80.2507,236.88,50.58,False,,35.74,47.89,40.19,47.96813748284153,2.3564501794956088,72.6,10.25,25.48,0.24220712460676985,22.488137482841527,11.83,moderate
4,120,2_9,2,9,12.9227,80.2507,230.21,51.14,False,,38.56,47.11,34.67,48.60991658066578,3.5202810479125453,59.0,10.25,25.48,0.24220712460676985,23.129916580665782,15.38,high
5,150,2_9,2,9,12.9227,80.2507,243.69,46.61,False,,16.65,33.74,29.85,31.563678257456683,2.5539850649460143,70.3,10.25,25.48,0.24220712460676985,6.083678257456683,15.14,high
6,180,2_9,2,9,12.9227,80.2507,242.99,46.66,False,,15.38,26.08,20.56,27.375465304981017,1.7741249881631729,79.4,10.25,25.48,0.24220712460676985,1.8954653049810162,13.96,moderate
7,210,2_9,2,9,12.9227,80.2507,256.78,41.42,False,,11.05,16.18,10.8,15.122914356009735,1.6451639080745002,80.9,10.25,25.48,0.24220712460676985,0.0,12.36,moderate
8,240,2_9,2,9,12.9227,80.2507,256.36,34.91,False,,10.85,6.79,6.15,6.44886141216153,0.3654035754021794,95.7,10.25,25.48,0.24220712460676985,0.0,10.76,moderate
9,270,2_9,2,9,12.9227,80.2507,261.27,32.58,False,,0.0,4.15,4.59,4.150804291323056,0.3669535476238101,95.7,10.25,25.48,0.24220712460676985,0.0,9.16,moderate
10,300,2_9,2,9,12.9227,80.2507,260.61,28.15,False,,1.82,1.94,4.22,2.0830146612605267,0.2052768302479552,97.6,10.25,25.48,0.24220712460676985,0.0,7.56,moderate
11,330,2_9,2,9,12.9227,80.2507,253.18,26.94,False,,3.75,1.62,1.1,1.6998717137489852,0.1854554332591279,97.8,10.25,25.48,0.24220712460676985,0.0,5.96,moderate
0,0,2_10,2,10,12.9227,80.2707,245.41,46.03,False,,53.59,30.71,30.64,29.055889859753268,3.2331007219118515,62.4,9.77,25.4,0.0,3.6558898597532696,0.0,safe
1,30,2_10,2,10,12.9227,80.2707,239.36,48.29,False,,47.4,36.1,34.73,38.16515295168708,2.216243536746152,74.2,9.77,25.4,0.0,12.765152951687078,1.08,low
2,60,2_10,2,10,12.9227,80.2707,234.04,49.71,False,,33.87,43.77,39.97,44.20591378774096,2.035728809912082,76.3,9.77,25.4,0.0,18.805913787740963,3.43,low
3,90,2_10,2,10,12.9227,80.2707,233.73,49.85,False,,35.91,45.95,40.19,45.601973131198704,2.821171432554529,67.2,9.77,25.4,0.0,20.201973131198706,6.07,moderate
4,120,2_10,2,10,12.9227,80.2707,240.61,48.54,False,,25.37,40.89,34.67,38.29687846085663,2.7150583185660744,68.4,9.77,25.4,0.0,12.896878460856634,7.18,moderate
5,150,2_10,2,10,12.9227,80.2707,242.87,48.16,False,,6.23,34.09,29.85,33.2902124215343,2.82241557768388,67.2,9.77,25.4,0.0,7.890212421534301,7.24,moderate
6,180,2_10,2,10,12.9227,80.2707,246.87,45.55,False,,8.89,22.93,20.56,24.394377298946917,1.6434426425921154,80.9,9.77,25.4,0.0,0.0,5.64,moderate
7,210,2_10,2,10,12.9227,80.2707,253.01,42.02,False,,22.08,16.1,10.8,15.674441533631558,1.4361234299162966,83.3,9.77,25.4,0.0,0.0,4.04,low
8,240,2_10,2,10,12.9227,80.2707,254.17,40.92,False,,5.12,12.43,6.15,12.124643144299396,0.6380019671276244,92.6,9.77,25.4,0.0,0.0,2.44,low
9,270,2_10,2,10,12.9227,80.2707,258.98,35.76,False,,23.41,6.09,4.59,6.20384674330672,0.4412528283026779,94.9,9.77,25.4,0.0,0.0,0.84,low
10,300,2_10,2,10,12.9227,80.2707,260.8,20.82,False,,6.38,0.87,4.22,0.8335394528869401,0.0671297168239364,99.0,9.77,25.4,0.0,0.0,0.0,safe
11,330,2_10,2,10,12.9227,80.2707,257.21,22.25,False,,12.82,0.82,1.1,0.8769644059528354,0.0815000865401722,99.0,9.77,25.4,0.0,0.0,0.0,safe
0,0,2_11,2,11,12.9227,80.2907,245.18,45.17,False,,38.51,22.66,30.64,24.691956935886843,3.518097825298858,59.1,7.75,25.48,0.9903712202247625,0.0,0.0,safe
1,30,2_11,2,11,12.9227,80.2907,246.79,46.39,False,,48.8,29.87,34.73,29.85326860224084,2.043193466398405,76.2,7.75,25.48,0.9903712202247625,4.373268602240838,0.0,safe
2,60,2_11,2,11,12.9227,80.2907,240.89,47.36,False,,24.97,35.66,39.97,36.69397349740881,2.763771917210884,67.8,7.75,25.48,0.9903712202247625,11.213973497408812,1.34,low
3,90,2_11,2,11,12.9227,80.2907,239.2,47.6,False,,10.34,36.99,40.19,37.88936432835038,2.3763848225617963,72.4,7.75,25.48,0.9903712202247625,12.409364328350382,2.99,low
4,120,2_11,2,11,12.9227,80.2907,238.83,46.82,False,,33.69,36.56,34.67,35.59146649208624,2.1586260204584917,74.9,7.75,25.48,0.9903712202247625,10.11146649208624,4.04,low
5,150,2_11,2,11,12.9227,80.2907,247.11,47.21,False,,0.0,29.65,29.85,29.080135958327165,1.467287567602662,82.9,7.75,25.48,0.9903712202247625,3.600135958327165,3.38,low
6,180,2_11,2,11,12.9227,80.2907,248.45,44.9,False,,11.77,23.67,20.56,21.39389505669049,1.7593838949743004,79.5,7.75,25.48,0.9903712202247625,0.0,1.78,low
7,210,2_11,2,11,12.9227,80.2907,251.27,44.41,False,,12.62,17.62,10.8,18.66813122066136,1.8318543725479668,78.7,7.75,25.48,0.9903712202247625,0.0,0.18,low
8,240,2_11,2,11,12.9227,80.2907,253.62,39.42,False,,0.0,11.82,6.15,11.17676363185709,0.9075987563207248,89.4,7.75,25.48,0.9903712202247625,0.0,0.0,safe
9,270,2_11,2,11,12.9227,80.2907,251.21,36.32,False,,14.35,7.98,4.59,7.471580484804808,0.7434442226917787,91.4,7.75,25.48,0.9903712202247625,0.0,0.0,safe
10,300,2_11,2,11,12.9227,80.2907,264.94,23.5,False,,5.56,1.1,4.22,1.078379818916609,0.0605274016453028,99.0,7.75,25.48,0.9903712202247625,0.0,0.0,safe
11,330,2_11,2,11,12.9227,80.2907,264.71,18.39,False,,9.63,0.6,1.1,0.5590416985061717,0.0581207940464649,99.0,7.75,25.48,0.9903712202247625,0.0,0.0,safe
0,0,2_12,2,12,12.9227,80.3107,252.89,41.11,False,,26.94,14.52,15.82,14.192461411545624,0.917919171020286,89.3,8.72,25.72,0.10649242339138532,0.0,0.0,safe
1,30,2_12,2,12,12.9227,80.3107,246.84,43.76,False,,37.95,21.82,24.34,21.199992174861947,1.952228548974893,77.3,8.72,25.72,0.10649242339138532,0.0,0.0,safe
2,60,2_12,2,12,12.9227,80.3107,251.1,47.18,False,,23.76,26.2,31.49,27.41249606324863,2.262693313737561,73.7,8.72,25.72,0.10649242339138532,1.6924960632486297,0.0,safe
3,90,2_12,2,12,12.9227,80.3107,243.91,45.16,False,,29.94,29.04,35.84,28.23823610080197,2.17404770823062,74.7,8.72,25.72,0.10649242339138532,2.518236100801971,0.0,safe
4,120,2_12,2,12,12.9227,80.3107,243.07,46.27,False,,24.52,29.59,36.32,29.955455649003817,1.9062126229943892,77.8,8.72,25.72,0.10649242339138532,4.235455649003818,0.0,safe
5,150,2_12,2,12,12.9227,80.3107,242.96,44.94,False,,12.33,26.62,35.72,26.58831926115548,0.9487157643528444,89.0,8.72,25.72,0.10649242339138532,0.8683192611554809,0.0,safe
6,180,2_12,2,12,12.9227,80.3107,243.63,44.49,False,,17.35,23.28,29.57,24.861726342407582,1.914229915875958,77.7,8.72,25.72,0.10649242339138532,0.0,0.0,safe
7,210,2_12,2,12,12.9227,80.3107,250.74,42.42,False,,0.0,16.31,21.23,16.654996250567525,1.5869462467976925,81.5,8.72,25.72,0.10649242339138532,0.0,0.0,safe
8,240,2_12,2,12,12.9227,80.3107,254.94,39.56,False,,10.57,11.19,14.72,11.350443093500182,0.8734126633411021,89.8,8.72,25.72,0.10649242339138532,0.0,0.0,safe
9,270,2_12,2,12,12.9227,80.3107,257.51,30.66,False,,8.79,3.6,10.92,3.3211613357228638,0.3907568656725421,95.5,8.72,25.72,0.10649242339138532,0.0,0.0,safe
10,300,2_12,2,12,12.9227,80.3107,256.1,31.7,False,,6.83,2.86,4.33,3.475891515571404,0.5774009324141243,93.3,8.72,25.72,0.10649242339138532,0.0,0.0,safe
11,330,2_12,2,12,12.9227,80.3107,258.99,27.22,False,,0.0,1.66,2.04,1.853589406812274,0.3275130715411651,96.2,8.72,25.72,0.10649242339138532,0.0,0.0,safe
0,0,2_13,2,13,12.9227,80.3307,255.36,38.35,False,,2.85,9.57,11.59,9.450789853390852,0.6730578078900006,92.2,10.61,26.11,0.1671644393294791,0.0,0.0,safe
1,30,2_13,2,13,12.9227,80.3307,252.11,43.83,False,,23.55,20.97,9.93,19.801457379325267,1.7246257120838486,79.9,10.61,26.11,0.1671644393294791,0.0,0.0,safe
2,60,2_13,2,13,12.9227,80.3307,248.92,44.38,False,,28.59,20.85,16.49,20.32200290566045,1.4766214109546818,82.8,10.61,26.11,0.1671644393294791,0.0,0.0,safe
3,90,2_13,2,13,12.9227,80.3307,243.03,45.8,False,,38.46,25.5,19.91,25.254447731812043,2.193544606632652,74.5,10.61,26.11,0.1671644393294791,0.0,0.0,safe
4,120,2_13,2,13,12.9227,80.3307,246.43,44.54,False,,23.27,23.54,24.41,23.009173398407107,1.965919420346358,77.1,10.61,26.11,0.1671644393294791,0.0,0.0,safe
5,150,2_13,2,13,12.9227,80.3307,249.62,43.78,False,,7.15,22.47,12.12,20.520739826127368,2.076902709555966,75.8,10.61,26.11,0.1671644393294791,0.0,0.0,safe
6,180,2_13,2,13,12.9227,80.3307,245.78,43.33,False,,14.11,19.0,14.48,19.719087285787754,1.6903984219614616,80.3,10.61,26.11,0.1671644393294791,0.0,0.0,safe
7,210,2_13,2,13,12.9227,80.3307,249.39,42.16,False,,13.86,15.21,9.66,14.996534712552693,1.1909804997782785,86.1,10.61,26.11,0.1671644393294791,0.0,0.0,safe
8,240,2_13,2,13,12.9227,80.3307,252.03,37.34,False,,11.05,9.06,6.63,8.461407576445398,0.95062870644339,88.9,10.61,26.11,0.1671644393294791,0.0,0.0,safe
9,270,2_13,2,13,12.9227,80.3307,251.94,34.3,False,,0.3,5.78,2.7,5.38716027191608,0.623248935152255,92.7,10.61,26.11,0.1671644393294791,0.0,0.0,safe
10,300,2_13,2,13,12.9227,80.3307,254.3,32.5,False,,16.7,3.43,0.0,3.661897614463138,0.4072077176226416,95.3,10.61,26.11,0.1671644393294791,0.0,0.0,safe
11,330,2_13,2,13,12.9227,80.3307,258.68,-9.34,False,,13.74,0.0,2.16,0.0,0.0,99.0,10.61,26.11,0.1671644393294791,0.0,0.0,safe
0,0,2_14,2,14,12.9227,80.3507,262.29,38.3,False,,18.86,9.88,6.54,9.07775984570976,1.1502159370434455,86.6,12.36,26.63,0.06410205250853984,0.0,0.0,safe
1,30,2_14,2,14,12.9227,80.3507,248.18,41.35,False,,23.56,14.18,5.7,13.97291529821067,1.380272790211272,83.9,12.36,26.63,0.06410205250853984,0.0,0.0,safe
2,60,2_14,2,14,12.9227,80.3507,252.8,38.91,False,,27.38,10.91,10.05,10.642665417618382,1.0995096552911403,87.2,12.36,26.63,0.06410205250853984,0.0,0.0,safe
3,90,2_14,2,14,12.9227,80.3507,244.37,42.32,False,,9.26,20.55,14.32,19.26286801178809,2.203865426411769,74.4,12.36,26.63,0.06410205250853984,0.0,0.0,safe
4,120,2_14,2,14,12.9227,80.3507,251.54,42.05,False,,24.42,18.81,13.85,17.20638885915595,1.7275150911746204,79.9,12.36,26.63,0.06410205250853984,0.0,0.0,safe
5,150,2_14,2,14,12.9227,80.3507,251.56,43.76,False,,19.31,18.21,13.8,18.526622223433563,1.4774183831602403,82.8,12.36,26.63,0.06410205250853984,0.0,0.0,safe
6,180,2_14,2,14,12.9227,80.3507,248.56,41.63,False,,25.8,14.84,12.33,15.160587743850662,1.1365909899262998,86.8,12.36,26.63,0.06410205250853984,0.0,0.0,safe
7,210,2_14,2,14,12.9227,80.3507,253.91,40.2,False,,1.48,14.02,10.3,12.714167874258369,1.4844062579435209,82.7,12.36,26.63,0.06410205250853984,0.0,0.0,safe
8,240,2_14,2,14,12.9227,80.3507,251.17,38.65,False,,15.36,8.62,7.06,8.84384778535961,0.78705894866308,90.8,12.36,26.63,0.06410205250853984,0.0,0.0,safe
9,270,2_14,2,14,12.9227,80.3507,259.85,35.85,False,,7.83,6.72,6.7,6.574139875896883,0.4658929358094775,94.6,12.36,26.63,0.06410205250853984,0.0,0.0,safe
10,300,2_14,2,14,12.9227,80.3507,262.32,19.24,False,,16.12,0.48,6.27,0.5298471021303256,0.067475535070791,99.0,12.36,26.63,0.06410205250853984,0.0,0.0,safe
11,330,2_14,2,14,12.9227,80.3507,259.82,23.02,False,,5.14,1.1,4.89,1.0829644586597182,0.082688918907297,99.0,12.36,26.63,0.06410205250853984,0.0,0.0,safe
0,0,2_15,2,15,12.9227,80.3707,261.74,35.65,True,6.54,17.27,7.67,6.54,6.967235214897788,0.8622861918564844,90.0,14.26,27.26,0.0,0.0,0.0,safe
1,30,2_15,2,15,12.9227,80.3707,255.36,38.76,True,5.7,10.15,8.62,5.7,8.892891364645747,0.8308050544590327,90.3,14.26,27.26,0.0,0.0,0.0,safe
2,60,2_15,2,15,12.9227,80.3707,251.26,39.79,True,10.05,19.21,13.06,10.05,12.077457557817672,1.4803381003098113,82.8,14.26,27.26,0.0,0.0,0.0,safe
3,90,2_15,2,15,12.9227,80.3707,249.9,42.28,True,14.32,2.63,13.79,14.32,16.100837181170306,2.036566592237046,76.3,14.26,27.26,0.0,0.0,0.0,safe
4,120,2_15,2,15,12.9227,80.3707,250.18,39.09,True,13.85,4.45,13.87,13.85,13.034359575346652,1.4100198606468433,83.6,14.26,27.26,0.0,0.0,0.0,safe
5,150,2_15,2,15,12.9227,80.3707,250.14,42.19,True,13.8,0.0,13.5,13.8,14.62457412059088,1.5989874004532525,81.4,14.26,27.26,0.0,0.0,0.0,safe
6,180,2_15,2,15,12.9227,80.3707,253.45,42.52,True,12.33,1.13,13.71,12.33,14.9664985397971,1.6300874822452514,81.0,14.26,27.26,0.0,0.0,0.0,safe
7,210,2_15,2,15,12.9227,80.3707,248.89,40.37,True,10.3,30.55,11.57,10.3,12.175762220683827,1.013497035839732,88.2,14.26,27.26,0.0,0.0,0.0,safe
8,240,2_15,2,15,12.9227,80.3707,253.65,35.82,True,7.06,20.29,6.45,7.06,6.505284478048178,0.4110848690241055,95.2,14.26,27.26,0.0,0.0,0.0,safe
9,270,2_15,2,15,12.9227,80.3707,255.97,36.96,True,6.7,3.69,7.48,6.7,7.542114869553958,0.4464029360460859,94.8,14.26,27.26,0.0,0.0,0.0,safe
10,300,2_15,2,15,12.9227,80.3707,259.09,36.61,True,6.27,11.79,7.07,6.27,6.926460912866963,0.4900268198305469,94.3,14.26,27.26,0.0,0.0,0.0,safe
11,330,2_15,2,15,12.9227,80.3707,260.0,31.51,True,4.89,0.0,3.24,4.89,3.2338431210774377,0.392104812665585,95.4,14.26,27.26,0.0,0.0,0.0,safe
0,0,2_16,2,16,12.9227,80.3907,252.56,34.1,True,4.4,9.32,4.59,4.4,4.731008359895849,0.4452880870666106,94.8,14.69,28.0,0.4369831360396095,0.0,0.0,safe
1,30,2_16,2,16,12.9227,80.3907,261.65,33.47,True,6.57,9.88,5.12,6.57,4.7650539577212605,0.4341544295165147,94.9,14.69,28.0,0.4369831360396095,0.0,0.0,safe
2,60,2_16,2,16,12.9227,80.3907,258.21,36.43,True,8.17,11.7,8.34,8.17,6.789246231495448,0.5677120555532205,93.4,14.69,28.0,0.4369831360396095,0.0,0.0,safe
3,90,2_16,2,16,12.9227,80.3907,255.51,39.13,True,10.86,0.0,11.04,10.86,10.825771888519451,0.7958417556989199,90.7,14.69,28.0,0.4369831360396095,0.0,0.0,safe
4,120,2_16,2,16,12.9227,80.3907,251.77,41.91,True,10.42,8.78,11.66,10.42,13.052306931334204,1.8961259414995728,77.9,14.69,28.0,0.4369831360396095,0.0,0.0,safe
5,150,2_16,2,16,12.9227,80.3907,254.46,42.22,True,11.07,15.45,13.64,11.07,14.002330645937883,1.0333637028784255,88.0,14.69,28.0,0.4369831360396095,0.0,0.0,safe
6,180,2_16,2,16,12.9227,80.3907,257.53,39.55,True,11.92,22.59,11.1,11.92,11.059026207783658,0.8547054869733294,90.1,14.69,28.0,0.4369831360396095,0.0,0.0,safe
7,210,2_16,2,16,12.9227,80.3907,253.49,36.08,True,5.35,16.9,5.75,5.35,6.347767578942319,0.6496516213351012,92.4,14.69,28.0,0.4369831360396095,0.0,0.0,safe
8,240,2_16,2,16,12.9227,80.3907,258.78,35.5,True,7.33,5.51,6.17,7.33,6.2656138086043605,0.8078280451097275,90.6,14.69,28.0,0.4369831360396095,0.0,0.0,safe
9,270,2_16,2,16,12.9227,80.3907,257.34,33.36,True,4.93,12.81,5.14,4.93,4.784756370675756,0.3700821657877246,95.7,14.69,28.0,0.4369831360396095,0.0,0.0,safe
10,300,2_16,2,16,12.9227,80.3907,252.62,31.79,True,5.13,3.12,4.36,5.13,3.932733324136079,0.6112414041982875,92.9,14.69,28.0,0.4369831360396095,0.0,0.0,safe
11,330,2_16,2,16,12.9227,80.3907,260.6,35.96,True,6.38,0.0,5.34,6.38,5.991156265797567,0.7546356868798828,91.2,14.69,28.0,0.4369831360396095,0.0,0.0,safe
0,0,2_17,2,17,12.9227,80.4107,260.44,-7.19,True,0.0,14.47,0.0,0.0,0.0,0.0,99.0,16.04,28.82,0.0,0.0,0.0,safe
1,30,2_17,2,17,12.9227,80.4107,257.64,32.16,True,2.78,7.87,3.18,2.78,3.702635353342336,0.3977881219901898,95.4,16.04,28.82,0.0,0.0,0.0,safe
2,60,2_17,2,17,12.9227,80.4107,257.04,33.63,True,3.88,23.35,4.81,3.88,4.623794755918693,0.394784732996896,95.4,16.04,28.82,0.0,0.0,0.0,safe
3,90,2_17,2,17,12.9227,80.4107,253.04,36.5,True,9.71,5.26,7.91,9.71,7.5164722813395874,0.6720118043189827,92.2,16.04,28.82,0.0,0.0,0.0,safe
4,120,2_17,2,17,12.9227,80.4107,260.64,34.29,True,5.4,7.72,6.22,5.4,4.818171258360557,0.7263661258218931,91.5,16.04,28.82,0.0,0.0,0.0,safe
5,150,2_17,2,17,12.9227,80.4107,252.13,37.12,True,8.97,6.45,8.13,8.97,8.014065692715976,0.5041001602954993,94.1,16.04,28.82,0.0,0.0,0.0,safe
6,180,2_17,2,17,12.9227,80.4107,254.98,34.26,True,7.42,15.22,6.95,7.42,6.234856837639235,0.9669701558944978,88.7,16.04,28.82,0.0,0.0,0.0,safe
7,210,2_17,2,17,12.9227,80.4107,253.22,37.42,True,8.29,5.35,8.35,8.29,8.2730894698015,0.6341163648688467,92.6,16.04,28.82,0.0,0.0,0.0,safe
8,240,2_17,2,17,12.9227,80.4107,258.12,36.25,True,7.5,21.04,6.32,7.5,6.747411001740548,0.7202840019855614,91.6,16.04,28.82,0.0,0.0,0.0,safe
9,270,2_17,2,17,12.9227,80.4107,256.69,34.49,True,6.21,16.92,5.47,6.21,5.599449605475045,0.6015272206212745,93.0,16.04,28.82,0.0,0.0,0.0,safe
10,300,2_17,2,17,12.9227,80.4107,257.96,30.59,True,2.96,10.92,3.09,2.96,3.08818879287316,0.296549038218688,96.5,16.04,28.82,0.0,0.0,0.0,safe
11,330,2_17,2,17,12.9227,80.4107,261.73,-8.1,True,0.05,0.0,0.0,0.05,0.0,0.0,99.0,16.04,28.82,0.0,0.0,0.0,safe
0,0,2_18,2,18,12.9227,80.4307,266.48,28.9,False,,9.43,2.48,0.0,2.3280363702964024,0.2555161071718635,97.0,16.42,29.71,0.38243025290405086,0.0,0.0,safe
1,30,2_18,2,18,12.9227,80.4307,258.73,30.39,False,,22.17,3.68,2.78,3.3427063416935834,0.3774603927740254,95.6,16.42,29.71,0.38243025290405086,0.0,0.0,safe
2,60,2_18,2,18,12.9227,80.4307,264.5,23.88,False,,8.55,1.06,3.88,1.107550079040156,0.0970324918089782,98.9,16.42,29.71,0.38243025290405086,0.0,0.0,safe
3,90,2_18,2,18,12.9227,80.4307,254.31,34.25,False,,4.83,5.83,9.71,5.130171096395335,0.9104258476865764,89.4,16.42,29.71,0.38243025290405086,0.0,0.0,safe
4,120,2_18,2,18,12.9227,80.4307,255.63,34.69,False,,24.24,4.65,5.4,5.2053598357092605,0.7304523178632899,91.5,16.42,29.71,0.38243025290405086,0.0,0.0,safe
5,150,2_18,2,18,12.9227,80.4307,259.78,36.36,False,,10.33,6.34,8.97,6.79796682560083,0.6142513615906416,92.9,16.42,29.71,0.38243025290405086,0.0,0.0,safe
6,180,2_18,2,18,12.9227,80.4307,256.03,33.14,False,,0.0,3.82,7.42,4.382057251598528,0.8013252893061021,90.7,16.42,29.71,0.38243025290405086,0.0,0.0,safe
7,210,2_18,2,18,12.9227,80.4307,254.5,35.27,False,,1.42,6.66,8.29,6.464865642985132,0.4898538912846785,94.3,16.42,29.71,0.38243025290405086,0.0,0.0,safe
8,240,2_18,2,18,12.9227,80.4307,255.58,33.09,False,,17.95,5.91,7.5,5.194631716883822,0.8511801594157156,90.1,16.42,29.71,0.38243025290405086,0.0,0.0,safe
9,270,2_18,2,18,12.9227,80.4307,260.23,31.06,False,,4.26,3.46,6.21,3.3831212149863443,0.3139884020102986,96.3,16.42,29.71,0.38243025290405086,0.0,0.0,safe
10,300,2_18,2,18,12.9227,80.4307,258.35,29.4,False,,9.11,2.92,2.96,2.6595265712177434,0.2572935328263528,97.0,16.42,29.71,0.38243025290405086,0.0,0.0,safe
11,330,2_18,2,18,12.9227,80.4307,258.61,23.95,False,,6.4,1.15,0.05,1.141631254111215,0.0922995778332408,98.9,16.42,29.71,0.38243025290405086,0.0,0.0,safe
0,0,2_19,2,19,12.9227,80.4507,264.62,26.87,False,,3.91,1.68,3.03,1.7394741224526522,0.3169361267529844,96.3,17.59,30.65,0.0,0.0,0.0,safe
1,30,2_19,2,19,12.9227,80.4507,262.33,29.68,False,,15.93,3.07,1.14,2.8025740470754887,0.4087666057748512,95.2,17.59,30.65,0.0,0.0,0.0,safe
2,60,2_19,2,19,12.9227,80.4507,258.68,27.59,False,,8.24,2.03,1.39,1.910174575654486,0.312148086044589,96.4,17.59,30.65,0.0,0.0,0.0,safe
3,90,2_19,2,19,12.9227,80.4507,257.08,29.51,False,,2.07,2.74,1.84,2.604916859852198,0.3007042679211161,96.5,17.59,30.65,0.0,0.0,0.0,safe
4,120,2_19,2,19,12.9227,80.4507,259.9,23.53,False,,9.21,1.35,3.2,1.1963724493808998,0.1548167523307584,98.2,17.59,30.65,0.0,0.0,0.0,safe
5,150,2_19,2,19,12.9227,80.4507,266.95,30.27,False,,2.56,2.53,1.55,2.5443504343495764,0.2407713860535863,97.2,17.59,30.65,0.0,0.0,0.0,safe
6,180,2_19,2,19,12.9227,80.4507,258.61,33.73,False,,0.92,4.59,6.27,4.440793291508187,0.3501999712023835,95.9,17.59,30.65,0.0,0.0,0.0,safe
7,210,2_19,2,19,12.9227,80.4507,263.68,33.7,False,,8.42,4.66,5.68,4.687498067604611,0.3766079963781593,95.6,17.59,30.65,0.0,0.0,0.0,safe
8,240,2_19,2,19,12.9227,80.4507,253.52,37.18,False,,15.69,6.3,0.56,6.642580178174205,0.7334831817175745,91.5,17.59,30.65,0.0,0.0,0.0,safe
9,270,2_19,2,19,12.9227,80.4507,256.9,30.84,False,,15.76,2.62,0.14,2.811364185532698,0.2750851258784615,96.8,17.59,30.65,0.0,0.0,0.0,safe
10,300,2_19,2,19,12.9227,80.4507,258.65,25.05,False,,17.03,1.14,0.0,1.274943791397927,0.1830547461719077,97.9,17.59,30.65,0.0,0.0,0.0,safe
11,330,2_19,2,19,12.9227,80.4507,266.13,17.29,False,,13.56,0.35,4.76,0.399684858401832,0.0682019020388456,99.0,17.59,30.65,0.0,0.0,0.0,safe
0,0,3_0,3,0,12.9427,80.0707,216.88,54.21,False,,40.59,78.47,88.32,79.51892327666566,2.318797135805544,73.0,15.69,30.87,0.0,48.648923276665656,8.62,moderate
1,30,3_0,3,0,12.9427,80.0707,217.68,51.48,False,,30.1,70.95,78.75,71.90094393648032,3.1491140124079107,63.4,15.69,30.87,0.0,41.03094393648031,15.63,high
2,60,3_0,3,0,12.9427,80.0707,231.19,51.01,False,,35.01,57.93,68.42,56.28899854308608,3.61079092705382,58.0,15.69,30.87,0.0,25.41899854308608,19.37,high
3,90,3_0,3,0,12.9427,80.0707,239.14,48.67,False,,14.75,43.32,52.79,41.60411147070447,3.329716647606336,61.3,15.69,30.87,0.0,10.734111470704466,20.02,high
4,120,3_0,3,0,12.9427,80.0707,244.35,46.39,False,,12.49,31.25,34.92,30.860030769728453,1.478057906116491,82.8,15.69,30.87,0.0,0.0,18.42,high
5,150,3_0,3,0,12.9427,80.0707,250.44,44.21,False,,9.51,21.28,25.18,21.909099707758973,1.457287514154151,83.0,15.69,30.87,0.0,0.0,16.82,high
6,180,3_0,3,0,12.9427,80.0707,253.2,41.63,False,,6.03,12.27,14.41,15.15202333990988,1.602004692594789,81.4,15.69,30.87,0.0,0.0,15.22,high
7,210,3_0,3,0,12.9427,80.0707,255.38,28.23,False,,0.0,2.29,7.75,2.2643879993727025,0.3101035002995151,96.4,15.69,30.87,0.0,0.0,13.62,moderate
8,240,3_0,3,0,12.9427,80.0707,260.73,-10.59,False,,0.0,0.0,1.57,0.0,0.0,99.0,15.69,30.87,0.0,0.0,12.02,moderate
9,270,3_0,3,0,12.9427,80.0707,258.35,24.27,False,,10.19,1.31,2.37,1.2788052002512262,0.1058399289057772,98.8,15.69,30.87,0.0,0.0,10.42,moderate
10,300,3_0,3,0,12.9427,80.0707,256.65,23.87,False,,4.47,0.98,1.73,1.1514302881205734,0.1661330475406709,98.1,15.69,30.87,0.0,0.0,8.82,moderate
11,330,3_0,3,0,12.9427,80.0707,262.26,21.9,False,,2.24,0.73,0.0,0.7903242975284518,0.1011914743505605,98.8,15.69,30.87,0.0,0.0,7.22,moderate
0,0,3_1,3,1,12.9427,80.0907,221.38,55.54,False,,61.86,81.11,88.32,80.31682368759024,4.1364418586063865,51.9,14.42,29.82,0.807087158835575,50.49682368759024,11.14,moderate
1,30,3_1,3,1,12.9427,80.0907,213.27,55.28,False,,50.71,78.08,78.75,80.07321598672148,4.10841928614729,52.2,14.42,29.82,0.807087158835575,50.25321598672148,22.23,high
2,60,3_1,3,1,12.9427,80.0907,219.16,51.46,False,,36.21,68.49,68.42,69.00891477483292,2.649433934627876,69.2,14.42,29.82,0.807087158835575,39.18891477483292,30.52,severe
3,90,3_1,3,1,12.9427,80.0907,232.59,49.96,False,,24.72,51.87,52.79,51.557987738795816,3.987283156593629,53.6,14.42,29.82,0.807087158835575,21.737987738795816,34.4,severe
4,120,3_1,3,1,12.9427,80.0907,245.43,48.22,False,,10.58,35.23,34.92,33.97782710552876,2.6619424026370684,69.0,14.42,29.82,0.807087158835575,4.15782710552876,33.85,severe
5,150,3_1,3,1,12.9427,80.0907,245.83,43.67,False,,1.11,23.65,25.18,22.913531500027748,2.05971158903727,76.0,14.42,29.82,0.807087158835575,0.0,32.25,severe
6,180,3_1,3,1,12.9427,80.0907,251.09,43.19,False,,14.11,15.28,14.41,17.254440294535414,2.0616010675824,76.0,14.42,29.82,0.807087158835575,0.0,30.65,severe
7,210,3_1,3,1,12.9427,80.0907,254.65,34.2,False,,11.57,5.03,7.75,5.052887468459748,0.6002831679846935,93.0,14.42,29.82,0.807087158835575,0.0,29.05,high
8,240,3_1,3,1,12.9427,80.0907,254.54,33.17,False,,0.0,4.75,1.57,4.467700806486827,0.3893698110728706,95.5,14.42,29.82,0.807087158835575,0.0,27.45,high
9,270,3_1,3,1,12.9427,80.0907,260.88,20.25,False,,0.0,0.63,2.37,0.6627241020164041,0.1150473736426099,98.7,14.42,29.82,0.807087158835575,0.0,25.85,high
10,300,3_1,3,1,12.9427,80.0907,255.55,19.98,False,,4.32,0.55,1.73,0.6139828300865792,0.1074446324226337,98.7,14.42,29.82,0.807087158835575,0.0,24.25,high
11,330,3_1,3,1,12.9427,80.0907,263.2,-9.63,False,,9.75,0.0,0.0,0.0,0.0,99.0,14.42,29.82,0.807087158835575,0.0,22.65,high
0,0,3_2,3,2,12.9427,80.1107,213.04,53.43,False,,68.64,82.09,88.32,82.9259973016461,1.6720611026818903,80.5,14.53,28.82,0.13875169276323795,54.105997301646106,10.16,moderate
1,30,3_2,3,2,12.9427,80.1107,214.73,53.03,False,,41.26,83.72,78.75,81.62223983968494,2.932363158369032,65.9,14.53,28.82,0.13875169276323795,52.80223983968494,20.03,high
2,60,3_2,3,2,12.9427,80.1107,221.51,53.73,False,,43.44,74.29,68.42,74.19764415479405,2.231591817186718,74.0,14.53,28.82,0.13875169276323795,45.37764415479405,28.29,high
3,90,3_2,3,2,12.9427,80.1107,224.54,52.34,False,,38.74,62.07,52.79,63.086953852493096,1.3924071615692246,83.8,14.53,28.82,0.13875169276323795,34.266953852493096,34.14,severe
4,120,3_2,3,2,12.9427,80.1107,235.98,50.02,False,,26.65,45.0,34.92,44.10847388527637,1.931852484766725,77.5,14.53,28.82,0.13875169276323795,15.288473885276368,35.86,severe
5,150,3_2,3,2,12.9427,80.1107,241.36,49.22,False,,31.19,28.94,25.18,32.50956191555018,4.521676131650414,50.0,14.53,28.82,0.13875169276323795,3.689561915550179,35.06,severe
6,180,3_2,3,2,12.9427,80.1107,249.42,43.48,False,,6.88,20.33,14.41,19.56019656716613,1.184507502892571,86.2,14.53,28.82,0.13875169276323795,0.0,33.46,severe
7,210,3_2,3,2,12.9427,80.1107,255.4,40.19,False,,10.12,10.29,7.75,10.650454732935202,1.1079087406236456,87.1,14.53,28.82,0.13875169276323795,0.0,31.86,severe
8,240,3_2,3,2,12.9427,80.1107,261.14,32.55,False,,3.64,4.35,1.57,4.205467511216119,0.508346183665541,94.1,14.53,28.82,0.13875169276323795,0.0,30.26,severe
9,270,3_2,3,2,12.9427,80.1107,258.51,-8.01,False,,0.0,0.0,2.37,0.0,0.0,99.0,14.53,28.82,0.13875169276323795,0.0,28.66,high
10,300,3_2,3,2,12.9427,80.1107,255.94,-8.4,False,,8.62,0.0,1.73,0.0,0.0,99.0,14.53,28.82,0.13875169276323795,0.0,27.06,high
11,330,3_2,3,2,12.9427,80.1107,260.61,-9.8,False,,8.44,0.0,0.0,0.0,0.0,99.0,14.53,28.82,0.13875169276323795,0.0,25.46,high
0,0,3_3,3,3,12.9427,80.1307,216.45,53.56,False,,74.06,82.91,88.32,82.61721376403355,1.9097626036247688,77.8,14.68,27.87,0.0,54.747213764033546,9.9,moderate
1,30,3_3,3,3,12.9427,80.1307,210.28,54.11,False,,67.68,83.55,78.75,80.1801784825368,3.0757259985181267,64.2,14.68,27.87,0.0,52.3101784825368,19.28,high
2,60,3_3,3,3,12.9427,80.1307,217.72,52.08,False,,54.66,77.23,68.42,75.38850295692924,3.918022703684008,54.4,14.68,27.87,0.0,47.51850295692924,27.66,high
3,90,3_3,3,3,12.9427,80.1307,224.86,51.79,False,,35.4,63.89,52.79,63.33717773028271,1.2438271761497557,85.5,14.68,27.87,0.0,35.467177730282714,33.51,severe
4,120,3_3,3,3,12.9427,80.1307,232.56,50.61,False,,26.63,47.09,34.92,48.58783917505766,2.931601788954944,65.9,14.68,27.87,0.0,20.71783917505766,36.26,severe
5,150,3_3,3,3,12.9427,80.1307,238.63,46.41,False,,12.15,34.42,25.18,32.85091864679203,2.597787425227862,69.8,14.68,27.87,0.0,4.980918646792031,35.71,severe
6,180,3_3,3,3,12.9427,80.1307,245.43,44.14,False,,8.73,22.09,14.41,21.54409932224361,2.6175576395485574,69.5,14.68,27.87,0.0,0.0,34.11,severe
7,210,3_3,3,3,12.9427,80.1307,252.71,40.78,False,,4.06,12.81,7.75,12.452499501865736,0.7763135917987227,91.0,14.68,27.87,0.0,0.0,32.51,severe
8,240,3_3,3,3,12.9427,80.1307,257.64,37.09,False,,21.48,6.32,1.57,6.8485490835109735,0.8559757871531108,90.0,14.68,27.87,0.0,0.0,30.91,severe
9,270,3_3,3,3,12.9427,80.1307,260.38,25.64,False,,6.9,1.69,2.37,1.656068032217186,0.125917154303431,98.5,14.68,27.87,0.0,0.0,29.31,high
10,300,3_3,3,3,12.9427,80.1307,262.52,31.74,False,,0.0,3.26,1.73,3.269154863525153,0.3691284775507593,95.7,14.68,27.87,0.0,0.0,27.71,high
11,330,3_3,3,3,12.9427,80.1307,263.09,-8.3,False,,8.35,0.0,0.0,0.0,0.0,99.0,14.68,27.87,0.0,0.0,26.11,high
0,0,3_4,3,4,12.9427,80.1507,218.61,54.04,False,,75.21,77.97,75.06,76.76819946365465,3.0222917703428065,64.8,13.34,26.99,0.06781876890323169,49.77819946365466,9.03,moderate
1,30,3_4,3,4,12.9427,80.1507,215.72,54.18,False,,74.18,84.08,83.25,83.06542167621677,1.85386334242124,78.4,13.34,26.99,0.06781876890323169,56.07542167621678,19.41,high
2,60,3_4,3,4,12.9427,80.1507,212.89,53.1,False,,52.08,82.17,85.41,82.37832685676544,1.7137544362562258,80.1,13.34,26.99,0.06781876890323169,55.388326856765445,29.63,high
3,90,3_4,3,4,12.9427,80.1507,224.31,51.91,False,,37.28,70.61,76.47,69.39183641247335,2.747992892181506,68.0,13.34,26.99,0.06781876890323169,42.40183641247336,37.09,severe
4,120,3_4,3,4,12.9427,80.1507,225.08,50.75,False,,16.06,54.29,64.94,56.99363320974381,3.958197021460722,53.9,13.34,26.99,0.06781876890323169,30.003633209743814,41.9,severe
5,150,3_4,3,4,12.9427,80.1507,233.45,50.49,False,,18.89,38.29,45.55,42.28101434131229,5.756693631661457,50.0,13.34,26.99,0.06781876890323169,15.291014341312295,43.56,severe
6,180,3_4,3,4,12.9427,80.1507,244.28,44.41,False,,19.45,23.12,29.73,25.792051011181798,2.255445636884048,73.8,13.34,26.99,0.06781876890323169,0.0,41.96,severe
7,210,3_4,3,4,12.9427,80.1507,254.67,40.81,False,,5.39,14.0,18.27,13.851856124138267,1.2571733947456496,85.4,13.34,26.99,0.06781876890323169,0.0,40.36,severe
8,240,3_4,3,4,12.9427,80.1507,261.34,32.51,False,,11.62,4.64,8.52,4.46869754247007,0.4941524621926071,94.3,13.34,26.99,0.06781876890323169,0.0,38.76,severe
9,270,3_4,3,4,12.9427,80.1507,256.18,36.51,False,,8.4,6.13,4.22,6.462455345922384,0.4679628289293321,94.6,13.34,26.99,0.06781876890323169,0.0,37.16,severe
10,300,3_4,3,4,12.9427,80.1507,254.17,33.86,False,,0.0,4.1,2.64,4.606753463698116,0.5216580066110654,93.9,13.34,26.99,0.06781876890323169,0.0,35.56,severe
11,330,3_4,3,4,12.9427,80.1507,259.33,-6.66,False,,7.59,0.0,0.0,0.0,0.0,99.0,13.34,26.99,0.06781876890323169,0.0,33.96,severe
0,0,3_5,3,5,12.9427,80.1707,222.7,51.38,False,,67.13,71.39,66.32,65.37383335703727,3.824638987911542,55.5,12.69,26.18,0.0,39.19383335703727,6.63,moderate
1,30,3_5,3,5,12.9427,80.1707,211.48,51.24,False,,61.96,78.3,70.34,71.91363966038271,6.595652549586888,50.0,12.69,26.18,0.0,45.733639660382714,14.63,moderate
2,60,3_5,3,5,12.9427,80.1707,216.57,52.21,False,,54.51,80.46,72.16,77.44241974135002,4.4331031043823055,50.0,12.69,26.18,0.0,51.26241974135002,23.8,high
3,90,3_5,3,5,12.9427,80.1707,217.21,51.4,False,,52.45,69.83,64.14,70.093736597414,2.789381076004059,67.5,12.69,26.18,0.0,43.913736597413994,31.42,severe
4,120,3_5,3,5,12.9427,80.1707,231.45,50.54,False,,15.76,56.39,50.32,52.047498423928346,4.366272855565194,50.0,12.69,26.18,0.0,25.867498423928346,35.25,severe
5,150,3_5,3,5,12.9427,80.1707,235.32,47.66,False,,9.81,39.95,36.77,39.97144140622644,1.879509972000024,78.1,12.69,26.18,0.0,13.79144140622644,36.55,severe
6,180,3_5,3,5,12.9427,80.1707,242.4,46.61,False,,16.72,27.82,24.54,28.064618671688077,2.0837061556528487,75.8,12.69,26.18,0.0,1.8846186716880773,35.35,severe
7,210,3_5,3,5,12.9427,80.1707,250.26,42.67,False,,0.0,18.57,17.35,16.968727396348662,1.5108997535528643,82.4,12.69,26.18,0.0,0.0,33.75,severe
8,240,3_5,3,5,12.9427,80.1707,254.49,38.94,False,,0.0,9.69,7.71,9.69885381961405,1.1173086751848935,87.0,12.69,26.18,0.0,0.0,32.15,severe
9,270,3_5,3,5,12.9427,80.1707,259.23,37.35,False,,4.08,6.35,3.01,6.875319683036236,0.8331937369941947,90.3,12.69,26.18,0.0,0.0,30.55,severe
10,300,3_5,3,5,12.9427,80.1707,257.0,30.49,False,,0.0,3.54,3.21,3.1651161078527306,0.3606316635321747,95.8,12.69,26.18,0.0,0.0,28.95,high
11,330,3_5,3,5,12.9427,80.1707,254.96,-10.89,False,,16.7,0.0,0.0,0.0,0.0,99.0,12.69,26.18,0.0,0.0,27.35,high
0,0,3_6,3,6,12.9427,80.1907,226.68,53.8,False,,64.96,65.09,66.32,65.24711183055483,3.3423995872329115,61.1,12.21,25.48,0.3181321730616471,39.767111830554825,7.42,moderate
1,30,3_6,3,6,12.9427,80.1907,226.24,54.29,False,,69.72,74.59,70.34,72.40174290465637,3.3827164038060005,60.6,12.21,25.48,0.3181321730616471,46.92174290465637,16.45,high
2,60,3_6,3,6,12.9427,80.1907,213.48,53.15,False,,54.84,76.22,72.16,77.66011777126585,2.024809448884679,76.4,12.21,25.48,0.3181321730616471,52.18011777126584,26.68,high
3,90,3_6,3,6,12.9427,80.1907,224.83,54.6,False,,42.29,68.45,64.14,67.62427825388254,2.340228374523901,72.8,12.21,25.48,0.3181321730616471,42.14427825388253,34.64,severe
4,120,3_6,3,6,12.9427,80.1907,229.22,50.81,False,,31.26,58.52,50.32,57.206576892392505,2.588996648368494,69.9,12.21,25.48,0.3181321730616471,31.726576892392504,40.23,severe
5,150,3_6,3,6,12.9427,80.1907,235.65,50.12,False,,30.11,44.78,36.77,44.90688697186975,2.193326869872044,74.5,12.21,25.48,0.3181321730616471,19.426886971869752,43.03,severe
6,180,3_6,3,6,12.9427,80.1907,241.45,47.44,False,,8.56,31.72,24.54,31.49504344758599,2.2084433329524686,74.3,12.21,25.48,0.3181321730616471,6.015043447585988,42.8,severe
7,210,3_6,3,6,12.9427,80.1907,247.58,43.35,False,,6.96,18.65,17.35,19.58619277968712,1.6165880725489497,81.2,12.21,25.48,0.3181321730616471,0.0,41.2,severe
8,240,3_6,3,6,12.9427,80.1907,259.61,37.83,False,,0.0,9.9,7.71,9.199044117241922,0.9302479527383104,89.2,12.21,25.48,0.3181321730616471,0.0,39.6,severe
9,270,3_6,3,6,12.9427,80.1907,257.02,31.79,False,,7.92,4.27,3.01,3.916477054051674,0.3843560511023152,95.5,12.21,25.48,0.3181321730616471,0.0,38.0,severe
10,300,3_6,3,6,12.9427,80.1907,260.66,29.01,False,,1.83,2.56,3.21,2.4412723671754937,0.2372349610458249,97.2,12.21,25.48,0.3181321730616471,0.0,36.4,severe
11,330,3_6,3,6,12.9427,80.1907,259.18,24.96,False,,5.54,1.34,0.0,1.438206523927859,0.1712109626769618,98.0,12.21,25.48,0.3181321730616471,0.0,34.8,severe
0,0,3_7,3,7,12.9427,80.2107,222.4,52.45,False,,47.7,55.68,66.32,62.27805161998688,7.065070072717798,50.0,12.0,24.9,0.5334203596145173,37.378051619986884,7.3,moderate
1,30,3_7,3,7,12.9427,80.2107,223.17,53.43,False,,65.08,66.17,70.34,68.4737016994832,3.475027602699243,59.6,12.0,24.9,0.5334203596145173,43.5737016994832,16.07,high
2,60,3_7,3,7,12.9427,80.2107,222.84,51.8,False,,55.71,68.22,72.16,68.1934742333474,2.581358031231712,70.0,12.0,24.9,0.5334203596145173,43.2934742333474,24.77,high
3,90,3_7,3,7,12.9427,80.2107,225.35,52.84,False,,37.8,68.77,64.14,65.9378647186068,2.871108668504048,66.6,12.0,24.9,0.5334203596145173,41.037864718606805,32.94,severe
4,120,3_7,3,7,12.9427,80.2107,234.89,51.54,False,,28.8,56.45,50.32,54.91607375142998,2.9493151654862912,65.7,12.0,24.9,0.5334203596145173,30.01607375142998,38.48,severe
5,150,3_7,3,7,12.9427,80.2107,229.65,49.3,False,,29.52,46.47,36.77,51.24193136289337,5.401404991520126,50.0,12.0,24.9,0.5334203596145173,26.34193136289337,43.15,severe
6,180,3_7,3,7,12.9427,80.2107,246.0,46.3,False,,17.91,30.3,24.54,28.15435543597896,2.798500198212293,67.4,12.0,24.9,0.5334203596145173,3.2543554359789617,42.33,severe
7,210,3_7,3,7,12.9427,80.2107,251.2,43.39,False,,22.99,18.37,17.35,18.57221818777533,1.7357151521368026,79.8,12.0,24.9,0.5334203596145173,0.0,40.73,severe
8,240,3_7,3,7,12.9427,80.2107,255.01,40.99,False,,0.81,13.85,7.71,12.76447395818158,0.8919872124892894,89.6,12.0,24.9,0.5334203596145173,0.0,39.13,severe
9,270,3_7,3,7,12.9427,80.2107,259.44,34.16,False,,14.92,5.26,3.01,4.937481014773461,0.4441732894098861,94.8,12.0,24.9,0.5334203596145173,0.0,37.53,severe
10,300,3_7,3,7,12.9427,80.2107,261.63,30.13,False,,11.52,3.74,3.21,3.3108256174182573,0.4202626020277938,95.1,12.0,24.9,0.5334203596145173,0.0,35.93,severe
11,330,3_7,3,7,12.9427,80.2107,257.16,28.71,False,,0.0,2.92,0.0,2.636380752276224,0.3918559693480228,95.4,12.0,24.9,0.5334203596145173,0.0,34.33,severe
0,0,3_8,3,8,12.9427,80.2307,226.8,47.56,False,,68.05,47.61,31.33,45.38201544191917,8.595057569837445,50.0,11.66,24.46,0.0,20.92201544191917,2.79,low
1,30,3_8,3,8,12.9427,80.2307,231.29,51.22,False,,56.41,55.08,36.72,50.30759814645385,4.25885168061883,50.4,11.66,24.46,0.0,25.847598146453848,6.62,moderate
2,60,3_8,3,8,12.9427,80.2307,226.81,52.36,False,,59.42,63.26,48.38,62.57957198044156,2.0217765746005165,76.5,11.66,24.46,0.0,38.119571980441556,13.03,moderate
3,90,3_8,3,8,12.9427,80.2307,219.29,50.45,False,,40.19,65.29,47.59,67.67093562791777,3.448004060220919,59.9,11.66,24.46,0.0,43.21093562791777,20.5,high
4,120,3_8,3,8,12.9427,80.2307,231.72,49.95,False,,35.86,56.84,49.49,54.047402904967896,3.210704150007413,62.6,11.66,24.46,0.0,29.587402904967895,25.11,high
5,150,3_8,3,8,12.9427,80.2307,234.72,49.79,False,,19.48,48.09,45.12,46.49516712426419,2.669557886399,68.9,11.66,24.46,0.0,22.03516712426419,28.14,high
6,180,3_8,3,8,12.9427,80.2307,240.68,47.27,False,,29.03,35.69,35.83,35.40697840295009,1.9868732073407696,76.9,11.66,24.46,0.0,10.946978402950087,28.84,high
7,210,3_8,3,8,12.9427,80.2307,254.37,43.26,False,,5.28,22.05,26.45,20.07680591670746,2.8857374413512646,66.4,11.66,24.46,0.0,0.0,27.24,high
8,240,3_8,3,8,12.9427,80.2307,250.16,41.77,False,,5.54,14.3,15.93,15.272412298548147,0.8679026804087465,89.9,11.66,24.46,0.0,0.0,25.64,high
9,270,3_8,3,8,12.9427,80.2307,252.98,36.17,False,,5.08,7.37,8.28,7.341396160345191,0.7878165881878018,90.8,11.66,24.46,0.0,0.0,24.04,high
10,300,3_8,3,8,12.9427,80.2307,260.93,32.26,False,,6.83,3.48,4.96,3.707489483514643,0.448779135482381,94.8,11.66,24.46,0.0,0.0,22.44,high
11,330,3_8,3,8,12.9427,80.2307,255.92,28.7,False,,3.58,2.63,1.8,2.4230773766697995,0.4189653394397183,95.1,11.66,24.46,0.0,0.0,20.84,high
0,0,3_9,3,9,12.9427,80.2507,235.89,48.98,False,,47.88,39.02,31.33,41.07239971864463,3.907813088779221,54.5,9.75,24.19,0.5647590205111968,16.88239971864463,2.45,low
1,30,3_9,3,9,12.9427,80.2507,231.3,50.46,False,,50.11,48.68,36.72,49.608121106877206,2.4127537664362104,71.9,9.75,24.19,0.5647590205111968,25.418121106877205,6.94,moderate
2,60,3_9,3,9,12.9427,80.2507,227.5,49.86,False,,48.5,55.56,48.38,55.531701401401484,2.0057473183270638,76.7,9.75,24.19,0.5647590205111968,31.341701401401483,12.85,moderate
3,90,3_9,3,9,12.9427,80.2507,230.36,51.23,False,,50.37,57.39,47.59,55.92642568587762,3.349450390061778,61.0,9.75,24.19,0.5647590205111968,31.736425685877617,18.85,high
4,120,3_9,3,9,12.9427,80.2507,226.52,49.41,False,,35.49,53.78,49.49,54.6522326759863,2.8802417553666397,66.5,9.75,24.19,0.5647590205111968,30.462232675986296,24.55,high
5,150,3_9,3,9,12.9427,80.2507,241.16,49.49,False,,18.45,44.06,45.12,43.137248137767166,2.2161546583043106,74.2,9.75,24.19,0.5647590205111968,18.947248137767165,27.49,high
6,180,3_9,3,9,12.9427,80.2507,241.85,48.76,False,,16.06,34.43,35.83,35.81925723402696,2.211171713373999,74.3,9.75,24.19,0.5647590205111968,11.629257234026962,28.68,high
7,210,3_9,3,9,12.9427,80.2507,249.61,44.05,False,,25.77,23.98,26.45,22.7731132672918,1.8906824872805663,78.0,9.75,24.19,0.5647590205111968,0.0,27.08,high
8,240,3_9,3,9,12.9427,80.2507,252.63,41.72,False,,20.38,15.56,15.93,15.686363659660149,0.8282551025557662,90.4,9.75,24.19,0.5647590205111968,0.0,25.48,high
9,270,3_9,3,9,12.9427,80.2507,257.7,37.66,False,,0.85,7.36,8.28,7.835138318556542,1.02018088185164,88.1,9.75,24.19,0.5647590205111968,0.0,23.88,high
10,300,3_9,3,9,12.9427,80.2507,254.78,33.3,False,,11.61,3.61,4.96,4.554554031525723,0.4985649651680711,94.2,9.75,24.19,0.5647590205111968,0.0,22.28,high
11,330,3_9,3,9,12.9427,80.2507,255.25,33.06,False,,1.16,4.47,1.8,4.112259784462979,0.4668840028301112,94.6,9.75,24.19,0.5647590205111968,0.0,20.68,high
0,0,3_10,3,10,12.9427,80.2707,247.91,47.75,True,31.33,39.72,30.61,31.33,34.382339622236195,3.320983832862052,61.4,9.38,24.1,0.0,10.282339622236194,0.56,low
1,30,3_10,3,10,12.9427,80.2707,235.31,48.96,True,36.72,41.33,36.36,36.72,39.95779578421245,4.151422022025249,51.7,9.38,24.1,0.0,15.857795784212449,2.29,low
2,60,3_10,3,10,12.9427,80.2707,234.85,49.18,True,48.38,53.33,48.19,48.38,47.07910152694084,2.8174969129021386,67.2,9.38,24.1,0.0,22.979101526940838,5.52,moderate
3,90,3_10,3,10,12.9427,80.2707,228.07,51.45,True,47.59,35.67,49.83,47.59,56.07818769824931,3.06323452698766,64.4,9.38,24.1,0.0,31.978187698249307,10.63,moderate
4,120,3_10,3,10,12.9427,80.2707,234.19,48.04,True,49.49,28.84,48.48,49.49,44.25761780559685,3.3386199688346885,61.2,9.38,24.1,0.0,20.15761780559685,13.26,moderate
5,150,3_10,3,10,12.9427,80.2707,243.48,49.22,True,45.12,31.5,45.01,45.12,42.59776233704048,3.427746337452488,60.1,9.38,24.1,0.0,18.497762337040477,15.55,high
6,180,3_10,3,10,12.9427,80.2707,242.71,46.72,True,35.83,11.39,34.76,35.83,31.251150264971603,2.3683531210491853,72.4,9.38,24.1,0.0,7.1511502649716014,15.45,high
7,210,3_10,3,10,12.9427,80.2707,244.43,45.25,True,26.45,12.65,24.29,26.45,25.16557336183835,1.796522915484738,79.1,9.38,24.1,0.0,1.06557336183835,14.07,moderate
8,240,3_10,3,10,12.9427,80.2707,248.63,41.85,True,15.93,6.56,15.53,15.93,15.744569639854657,1.0804999553402226,87.4,9.38,24.1,0.0,0.0,12.47,moderate
9,270,3_10,3,10,12.9427,80.2707,264.12,35.96,True,8.28,7.08,7.39,8.28,6.927825468384242,0.6193623708394974,92.8,9.38,24.1,0.0,0.0,10.87,moderate
10,300,3_10,3,10,12.9427,80.2707,263.17,33.95,True,4.96,19.69,5.34,4.96,5.063720059002886,0.3836659206067185,95.5,9.38,24.1,0.0,0.0,9.27,moderate
11,330,3_10,3,10,12.9427,80.2707,258.66,32.07,True,1.8,26.34,3.15,1.8,3.29386850924668,0.4664130696445655,94.6,9.38,24.1,0.0,0.0,7.67,moderate
0,0,3_11,3,11,12.9427,80.2907,253.82,43.85,False,,37.04,21.28,31.33,21.470204315542944,1.2054520795983488,86.0,7.33,24.19,0.5606346885906337,0.0,0.0,safe
1,30,3_11,3,11,12.9427,80.2907,237.91,46.73,False,,51.7,32.35,36.72,38.06604921574772,3.518035787801634,59.1,7.33,24.19,0.5606346885906337,13.876049215747717,1.72,low
2,60,3_11,3,11,12.9427,80.2907,240.51,49.0,False,,38.29,38.55,48.38,39.770453855191846,2.7529140353644435,68.0,7.33,24.19,0.5606346885906337,15.580453855191845,3.85,low
3,90,3_11,3,11,12.9427,80.2907,233.84,47.99,False,,49.12,46.42,47.59,45.69747134372385,2.41786738342698,71.9,7.33,24.19,0.5606346885906337,21.507471343723847,7.4,moderate
4,120,3_11,3,11,12.9427,80.2907,237.52,49.86,False,,15.71,43.99,49.49,44.24175767827897,1.8495945227619977,78.5,7.33,24.19,0.5606346885906337,20.05175767827897,10.6,moderate
5,150,3_11,3,11,12.9427,80.2907,234.62,48.02,False,,32.88,40.78,45.12,41.531414718562935,1.9320125611859835,77.5,7.33,24.19,0.5606346885906337,17.341414718562934,13.16,moderate
6,180,3_11,3,11,12.9427,80.2907,242.5,47.27,False,,9.94,31.95,35.83,32.22420674446428,1.9783311743237864,77.0,7.33,24.19,0.5606346885906337,8.034206744464282,13.48,moderate
7,210,3_11,3,11,12.9427,80.2907,241.8,47.11,False,,5.76,26.2,26.45,27.84994478043861,2.6893809138729976,68.7,7.33,24.19,0.5606346885906337,3.6599447804386074,12.76,moderate
8,240,3_11,3,11,12.9427,80.2907,246.69,41.23,False,,15.52,14.85,15.93,14.766339724018906,1.419261121972306,83.5,7.33,24.19,0.5606346885906337,0.0,11.16,moderate
9,270,3_11,3,11,12.9427,80.2907,250.7,37.95,False,,1.23,10.09,8.28,9.868905045588894,0.5890422015164283,93.1,7.33,24.19,0.5606346885906337,0.0,9.56,moderate
10,300,3_11,3,11,12.9427,80.2907,258.5,33.38,False,,6.34,4.79,4.96,4.671289865308683,0.3940302501093058,95.4,7.33,24.19,0.5606346885906337,0.0,7.96,moderate
11,330,3_11,3,11,12.9427,80.2907,260.83,14.38,False,,13.45,0.35,1.8,0.2904658333333338,0.050116570495141,99.0,7.33,24.19,0.5606346885906337,0.0,6.36,moderate
0,0,3_12,3,12,12.9427,80.3107,259.82,39.71,True,15.82,30.85,12.64,15.82,11.711927811169728,1.4226218507170765,83.4,7.21,24.46,0.6890441457523817,0.0,0.0,safe
1,30,3_12,3,12,12.9427,80.3107,250.19,45.04,True,24.34,23.26,21.89,24.34,22.911212321048943,2.4495530675011388,71.5,7.21,24.46,0.6890441457523817,0.0,0.0,safe
2,60,3_12,3,12,12.9427,80.3107,243.43,47.86,True,31.49,36.93,30.47,31.49,32.29233524882298,2.8889868989424907,66.4,7.21,24.46,0.6890441457523817,7.832335248822979,0.33,low
3,90,3_12,3,12,12.9427,80.3107,240.2,48.48,True,35.84,24.87,35.99,35.84,37.04275081526544,2.058133167850868,76.1,7.21,24.46,0.6890441457523817,12.582750815265442,1.83,low
4,120,3_12,3,12,12.9427,80.3107,243.49,47.97,True,36.32,28.07,34.72,36.32,32.66814134995867,4.376241836532133,50.0,7.21,24.46,0.6890441457523817,8.208141349958666,2.25,low
5,150,3_12,3,12,12.9427,80.3107,240.32,47.44,True,35.72,15.8,34.48,35.72,35.04566812882965,1.9751300720215077,77.0,7.21,24.46,0.6890441457523817,10.585668128829646,3.25,low
6,180,3_12,3,12,12.9427,80.3107,246.16,46.32,True,29.57,26.47,28.24,29.57,28.692466547378835,1.2286744538414265,85.7,7.21,24.46,0.6890441457523817,4.232466547378834,2.69,low
7,210,3_12,3,12,12.9427,80.3107,248.51,44.97,True,21.23,11.74,20.73,21.23,21.12677416567476,1.473597762455814,82.9,7.21,24.46,0.6890441457523817,0.0,1.09,low
8,240,3_12,3,12,12.9427,80.3107,252.42,39.63,True,14.72,3.45,14.28,14.72,13.13584851233673,1.164713227259105,86.4,7.21,24.46,0.6890441457523817,0.0,0.0,safe
9,270,3_12,3,12,12.9427,80.3107,252.64,37.52,True,10.92,8.61,8.84,10.92,8.61383338461171,0.707694816982678,91.8,7.21,24.46,0.6890441457523817,0.0,0.0,safe
10,300,3_12,3,12,12.9427,80.3107,261.45,33.18,True,4.33,0.0,4.04,4.33,4.13544695758669,0.399300909369673,95.4,7.21,24.46,0.6890441457523817,0.0,0.0,safe
11,330,3_12,3,12,12.9427,80.3107,258.64,27.79,True,2.04,0.0,2.52,2.04,2.348844855746593,0.2697800665602656,96.9,7.21,24.46,0.6890441457523817,0.0,0.0,safe
0,0,3_13,3,13,12.9427,80.3307,259.89,38.97,False,,28.2,7.46,15.82,8.552920783008556,1.677473052278961,80.5,9.6,24.9,0.0,0.0,0.0,safe
1,30,3_13,3,13,12.9427,80.3307,250.77,43.0,False,,16.9,15.16,24.34,16.747908382018235,2.481365981835398,71.1,9.6,24.9,0.0,0.0,0.0,safe
2,60,3_13,3,13,12.9427,80.3307,248.75,44.37,False,,26.28,21.08,31.49,22.26999530697086,2.5776333678871675,70.0,9.6,24.9,0.0,0.0,0.0,safe
3,90,3_13,3,13,12.9427,80.3307,245.96,46.13,False,,31.38,28.37,35.84,27.76261042857384,1.8002992098174908,79.1,9.6,24.9,0.0,2.8626104285738414,0.0,safe
4,120,3_13,3,13,12.9427,80.3307,245.02,46.32,False,,21.82,30.26,36.32,30.6447999928216,1.870747637537764,78.2,9.6,24.9,0.0,5.744799992821601,0.0,safe
5,150,3_13,3,13,12.9427,80.3307,245.44,45.73,False,,28.34,26.61,35.72,26.81511650423941,1.8533307827295105,78.4,9.6,24.9,0.0,1.9151165042394105,0.0,safe
6,180,3_13,3,13,12.9427,80.3307,244.83,43.13,False,,13.18,24.92,29.57,23.077914806499084,2.526718306626052,70.6,9.6,24.9,0.0,0.0,0.0,safe
7,210,3_13,3,13,12.9427,80.3307,244.74,45.04,False,,11.49,22.29,21.23,22.938121397957666,1.946737096604588,77.4,9.6,24.9,0.0,0.0,0.0,safe
8,240,3_13,3,13,12.9427,80.3307,250.49,42.66,False,,0.0,14.57,14.72,15.702900520094769,1.39076785902664,83.8,9.6,24.9,0.0,0.0,0.0,safe
9,270,3_13,3,13,12.9427,80.3307,253.24,38.59,False,,5.48,9.44,10.92,9.583741642028151,0.8591009624136495,90.0,9.6,24.9,0.0,0.0,0.0,safe
10,300,3_13,3,13,12.9427,80.3307,257.07,36.07,False,,7.37,6.84,4.33,6.507350493622016,0.6554020928407831,92.4,9.6,24.9,0.0,0.0,0.0,safe
11,330,3_13,3,13,12.9427,80.3307,253.29,28.34,False,,4.69,2.43,2.04,2.3184608741938377,0.2100332832490128,97.6,9.6,24.9,0.0,0.0,0.0,safe
0,0,3_14,3,14,12.9427,80.3507,252.41,37.39,False,,11.92,10.09,6.59,9.062000925741408,1.2344307254029752,85.6,11.57,25.48,0.0,0.0,0.0,safe
1,30,3_14,3,14,12.9427,80.3507,249.21,39.38,False,,9.25,13.57,9.17,12.492747155116142,1.5760302943756432,81.7,11.57,25.48,0.0,0.0,0.0,safe
2,60,3_14,3,14,12.9427,80.3507,251.93,42.24,False,,28.72,15.26,21.04,16.17635414491247,1.433303680308492,83.3,11.57,25.48,0.0,0.0,0.0,safe
3,90,3_14,3,14,12.9427,80.3507,248.81,46.97,False,,29.96,20.52,23.98,22.72739394493864,2.9366013068040315,65.8,11.57,25.48,0.0,0.0,0.0,safe
4,120,3_14,3,14,12.9427,80.3507,245.08,45.43,False,,25.52,22.94,28.62,24.28232126284145,2.06046528357253,76.0,11.57,25.48,0.0,0.0,0.0,safe
5,150,3_14,3,14,12.9427,80.3507,246.84,45.56,False,,7.56,21.84,24.85,23.554386264174312,1.4840383910449508,82.7,11.57,25.48,0.0,0.0,0.0,safe
6,180,3_14,3,14,12.9427,80.3507,247.42,44.17,False,,17.21,23.34,26.85,22.35588687794536,1.96023059959874,77.2,11.57,25.48,0.0,0.0,0.0,safe
7,210,3_14,3,14,12.9427,80.3507,249.67,44.87,False,,14.84,17.78,22.3,19.726764016464347,2.093181384632034,75.6,11.57,25.48,0.0,0.0,0.0,safe
8,240,3_14,3,14,12.9427,80.3507,257.34,40.0,False,,0.85,12.13,16.79,11.351636247267727,1.3164943103969546,84.7,11.57,25.48,0.0,0.0,0.0,safe
9,270,3_14,3,14,12.9427,80.3507,257.39,35.54,False,,16.2,8.42,10.56,7.436283703858952,1.2061291227466755,86.0,11.57,25.48,0.0,0.0,0.0,safe
10,300,3_14,3,14,12.9427,80.3507,257.04,31.34,False,,0.94,3.75,7.32,3.53325037097955,0.342077191087338,96.0,11.57,25.48,0.0,0.0,0.0,safe
11,330,3_14,3,14,12.9427,80.3507,261.39,23.99,False,,17.15,1.3,5.21,1.2272567150519509,0.1209474730925515,98.6,11.57,25.48,0.0,0.0,0.0,safe
0,0,3_15,3,15,12.9427,80.3707,259.16,34.82,False,,7.63,6.26,6.54,5.974494837107349,0.4407391170478901,94.9,12.89,26.18,0.2052401952337739,0.0,0.0,safe
1,30,3_15,3,15,12.9427,80.3707,260.1,37.49,False,,10.21,7.16,5.7,7.330940301742827,0.7943460117366568,90.8,12.89,26.18,0.2052401952337739,0.0,0.0,safe
2,60,3_15,3,15,12.9427,80.3707,257.1,39.11,False,,14.78,11.31,10.05,10.907027288994843,1.0046665437792444,88.3,12.89,26.18,0.2052401952337739,0.0,0.0,safe
3,90,3_15,3,15,12.9427,80.3707,248.61,42.41,False,,32.62,19.03,14.32,18.525034293243078,1.1356559583600765,86.8,12.89,26.18,0.2052401952337739,0.0,0.0,safe
4,120,3_15,3,15,12.9427,80.3707,251.76,41.62,False,,20.72,15.76,13.85,15.354301633526443,1.4425177841005408,83.2,12.89,26.18,0.2052401952337739,0.0,0.0,safe
5,150,3_15,3,15,12.9427,80.3707,247.34,44.31,False,,15.42,19.18,13.8,20.06655246189257,1.3355020133028854,84.5,12.89,26.18,0.2052401952337739,0.0,0.0,safe
6,180,3_15,3,15,12.9427,80.3707,248.18,42.57,False,,33.55,20.67,12.33,19.61910826135692,1.4855136216544984,82.7,12.89,26.18,0.2052401952337739,0.0,0.0,safe
7,210,3_15,3,15,12.9427,80.3707,251.94,41.55,False,,3.13,14.18,10.3,14.310380186727995,1.6636915381061523,80.6,12.89,26.18,0.2052401952337739,0.0,0.0,safe
8,240,3_15,3,15,12.9427,80.3707,251.3,40.8,False,,0.0,11.72,7.06,12.36611259262144,0.9600705607085328,88.8,12.89,26.18,0.2052401952337739,0.0,0.0,safe
9,270,3_15,3,15,12.9427,80.3707,254.75,36.8,False,,18.17,7.32,6.7,7.284274777130456,0.4579455179186795,94.7,12.89,26.18,0.2052401952337739,0.0,0.0,safe
10,300,3_15,3,15,12.9427,80.3707,257.29,29.83,False,,8.79,4.14,6.27,3.5759256420952563,0.7110803482079006,91.7,12.89,26.18,0.2052401952337739,0.0,0.0,safe
11,330,3_15,3,15,12.9427,80.3707,257.97,27.58,False,,17.52,2.27,4.89,2.106703611685006,0.2545210770929231,97.0,12.89,26.18,0.2052401952337739,0.0,0.0,safe
0,0,3_16,3,16,12.9427,80.3907,261.94,31.25,True,3.09,14.08,3.58,3.09,3.4015402353925754,0.2962000453453627,96.6,14.7,26.99,0.0,0.0,0.0,safe
1,30,3_16,3,16,12.9427,80.3907,262.31,35.18,True,6.99,26.75,6.03,6.99,5.8522289256240345,0.4366149661482741,94.9,14.7,26.99,0.0,0.0,0.0,safe
2,60,3_16,3,16,12.9427,80.3907,254.25,38.54,True,8.13,13.81,9.92,8.13,9.631701958519477,0.7967297237326719,90.7,14.7,26.99,0.0,0.0,0.0,safe
3,90,3_16,3,16,12.9427,80.3907,251.75,39.51,True,7.87,15.0,9.46,7.87,10.117586192668869,0.9450551257514908,89.0,14.7,26.99,0.0,0.0,0.0,safe
4,120,3_16,3,16,12.9427,80.3907,252.73,38.91,True,12.16,12.88,12.29,12.16,11.311694530433352,1.2623236105826143,85.3,14.7,26.99,0.0,0.0,0.0,safe
5,150,3_16,3,16,12.9427,80.3907,254.18,40.7,True,14.36,20.0,14.9,14.36,13.895907600276365,1.192115869700224,86.1,14.7,26.99,0.0,0.0,0.0,safe
6,180,3_16,3,16,12.9427,80.3907,248.28,40.41,True,11.25,4.13,12.81,11.25,12.817107188142431,0.9801990460300112,88.6,14.7,26.99,0.0,0.0,0.0,safe
7,210,3_16,3,16,12.9427,80.3907,250.37,39.41,True,11.1,23.15,10.77,11.1,11.296963824431003,1.2234696131678102,85.8,14.7,26.99,0.0,0.0,0.0,safe
8,240,3_16,3,16,12.9427,80.3907,260.07,38.15,True,8.26,6.95,8.29,8.26,8.572909672961208,0.8790358291509616,89.8,14.7,26.99,0.0,0.0,0.0,safe
9,270,3_16,3,16,12.9427,80.3907,255.74,36.83,True,7.48,0.0,7.47,7.48,7.119981042793638,0.5896776167076699,93.1,14.7,26.99,0.0,0.0,0.0,safe
10,300,3_16,3,16,12.9427,80.3907,256.78,34.82,True,4.53,9.96,4.68,4.53,5.382158520046286,0.806015921137019,90.6,14.7,26.99,0.0,0.0,0.0,safe
11,330,3_16,3,16,12.9427,80.3907,259.79,22.71,True,0.27,6.19,1.04,0.27,1.0585641776496637,0.0874162803482295,99.0,14.7,26.99,0.0,0.0,0.0,safe
0,0,3_17,3,17,12.9427,80.4107,255.91,26.1,True,0.09,18.99,1.44,0.09,1.563718625492389,0.1864831688148828,97.8,15.48,27.87,0.0,0.0,0.0,safe
1,30,3_17,3,17,12.9427,80.4107,265.99,24.08,True,0.0,9.39,1.22,0.0,1.181766804512928,0.1090674746631108,98.7,15.48,27.87,0.0,0.0,0.0,safe
2,60,3_17,3,17,12.9427,80.4107,261.2,30.17,True,3.45,16.41,3.85,3.45,3.1081800501100973,0.3613673086491405,95.8,15.48,27.87,0.0,0.0,0.0,safe
3,90,3_17,3,17,12.9427,80.4107,255.37,36.85,True,8.31,0.0,7.5,8.31,7.268566938353041,0.4789730907276496,94.4,15.48,27.87,0.0,0.0,0.0,safe
4,120,3_17,3,17,12.9427,80.4107,252.8,38.43,True,8.63,8.11,10.31,8.63,9.894307473321216,0.7575960055856519,91.2,15.48,27.87,0.0,0.0,0.0,safe
5,150,3_17,3,17,12.9427,80.4107,254.14,40.32,True,12.07,2.93,11.74,12.07,12.138167488636205,0.9719402135496348,88.7,15.48,27.87,0.0,0.0,0.0,safe
6,180,3_17,3,17,12.9427,80.4107,254.58,41.24,True,10.46,21.27,9.32,10.46,10.727677729455433,1.8150580466352968,78.9,15.48,27.87,0.0,0.0,0.0,safe
7,210,3_17,3,17,12.9427,80.4107,254.65,36.15,True,9.12,10.16,9.07,9.12,7.998629598174278,1.0252146884090405,88.1,15.48,27.87,0.0,0.0,0.0,safe
8,240,3_17,3,17,12.9427,80.4107,255.84,39.62,True,7.81,9.89,8.25,7.81,8.935508480174558,0.9534322275996,88.9,15.48,27.87,0.0,0.0,0.0,safe
9,270,3_17,3,17,12.9427,80.4107,262.01,29.05,True,0.0,16.28,1.94,0.0,2.129323415234348,0.313574232608654,96.4,15.48,27.87,0.0,0.0,0.0,safe
10,300,3_17,3,17,12.9427,80.4107,262.46,31.58,True,2.08,11.64,2.62,2.08,2.881831214145557,0.3469492244371998,96.0,15.48,27.87,0.0,0.0,0.0,safe
11,330,3_17,3,17,12.9427,80.4107,262.56,30.38,True,3.32,14.26,3.42,3.32,3.2755297184013057,0.3025085195843328,96.5,15.48,27.87,0.0,0.0,0.0,safe
0,0,3_18,3,18,12.9427,80.4307,258.01,10.16,False,,10.48,0.18,0.09,0.1807012752525252,0.016262262938704,99.0,15.76,28.82,0.0,0.0,0.0,safe
1,30,3_18,3,18,12.9427,80.4307,260.03,33.31,False,,6.16,3.85,0.0,4.303492474598927,0.6118723040710092,92.9,15.76,28.82,0.0,0.0,0.0,safe
2,60,3_18,3,18,12.9427,80.4307,261.04,12.38,False,,7.28,0.19,3.45,0.2016897619047619,0.0231594037347511,99.0,15.76,28.82,0.0,0.0,0.0,safe
3,90,3_18,3,18,12.9427,80.4307,259.41,34.16,False,,18.64,4.15,8.31,4.493271542783965,0.5137475098275304,94.0,15.76,28.82,0.0,0.0,0.0,safe
4,120,3_18,3,18,12.9427,80.4307,259.38,35.72,False,,8.81,6.0,8.63,6.359812057282065,0.6200571791888043,92.8,15.76,28.82,0.0,0.0,0.0,safe
5,150,3_18,3,18,12.9427,80.4307,257.32,33.44,False,,25.44,5.46,12.07,5.16467185189889,0.5481681702795135,93.6,15.76,28.82,0.0,0.0,0.0,safe
6,180,3_18,3,18,12.9427,80.4307,258.76,35.69,False,,5.52,8.74,10.46,6.481386626401048,0.8252931010384295,90.4,15.76,28.82,0.0,0.0,0.0,safe
7,210,3_18,3,18,12.9427,80.4307,253.88,38.84,False,,5.52,8.21,9.12,9.372198212050348,1.3752626859208383,84.0,15.76,28.82,0.0,0.0,0.0,safe
8,240,3_18,3,18,12.9427,80.4307,254.33,35.67,False,,0.0,6.52,7.81,6.563699245993324,0.5243744528284684,93.9,15.76,28.82,0.0,0.0,0.0,safe
9,270,3_18,3,18,12.9427,80.4307,260.93,32.28,False,,25.93,4.08,0.0,3.8676471759105,0.3617879290935024,95.8,15.76,28.82,0.0,0.0,0.0,safe
10,300,3_18,3,18,12.9427,80.4307,260.99,24.63,False,,0.0,1.28,2.08,1.3385738152371447,0.1616578116707708,98.1,15.76,28.82,0.0,0.0,0.0,safe
11,330,3_18,3,18,12.9427,80.4307,259.87,15.64,False,,4.02,0.34,3.32,0.3635877572427582,0.0452379660509731,99.0,15.76,28.82,0.0,0.0,0.0,safe
0,0,3_19,3,19,12.9427,80.4507,258.55,29.55,False,,13.15,2.28,3.03,2.5737588983584017,0.4259541660918291,95.0,15.81,29.82,0.5665542942656163,0.0,0.0,safe
1,30,3_19,3,19,12.9427,80.4507,260.25,18.51,False,,8.53,0.52,1.14,0.54338057657255,0.050523436226317,99.0,15.81,29.82,0.5665542942656163,0.0,0.0,safe
2,60,3_19,3,19,12.9427,80.4507,265.59,27.11,False,,9.34,1.49,1.39,1.8481271712500875,0.3730089635608595,95.7,15.81,29.82,0.5665542942656163,0.0,0.0,safe
3,90,3_19,3,19,12.9427,80.4507,259.42,28.55,False,,16.42,1.6,1.84,1.8179364878510151,0.2941242282079104,96.6,15.81,29.82,0.5665542942656163,0.0,0.0,safe
4,120,3_19,3,19,12.9427,80.4507,259.52,33.99,False,,7.5,4.32,3.2,4.458128524174862,0.3200474672382935,96.3,15.81,29.82,0.5665542942656163,0.0,0.0,safe
5,150,3_19,3,19,12.9427,80.4507,259.97,36.88,False,,17.86,6.25,1.55,6.566825518670965,0.545628309893038,93.7,15.81,29.82,0.5665542942656163,0.0,0.0,safe
6,180,3_19,3,19,12.9427,80.4507,255.65,30.98,False,,16.3,3.71,6.27,3.4917297960090274,0.3335217686101439,96.1,15.81,29.82,0.5665542942656163,0.0,0.0,safe
7,210,3_19,3,19,12.9427,80.4507,261.05,30.99,False,,3.86,2.79,5.68,3.0462303947149074,0.375690531028181,95.6,15.81,29.82,0.5665542942656163,0.0,0.0,safe
8,240,3_19,3,19,12.9427,80.4507,258.05,37.69,False,,20.87,6.49,0.56,6.96673445963924,0.9702530402744026,88.7,15.81,29.82,0.5665542942656163,0.0,0.0,safe
9,270,3_19,3,19,12.9427,80.4507,255.43,30.76,False,,12.53,2.99,0.14,2.9101680618891264,0.2552205249169252,97.0,15.81,29.82,0.5665542942656163,0.0,0.0,safe
10,300,3_19,3,19,12.9427,80.4507,258.46,32.19,False,,1.7,3.14,0.0,3.2583980304010502,0.3835121854046265,95.5,15.81,29.82,0.5665542942656163,0.0,0.0,safe
11,330,3_19,3,19,12.9427,80.4507,258.31,2.58,False,,9.44,0.04,4.76,0.0626999999999999,0.0457680019227407,99.0,15.81,29.82,0.5665542942656163,0.0,0.0,safe
0,0,4_0,4,0,12.9627,80.0707,219.32,52.77,False,,57.24,74.41,76.95,75.12348327667442,2.7754727425322865,67.7,15.52,30.16,0.0,44.963483276674424,7.84,moderate
1,30,4_0,4,0,12.9627,80.0707,222.77,51.29,False,,42.24,70.96,82.49,69.46831831014427,3.719273305340831,56.7,15.52,30.16,0.0,39.30831831014427,14.5,moderate
2,60,4_0,4,0,12.9627,80.0707,232.41,52.21,False,,34.02,63.22,77.02,61.56424791229594,5.084685662679748,50.0,15.52,30.16,0.0,31.40424791229594,19.49,high
3,90,4_0,4,0,12.9627,80.0707,233.85,50.65,False,,21.43,50.11,66.98,50.283655458190005,2.995933872722697,65.1,15.52,30.16,0.0,20.123655458190004,22.12,high
4,120,4_0,4,0,12.9627,80.0707,240.39,48.52,False,,25.2,34.65,50.62,37.84658279676216,3.1285599952464413,63.6,15.52,30.16,0.0,7.686582796762163,22.13,high
5,150,4_0,4,0,12.9627,80.0707,252.17,45.73,False,,0.0,20.98,34.89,26.611428170073665,3.679063665638101,57.2,15.52,30.16,0.0,0.0,20.53,high
6,180,4_0,4,0,12.9627,80.0707,253.87,39.74,False,,5.53,12.86,19.68,11.813042289801592,1.3595097669215808,84.2,15.52,30.16,0.0,0.0,18.93,high
7,210,4_0,4,0,12.9627,80.0707,259.28,36.59,False,,12.86,6.57,13.43,7.6197862798853,1.108542223547429,87.1,15.52,30.16,0.0,0.0,17.33,high
8,240,4_0,4,0,12.9627,80.0707,258.35,30.53,False,,3.94,2.59,8.33,2.793334182343252,0.3621061061038453,95.8,15.52,30.16,0.0,0.0,15.73,high
9,270,4_0,4,0,12.9627,80.0707,258.77,-9.85,False,,0.0,0.0,5.36,0.0,0.0,99.0,15.52,30.16,0.0,0.0,14.13,moderate
10,300,4_0,4,0,12.9627,80.0707,262.53,26.91,False,,6.85,2.11,0.0,1.7391513054918937,0.2071208633806461,97.6,15.52,30.16,0.0,0.0,12.53,moderate
11,330,4_0,4,0,12.9627,80.0707,259.71,13.04,False,,15.91,0.22,3.3,0.2225935714285711,0.0207395820512885,99.0,15.52,30.16,0.0,0.0,10.93,moderate
0,0,4_1,4,1,12.9627,80.0907,215.79,54.05,False,,56.76,76.47,76.95,77.4230683847586,1.9174266485447489,77.7,14.92,29.06,0.0,48.36306838475859,8.56,moderate
1,30,4_1,4,1,12.9627,80.0907,218.63,53.28,False,,51.95,78.7,82.49,79.45198326313316,1.4950322763913682,82.6,14.92,29.06,0.0,50.391983263133156,17.54,high
2,60,4_1,4,1,12.9627,80.0907,219.46,53.08,False,,27.72,70.5,77.02,73.01188415899306,3.714528772765351,56.8,14.92,29.06,0.0,43.95188415899305,25.17,high
3,90,4_1,4,1,12.9627,80.0907,230.95,52.24,False,,40.58,58.61,66.98,58.76286297253039,5.340656574100914,50.0,14.92,29.06,0.0,29.702862972530394,29.81,high
4,120,4_1,4,1,12.9627,80.0907,237.94,49.51,False,,9.27,42.89,50.62,43.34002857136283,1.962212888238422,77.2,14.92,29.06,0.0,14.28002857136283,31.2,severe
5,150,4_1,4,1,12.9627,80.0907,250.39,46.57,False,,18.24,27.64,34.89,28.899244532804843,2.5797379765391253,70.0,14.92,29.06,0.0,0.0,29.6,high
6,180,4_1,4,1,12.9627,80.0907,251.18,43.19,False,,6.22,17.22,19.68,18.368178728728555,2.10453294506204,75.5,14.92,29.06,0.0,0.0,28.0,high
7,210,4_1,4,1,12.9627,80.0907,258.87,36.34,False,,3.63,7.8,13.43,7.608586258516648,0.6553610306926807,92.4,14.92,29.06,0.0,0.0,26.4,high
8,240,4_1,4,1,12.9627,80.0907,258.0,32.28,False,,0.0,3.88,8.33,3.942293776565612,0.2910008588503463,96.6,14.92,29.06,0.0,0.0,24.8,high
9,270,4_1,4,1,12.9627,80.0907,256.42,32.15,False,,9.79,3.33,5.36,3.643571570680473,0.3615061704704138,95.8,14.92,29.06,0.0,0.0,23.2,high
10,300,4_1,4,1,12.9627,80.0907,258.36,23.92,False,,4.05,1.07,0.0,1.1189373916228675,0.0997056524697126,98.8,14.92,29.06,0.0,0.0,21.6,high
11,330,4_1,4,1,12.9627,80.0907,258.69,-7.84,False,,5.32,0.0,3.3,0.0,0.0,99.0,14.92,29.06,0.0,0.0,20.0,high
0,0,4_2,4,2,12.9627,80.1107,216.82,55.61,True,76.95,68.52,78.58,76.95,78.83102392208396,1.988348529925538,76.9,14.08,28.0,0.0,50.83102392208396,9.07,moderate
1,30,4_2,4,2,12.9627,80.1107,208.63,54.24,True,82.49,58.55,82.22,82.49,82.7342852234436,1.3680452015530007,84.1,14.08,28.0,0.0,54.73428522344361,18.97,high
2,60,4_2,4,2,12.9627,80.1107,218.62,52.75,True,77.02,54.02,77.25,77.02,76.1272338741025,1.9768264289712791,77.0,14.08,28.0,0.0,48.1272338741025,27.48,high
3,90,4_2,4,2,12.9627,80.1107,219.6,51.11,True,66.98,33.41,67.22,66.98,67.46084823030372,2.4488608635482887,71.5,14.08,28.0,0.0,39.460848230303725,34.16,severe
4,120,4_2,4,2,12.9627,80.1107,234.52,50.75,True,50.62,21.47,50.39,50.62,49.685261114724696,2.972907077440362,65.4,14.08,28.0,0.0,21.685261114724696,37.12,severe
5,150,4_2,4,2,12.9627,80.1107,238.26,47.23,True,34.89,9.6,34.82,34.89,35.24742987973219,1.88110891618766,78.1,14.08,28.0,0.0,7.247429879732188,37.04,severe
6,180,4_2,4,2,12.9627,80.1107,248.61,44.12,True,19.68,0.13,19.94,19.68,19.677765667920227,1.549604389424478,82.0,14.08,28.0,0.0,0.0,35.44,severe
7,210,4_2,4,2,12.9627,80.1107,255.02,43.22,True,13.43,1.3,12.88,13.43,14.76346047894446,2.5285411141846974,70.6,14.08,28.0,0.0,0.0,33.84,severe
8,240,4_2,4,2,12.9627,80.1107,255.91,35.03,True,8.33,0.0,7.37,8.33,6.414495136805939,0.6084181902531217,92.9,14.08,28.0,0.0,0.0,32.24,severe
9,270,4_2,4,2,12.9627,80.1107,258.49,34.45,True,5.36,13.55,3.93,5.36,5.0184141690718045,0.7005060778713665,91.8,14.08,28.0,0.0,0.0,30.64,severe
10,300,4_2,4,2,12.9627,80.1107,260.08,12.52,True,0.0,18.41,0.27,0.0,0.2269660714285711,0.0235605373392399,99.0,14.08,28.0,0.0,0.0,29.04,high
11,330,4_2,4,2,12.9627,80.1107,266.29,28.51,True,3.3,4.92,2.44,3.3,2.017582190643913,0.3192822830087821,96.3,14.08,28.0,0.0,0.0,27.44,high
0,0,4_3,4,3,12.9627,80.1307,213.29,52.58,False,,57.11,79.95,76.95,79.54297190924686,2.506793718822615,70.8,12.93,26.99,0.4415148003211602,52.552971909246864,10.65,moderate
1,30,4_3,4,3,12.9627,80.1307,216.33,54.3,False,,71.1,84.68,82.49,83.39487865101968,1.7299719902282735,79.9,12.93,26.99,0.4415148003211602,56.404878651019686,22.21,high
2,60,4_3,4,3,12.9627,80.1307,213.04,53.48,False,,38.04,80.31,77.02,80.05942164135404,2.416699841500864,71.9,12.93,26.99,0.4415148003211602,53.06942164135404,32.98,severe
3,90,4_3,4,3,12.9627,80.1307,216.2,52.72,False,,25.88,73.99,66.98,73.33397173473533,3.3466937028765846,61.1,12.93,26.99,0.4415148003211602,46.343971734735334,42.19,severe
4,120,4_3,4,3,12.9627,80.1307,230.2,52.18,False,,28.64,53.48,50.62,55.28232989873986,3.1189519415063147,63.7,12.93,26.99,0.4415148003211602,28.29232989873986,47.19,severe
5,150,4_3,4,3,12.9627,80.1307,236.74,48.51,False,,13.06,38.98,34.89,39.15340070420472,2.460567029574575,71.4,12.93,26.99,0.4415148003211602,12.163400704204722,48.42,severe
6,180,4_3,4,3,12.9627,80.1307,246.55,45.39,False,,7.64,25.47,19.68,24.87560771040181,1.7314581936533735,79.9,12.93,26.99,0.4415148003211602,0.0,46.82,severe
7,210,4_3,4,3,12.9627,80.1307,253.3,39.26,False,,18.11,12.64,13.43,11.993951021703763,0.9617889604743228,88.8,12.93,26.99,0.4415148003211602,0.0,45.22,severe
8,240,4_3,4,3,12.9627,80.1307,252.19,38.69,False,,6.08,8.35,8.33,9.295334091050597,0.9891044762682164,88.5,12.93,26.99,0.4415148003211602,0.0,43.62,severe
9,270,4_3,4,3,12.9627,80.1307,260.16,23.54,False,,4.71,1.05,5.36,1.0783952106020924,0.0898735273009004,99.0,12.93,26.99,0.4415148003211602,0.0,42.02,severe
10,300,4_3,4,3,12.9627,80.1307,257.84,8.07,False,,9.65,0.14,0.0,0.1951136363636364,0.041979540881447,99.0,12.93,26.99,0.4415148003211602,0.0,40.42,severe
11,330,4_3,4,3,12.9627,80.1307,260.09,11.9,False,,2.52,0.23,3.3,0.2204039285714282,0.0218149762337955,99.0,12.93,26.99,0.4415148003211602,0.0,38.82,severe
0,0,4_4,4,4,12.9627,80.1507,216.58,51.02,True,75.06,83.57,76.5,75.06,70.68149043040296,5.324712306995444,50.0,12.66,26.03,0.0,44.65149043040296,7.78,moderate
1,30,4_4,4,4,12.9627,80.1507,214.59,52.93,True,83.25,67.1,83.63,83.25,82.31098141010787,2.209112985530844,74.3,12.66,26.03,0.0,56.28098141010787,18.0,high
2,60,4_4,4,4,12.9627,80.1507,213.66,53.34,True,85.41,40.97,85.48,85.41,83.81133561720638,2.193545022205869,74.5,12.66,26.03,0.0,57.78133561720638,28.53,high
3,90,4_4,4,4,12.9627,80.1507,215.85,52.25,True,76.47,46.05,75.11,76.47,75.48460525897829,2.607247710498888,69.7,12.66,26.03,0.0,49.45460525897829,37.32,severe
4,120,4_4,4,4,12.9627,80.1507,224.1,53.45,True,64.94,21.56,65.1,64.94,65.11458582974299,2.1304445113263712,75.2,12.66,26.03,0.0,39.08458582974299,43.92,severe
5,150,4_4,4,4,12.9627,80.1507,235.33,50.33,True,45.55,6.21,44.89,45.55,45.1512093691044,2.538989354447303,70.5,12.66,26.03,0.0,19.1212093691044,46.34,severe
6,180,4_4,4,4,12.9627,80.1507,246.93,45.61,True,29.73,2.23,29.64,29.73,25.87588014958008,2.626349605302806,69.4,12.66,26.03,0.0,0.0,44.74,severe
7,210,4_4,4,4,12.9627,80.1507,255.97,44.59,True,18.27,18.15,19.26,18.27,19.27035756076701,1.4569349368309887,83.0,12.66,26.03,0.0,0.0,43.14,severe
8,240,4_4,4,4,12.9627,80.1507,260.4,38.65,True,8.52,20.3,9.83,8.52,9.497000942399538,0.6733671484635596,92.2,12.66,26.03,0.0,0.0,41.54,severe
9,270,4_4,4,4,12.9627,80.1507,251.85,36.46,True,4.22,3.34,5.7,4.22,6.53077321061976,0.9108293276197528,89.4,12.66,26.03,0.0,0.0,39.94,severe
10,300,4_4,4,4,12.9627,80.1507,262.51,27.41,True,2.64,12.65,1.57,2.64,1.7416627691401732,0.2716047982736892,96.8,12.66,26.03,0.0,0.0,38.34,severe
11,330,4_4,4,4,12.9627,80.1507,256.78,-10.05,True,0.0,8.01,0.0,0.0,0.0,0.0,99.0,12.66,26.03,0.0,0.0,36.74,severe
0,0,4_5,4,5,12.9627,80.1707,225.16,51.43,False,,92.42,69.02,75.06,67.63569493412359,4.167949356681356,51.5,12.02,25.15,0.06880057357163238,42.48569493412359,7.48,moderate
1,30,4_5,4,5,12.9627,80.1707,211.92,54.08,False,,74.22,79.85,83.25,81.13639895197599,1.856950577852531,78.4,12.02,25.15,0.06880057357163238,55.98639895197599,17.83,high
2,60,4_5,4,5,12.9627,80.1707,210.2,56.24,False,,61.42,84.72,85.41,84.4477952250089,1.419030216645819,83.5,12.02,25.15,0.06880057357163238,59.297795225008905,28.9,high
3,90,4_5,4,5,12.9627,80.1707,219.31,54.26,False,,50.32,79.49,76.47,77.89747705529219,2.5859008186566794,69.9,12.02,25.15,0.06880057357163238,52.74747705529219,38.57,severe
4,120,4_5,4,5,12.9627,80.1707,220.73,52.81,False,,33.49,66.9,64.94,68.2100375765323,2.960482852748507,65.6,12.02,25.15,0.06880057357163238,43.0600375765323,46.17,severe
5,150,4_5,4,5,12.9627,80.1707,234.06,51.55,False,,17.22,52.0,45.55,51.29574080547533,3.92020572264971,54.4,12.02,25.15,0.06880057357163238,26.145740805475334,50.15,severe
6,180,4_5,4,5,12.9627,80.1707,237.72,48.13,False,,0.0,36.01,29.73,36.69300905559592,2.756667591812646,67.9,12.02,25.15,0.06880057357163238,11.543009055595924,51.02,severe
7,210,4_5,4,5,12.9627,80.1707,250.75,44.96,False,,15.52,21.97,18.27,22.06840317531381,1.2920163044282178,85.0,12.02,25.15,0.06880057357163238,0.0,49.42,severe
8,240,4_5,4,5,12.9627,80.1707,253.69,39.1,False,,17.57,10.02,8.52,11.059742787362568,1.2400888398608108,85.6,12.02,25.15,0.06880057357163238,0.0,47.82,severe
9,270,4_5,4,5,12.9627,80.1707,260.67,33.9,False,,10.48,4.71,4.22,4.799416434841928,0.4587324454232921,94.7,12.02,25.15,0.06880057357163238,0.0,46.22,severe
10,300,4_5,4,5,12.9627,80.1707,261.64,20.06,False,,4.81,0.68,2.64,0.655406811055731,0.115103058489247,98.7,12.02,25.15,0.06880057357163238,0.0,44.62,severe
11,330,4_5,4,5,12.9627,80.1707,258.2,23.25,False,,5.25,1.14,0.0,1.0820267110886628,0.1121773304410682,98.7,12.02,25.15,0.06880057357163238,0.0,43.02,severe
0,0,4_6,4,6,12.9627,80.1907,214.1,51.55,False,,70.01,64.0,66.32,67.51225156926404,5.311565589241593,50.0,11.73,24.37,0.24339260644312333,43.14225156926403,8.01,moderate
1,30,4_6,4,6,12.9627,80.1907,218.21,52.09,False,,79.73,76.0,70.34,72.95601812399305,5.33040419258294,50.0,11.73,24.37,0.24339260644312333,48.58601812399304,17.24,high
2,60,4_6,4,6,12.9627,80.1907,214.0,52.25,False,,57.9,81.16,72.16,79.00147451053247,4.053152112918212,52.8,11.73,24.37,0.24339260644312333,54.63147451053247,27.81,high
3,90,4_6,4,6,12.9627,80.1907,220.91,52.66,False,,37.5,76.85,64.14,73.42940165690283,3.876277119069229,54.9,11.73,24.37,0.24339260644312333,49.05940165690282,37.14,severe
4,120,4_6,4,6,12.9627,80.1907,220.75,52.34,False,,33.45,69.11,50.32,68.22813219882921,2.0670288263186456,76.0,11.73,24.37,0.24339260644312333,43.85813219882921,45.31,severe
5,150,4_6,4,6,12.9627,80.1907,235.64,50.62,False,,31.81,53.73,36.77,51.167352491883705,3.497759459181933,59.3,11.73,24.37,0.24339260644312333,26.797352491883704,49.68,severe
6,180,4_6,4,6,12.9627,80.1907,242.87,48.49,False,,18.02,36.68,24.54,34.10713092573191,2.7328102944590427,68.2,11.73,24.37,0.24339260644312333,9.737130925731908,50.24,severe
7,210,4_6,4,6,12.9627,80.1907,247.97,43.43,False,,14.09,23.01,17.35,20.728862504864004,1.6804964577662826,80.4,11.73,24.37,0.24339260644312333,0.0,48.64,severe
8,240,4_6,4,6,12.9627,80.1907,255.04,42.71,False,,26.86,13.16,7.71,13.90406345265844,1.2738586603944548,85.2,11.73,24.37,0.24339260644312333,0.0,47.04,severe
9,270,4_6,4,6,12.9627,80.1907,253.7,38.56,False,,10.25,8.41,3.01,8.70097041184454,0.8347076311445324,90.3,11.73,24.37,0.24339260644312333,0.0,45.44,severe
10,300,4_6,4,6,12.9627,80.1907,254.71,34.26,False,,11.24,4.59,3.21,4.951078478537195,0.489234103462595,94.3,11.73,24.37,0.24339260644312333,0.0,43.84,severe
11,330,4_6,4,6,12.9627,80.1907,258.65,30.12,False,,5.55,2.53,0.0,2.567000454612106,0.186883611814856,97.8,11.73,24.37,0.24339260644312333,0.0,42.24,severe
0,0,4_7,4,7,12.9627,80.2107,229.04,51.36,False,,64.35,51.78,66.32,56.22672700021796,4.949463338544718,50.0,12.07,23.72,0.0,32.506727000217964,5.23,moderate
1,30,4_7,4,7,12.9627,80.2107,222.89,51.81,False,,70.58,66.08,70.34,66.90395022139411,2.8636853520455943,66.7,12.07,23.72,0.0,43.18395022139411,12.7,moderate
2,60,4_7,4,7,12.9627,80.2107,215.42,52.88,False,,71.05,72.42,72.16,75.13451890308507,3.0743986123557314,64.2,12.07,23.72,0.0,51.41451890308507,21.89,high
3,90,4_7,4,7,12.9627,80.2107,217.69,53.25,False,,46.74,74.0,64.14,74.31520635164601,2.430959025821113,71.7,12.07,23.72,0.0,50.59520635164601,30.92,severe
4,120,4_7,4,7,12.9627,80.2107,220.57,51.96,False,,40.24,68.38,50.32,67.85704532691845,2.2022733133911707,74.4,12.07,23.72,0.0,44.137045326918454,38.59,severe
5,150,4_7,4,7,12.9627,80.2107,229.67,49.9,False,,25.35,57.03,36.77,54.04762455616936,3.87361116106144,54.9,12.07,23.72,0.0,30.32762455616936,43.35,severe
6,180,4_7,4,7,12.9627,80.2107,232.11,50.49,False,,13.68,45.02,24.54,48.51332972603352,3.173921814213937,63.1,12.07,23.72,0.0,24.79332972603352,46.96,severe
7,210,4_7,4,7,12.9627,80.2107,247.58,45.21,False,,15.42,26.45,17.35,25.432173516537134,1.850568190320008,78.5,12.07,23.72,0.0,1.7121735165371348,45.72,severe
8,240,4_7,4,7,12.9627,80.2107,249.01,42.37,False,,8.45,14.35,7.71,15.445585486144587,1.710126857595664,80.1,12.07,23.72,0.0,0.0,44.12,severe
9,270,4_7,4,7,12.9627,80.2107,258.39,34.82,False,,11.02,6.29,3.01,5.859864331108184,0.6138831046116344,92.9,12.07,23.72,0.0,0.0,42.52,severe
10,300,4_7,4,7,12.9627,80.2107,258.88,31.69,False,,1.79,2.85,3.21,3.095616721032509,0.3763711165046352,95.6,12.07,23.72,0.0,0.0,40.92,severe
11,330,4_7,4,7,12.9627,80.2107,255.7,21.67,False,,6.1,1.01,0.0,0.947911027322351,0.1358908379418562,98.4,12.07,23.72,0.0,0.0,39.32,severe
0,0,4_8,4,8,12.9627,80.2307,228.56,48.74,False,,54.47,45.31,31.33,48.48316224206353,5.0818555546649655,50.0,11.89,23.22,0.0,25.26316224206353,3.71,low
1,30,4_8,4,8,12.9627,80.2307,233.82,50.54,False,,55.69,55.29,36.72,52.62981163716288,3.953869881890676,54.0,11.89,23.22,0.0,29.409811637162882,8.28,moderate
2,60,4_8,4,8,12.9627,80.2307,222.98,49.19,False,,54.1,67.08,48.38,63.00512618523985,6.210384391154505,50.0,11.89,23.22,0.0,39.785126185239854,15.04,high
3,90,4_8,4,8,12.9627,80.2307,216.64,52.87,False,,36.98,70.7,47.59,71.82650673644324,2.626414270456819,69.4,11.89,23.22,0.0,48.60650673644324,23.64,high
4,120,4_8,4,8,12.9627,80.2307,222.87,51.46,False,,33.94,63.64,49.49,64.30222722913405,1.9682572718536684,77.1,11.89,23.22,0.0,41.08222722913405,30.67,severe
5,150,4_8,4,8,12.9627,80.2307,226.77,53.85,False,,20.81,60.7,45.12,63.07647993772708,4.391234977860082,50.0,11.89,23.22,0.0,39.85647993772708,37.44,severe
6,180,4_8,4,8,12.9627,80.2307,235.74,47.73,False,,22.55,41.87,35.83,41.51431871386142,2.5709782611927925,70.1,11.89,23.22,0.0,18.294318713861422,39.68,severe
7,210,4_8,4,8,12.9627,80.2307,246.22,47.54,False,,19.88,29.86,26.45,29.8654150497278,2.0489785461762438,76.2,11.89,23.22,0.0,6.645415049727802,39.48,severe
8,240,4_8,4,8,12.9627,80.2307,251.24,43.56,False,,9.83,19.75,15.93,18.98546853996942,1.3072101323449687,84.8,11.89,23.22,0.0,0.0,37.88,severe
9,270,4_8,4,8,12.9627,80.2307,249.11,38.64,False,,16.93,9.98,8.28,10.043015256645976,0.8501968615730712,90.1,11.89,23.22,0.0,0.0,36.28,severe
10,300,4_8,4,8,12.9627,80.2307,262.36,35.49,False,,0.0,5.83,4.96,6.001807151485338,0.6021767510648558,93.0,11.89,23.22,0.0,0.0,34.68,severe
11,330,4_8,4,8,12.9627,80.2307,257.65,30.71,False,,0.0,2.49,1.8,2.768235225075743,0.3636920173815101,95.8,11.89,23.22,0.0,0.0,33.08,severe
0,0,4_9,4,9,12.9627,80.2507,240.85,46.63,False,,52.3,39.25,31.33,36.93718816403294,3.9654941118069633,53.9,9.98,22.91,0.0,14.027188164032939,1.35,low
1,30,4_9,4,9,12.9627,80.2507,237.71,49.7,False,,57.51,44.51,36.72,43.67153627038898,2.3994561687636624,72.1,9.98,22.91,0.0,20.761536270388977,4.11,low
2,60,4_9,4,9,12.9627,80.2507,228.79,50.03,False,,55.14,55.33,48.38,55.28655108917619,2.3261747278130303,72.9,9.98,22.91,0.0,32.37655108917619,9.3,moderate
3,90,4_9,4,9,12.9627,80.2507,231.58,51.98,False,,42.19,61.74,47.59,58.53329756394607,4.193409352869368,51.2,9.98,22.91,0.0,35.62329756394607,15.19,high
4,120,4_9,4,9,12.9627,80.2507,228.23,52.05,False,,26.98,61.65,49.49,60.01116474163236,3.555882344113486,58.6,9.98,22.91,0.0,37.10116474163236,21.38,high
5,150,4_9,4,9,12.9627,80.2507,230.07,48.44,False,,34.92,50.09,45.12,48.50059332688341,3.89360969065613,54.7,9.98,22.91,0.0,25.59059332688341,25.15,high
6,180,4_9,4,9,12.9627,80.2507,236.17,50.12,False,,32.25,42.89,35.83,43.94584904398357,2.056874749156745,76.1,9.98,22.91,0.0,21.03584904398357,27.97,high
7,210,4_9,4,9,12.9627,80.2507,235.61,46.8,False,,21.42,33.71,26.45,34.81241592080338,3.819955536273184,55.6,9.98,22.91,0.0,11.902415920803382,28.87,high
8,240,4_9,4,9,12.9627,80.2507,245.75,43.37,False,,25.71,19.02,15.93,19.57381708658332,1.6471887905626563,80.8,9.98,22.91,0.0,0.0,27.27,high
9,270,4_9,4,9,12.9627,80.2507,252.5,41.04,False,,6.92,12.36,8.28,12.29743624157524,0.7398321095925474,91.4,9.98,22.91,0.0,0.0,25.67,high
10,300,4_9,4,9,12.9627,80.2507,253.38,37.65,False,,21.14,7.42,4.96,7.933471443402519,0.8544198105212706,90.1,9.98,22.91,0.0,0.0,24.07,high
11,330,4_9,4,9,12.9627,80.2507,262.48,32.08,False,,0.0,3.05,1.8,3.1310085821053337,0.2841461973282483,96.7,9.98,22.91,0.0,0.0,22.47,high
0,0,4_10,4,10,12.9627,80.2707,245.87,46.44,False,,45.11,29.09,31.33,29.367950916264157,1.6561371393134154,80.7,8.5,22.8,0.0,6.567950916264156,0.0,safe
1,30,4_10,4,10,12.9627,80.2707,244.47,47.76,False,,37.92,35.7,36.72,35.688941405908984,2.110588325905211,75.4,8.5,22.8,0.0,12.888941405908984,1.11,low
2,60,4_10,4,10,12.9627,80.2707,235.45,50.18,False,,43.55,48.39,48.38,47.69326528871253,1.879166103783873,78.1,8.5,22.8,0.0,24.89326528871253,4.73,low
3,90,4_10,4,10,12.9627,80.2707,228.05,51.82,False,,42.49,53.99,47.59,56.018062225405295,3.2123157726405727,62.6,8.5,22.8,0.0,33.21806222540529,10.11,moderate
4,120,4_10,4,10,12.9627,80.2707,230.2,49.85,False,,48.68,53.94,49.49,53.89377701701357,2.3547506230609376,72.6,8.5,22.8,0.0,31.09377701701357,15.04,high
5,150,4_10,4,10,12.9627,80.2707,227.1,51.59,False,,28.82,51.11,45.12,53.61697857637828,4.013089168442832,53.3,8.5,22.8,0.0,30.81697857637828,19.91,high
6,180,4_10,4,10,12.9627,80.2707,234.61,48.84,False,,9.4,39.13,35.83,40.08090948967963,2.199791413629094,74.4,8.5,22.8,0.0,17.280909489679626,21.94,high
7,210,4_10,4,10,12.9627,80.2707,237.94,48.28,False,,18.18,30.93,26.45,34.04192948406484,4.083842413889174,52.5,8.5,22.8,0.0,11.241929484064837,22.7,high
8,240,4_10,4,10,12.9627,80.2707,245.15,45.21,False,,14.61,22.67,15.93,24.554397535816697,2.150434071540759,75.0,8.5,22.8,0.0,1.7543975358166968,21.47,high
9,270,4_10,4,10,12.9627,80.2707,258.25,40.88,False,,0.0,11.11,8.28,11.770303104286738,0.8302963293433056,90.3,8.5,22.8,0.0,0.0,19.87,high
10,300,4_10,4,10,12.9627,80.2707,260.43,36.65,False,,10.7,7.09,4.96,6.963581183524365,0.417990461874186,95.1,8.5,22.8,0.0,0.0,18.27,high
11,330,4_10,4,10,12.9627,80.2707,257.82,33.52,False,,20.4,3.85,1.8,4.235635578324002,0.5433601099393814,93.7,8.5,22.8,0.0,0.0,16.67,high
0,0,4_11,4,11,12.9627,80.2907,250.62,42.5,False,,40.76,18.32,31.33,18.169530361647016,1.5018930855862265,82.5,7.24,22.91,0.0,0.0,0.0,safe
1,30,4_11,4,11,12.9627,80.2907,244.53,46.65,False,,45.11,29.95,36.72,31.887936509334992,3.344521414406256,61.1,7.24,22.91,0.0,8.977936509334992,0.29,low
2,60,4_11,4,11,12.9627,80.2907,238.74,48.45,False,,52.23,37.55,48.38,38.56523716187786,2.3961279684783348,72.1,7.24,22.91,0.0,15.65523716187786,1.97,low
3,90,4_11,4,11,12.9627,80.2907,230.68,47.21,False,,40.49,44.49,47.59,41.96507761904751,3.80676913629049,55.7,7.24,22.91,0.0,19.055077619047513,4.37,low
4,120,4_11,4,11,12.9627,80.2907,233.72,50.1,False,,44.39,49.66,49.49,49.13403769076484,3.3142453663555265,61.4,7.24,22.91,0.0,26.224037690764842,8.28,moderate
5,150,4_11,4,11,12.9627,80.2907,230.11,50.8,False,,35.04,48.07,45.12,55.28792181208273,3.815853709617032,55.6,7.24,22.91,0.0,32.37792181208273,13.48,moderate
6,180,4_11,4,11,12.9627,80.2907,239.98,48.07,False,,17.98,40.86,35.83,38.599914806934336,2.249745725687049,73.8,7.24,22.91,0.0,15.689914806934336,15.18,high
7,210,4_11,4,11,12.9627,80.2907,251.73,47.56,False,,23.78,29.49,26.45,29.567510134157484,1.4841483624572065,82.7,7.24,22.91,0.0,6.657510134157484,14.97,moderate
8,240,4_11,4,11,12.9627,80.2907,251.43,43.82,False,,19.88,22.75,15.93,20.602378156966743,1.9923438909121247,76.8,7.24,22.91,0.0,0.0,13.37,moderate
9,270,4_11,4,11,12.9627,80.2907,253.68,41.54,False,,23.13,12.47,8.28,14.633621853329291,1.6917437938734337,80.3,7.24,22.91,0.0,0.0,11.77,moderate
10,300,4_11,4,11,12.9627,80.2907,257.9,37.78,False,,8.08,7.46,4.96,7.606593436883421,0.7360732830463823,91.4,7.24,22.91,0.0,0.0,10.17,moderate
11,330,4_11,4,11,12.9627,80.2907,252.73,32.8,False,,12.98,4.12,1.8,3.9175068642640944,0.5074288731550778,94.1,7.24,22.91,0.0,0.0,8.57,moderate
0,0,4_12,4,12,12.9627,80.3107,254.11,42.48,False,,37.24,15.94,15.82,15.787456470836716,1.1637733868859017,86.5,5.93,23.22,0.9991912423721514,0.0,0.0,safe
1,30,4_12,4,12,12.9627,80.3107,251.73,42.81,False,,26.33,20.99,24.34,18.91527673788074,2.4654205859812115,71.3,5.93,23.22,0.9991912423721514,0.0,0.0,safe
2,60,4_12,4,12,12.9627,80.3107,247.23,44.23,False,,58.19,28.5,31.49,26.563514174313,3.1229494302533034,63.7,5.93,23.22,0.9991912423721514,3.3435141743130004,0.0,safe
3,90,4_12,4,12,12.9627,80.3107,239.24,50.48,False,,38.84,37.26,35.84,42.71483446252945,3.4542515322302734,59.8,5.93,23.22,0.9991912423721514,19.494834462529454,3.52,low
4,120,4_12,4,12,12.9627,80.3107,236.29,48.76,False,,31.16,38.5,36.32,39.85911800521136,2.574574380457918,70.0,5.93,23.22,0.9991912423721514,16.63911800521136,6.28,moderate
5,150,4_12,4,12,12.9627,80.3107,246.8,47.23,False,,29.45,37.29,35.72,34.366358092914496,4.116234794056178,52.1,5.93,23.22,0.9991912423721514,11.146358092914497,7.61,moderate
6,180,4_12,4,12,12.9627,80.3107,235.66,48.1,False,,15.25,34.99,29.57,37.89033706335901,3.840855827902039,55.3,5.93,23.22,0.9991912423721514,14.670337063359014,9.86,moderate
7,210,4_12,4,12,12.9627,80.3107,249.77,45.5,False,,13.93,29.28,21.23,26.306486860588816,2.7912317722085827,67.5,5.93,23.22,0.9991912423721514,3.086486860588817,9.07,moderate
8,240,4_12,4,12,12.9627,80.3107,255.23,44.9,False,,10.66,18.06,14.72,19.37531547339977,2.027114335893412,76.4,5.93,23.22,0.9991912423721514,0.0,7.47,moderate
9,270,4_12,4,12,12.9627,80.3107,253.86,39.38,False,,1.8,11.13,10.92,11.036858230942844,0.8920987587489367,89.6,5.93,23.22,0.9991912423721514,0.0,5.87,moderate
10,300,4_12,4,12,12.9627,80.3107,258.74,35.36,False,,0.0,6.6,4.33,5.814428526293666,0.5956681223986494,93.1,5.93,23.22,0.9991912423721514,0.0,4.27,low
11,330,4_12,4,12,12.9627,80.3107,263.27,29.97,False,,19.45,2.88,2.04,2.825091255718008,0.5201202134137398,93.9,5.93,23.22,0.9991912423721514,0.0,2.67,low
0,0,4_13,4,13,12.9627,80.3307,252.26,40.34,True,11.8,31.22,12.28,11.8,11.80538521229783,1.1368499291288774,86.8,7.81,23.72,0.2703359074017957,0.0,0.0,safe
1,30,4_13,4,13,12.9627,80.3307,249.17,42.43,True,17.55,35.7,17.02,17.55,17.23623514333716,1.2329454572493668,85.7,7.81,23.72,0.2703359074017957,0.0,0.0,safe
2,60,4_13,4,13,12.9627,80.3307,248.43,44.08,True,24.41,24.79,23.87,24.41,21.16863253149168,2.1008686307301776,75.6,7.81,23.72,0.2703359074017957,0.0,0.0,safe
3,90,4_13,4,13,12.9627,80.3307,244.94,45.57,True,26.16,30.47,27.38,26.16,24.74859894380504,2.379859164494876,72.3,7.81,23.72,0.2703359074017957,1.02859894380504,0.0,safe
4,120,4_13,4,13,12.9627,80.3307,245.53,47.0,True,32.63,46.56,32.83,32.63,32.29634988187236,2.4793468097247238,71.2,7.81,23.72,0.2703359074017957,8.57634988187236,0.32,low
5,150,4_13,4,13,12.9627,80.3307,241.03,48.44,True,34.76,26.94,33.82,34.76,36.14147973887875,2.362140172631896,72.5,7.81,23.72,0.2703359074017957,12.421479738878752,1.51,low
6,180,4_13,4,13,12.9627,80.3307,238.55,46.53,True,30.6,21.08,30.73,30.6,31.93997423375156,2.588288487792165,69.9,7.81,23.72,0.2703359074017957,8.21997423375156,1.75,low
7,210,4_13,4,13,12.9627,80.3307,250.45,46.04,True,26.53,21.51,25.9,26.53,25.57727043694707,2.0913300893100804,75.7,7.81,23.72,0.2703359074017957,1.857270436947072,0.57,low
8,240,4_13,4,13,12.9627,80.3307,250.86,43.93,True,18.58,0.0,18.87,18.58,19.269713596563296,1.4337607832789552,83.3,7.81,23.72,0.2703359074017957,0.0,0.0,safe
9,270,4_13,4,13,12.9627,80.3307,249.91,42.5,True,16.13,16.45,15.68,16.13,16.71393344830294,1.495164848044709,82.6,7.81,23.72,0.2703359074017957,0.0,0.0,safe
10,300,4_13,4,13,12.9627,80.3307,254.69,39.52,True,10.24,0.0,9.87,10.24,10.246875332359757,1.1416140190433164,86.7,7.81,23.72,0.2703359074017957,0.0,0.0,safe
11,330,4_13,4,13,12.9627,80.3307,258.23,32.76,True,5.65,10.18,3.64,5.65,4.03459383171223,0.5977625264839708,93.0,7.81,23.72,0.2703359074017957,0.0,0.0,safe
0,0,4_14,4,14,12.9627,80.3507,255.37,36.4,True,6.59,12.45,6.42,6.59,6.851591983312004,0.6303463152014575,92.7,9.56,24.37,0.38979677430231696,0.0,0.0,safe
1,30,4_14,4,14,12.9627,80.3507,258.9,39.07,True,9.17,14.39,10.25,9.17,10.350279110431156,1.0945146449445975,87.3,9.56,24.37,0.38979677430231696,0.0,0.0,safe
2,60,4_14,4,14,12.9627,80.3507,250.83,43.12,True,21.04,26.1,20.23,21.04,19.45800669554281,1.7852291988046418,79.2,9.56,24.37,0.38979677430231696,0.0,0.0,safe
3,90,4_14,4,14,12.9627,80.3507,244.94,44.19,True,23.98,31.92,22.39,23.98,22.664811809679005,2.1977897306694136,74.4,9.56,24.37,0.38979677430231696,0.0,0.0,safe
4,120,4_14,4,14,12.9627,80.3507,242.85,46.39,True,28.62,39.56,27.85,28.62,28.61259125026673,1.9007598309012488,77.9,9.56,24.37,0.38979677430231696,4.242591250266727,0.0,safe
5,150,4_14,4,14,12.9627,80.3507,240.64,45.48,True,24.85,24.39,26.61,24.85,27.74717905954128,1.9682417866320472,77.1,9.56,24.37,0.38979677430231696,3.3771790595412803,0.0,safe
6,180,4_14,4,14,12.9627,80.3507,244.06,46.15,True,26.85,22.13,26.52,26.85,26.69303008555244,2.1861250594078254,74.6,9.56,24.37,0.38979677430231696,2.323030085552439,0.0,safe
7,210,4_14,4,14,12.9627,80.3507,247.61,44.13,True,22.3,17.31,22.94,22.3,20.53847588790873,2.017237127645508,76.5,9.56,24.37,0.38979677430231696,0.0,0.0,safe
8,240,4_14,4,14,12.9627,80.3507,253.0,43.02,True,16.79,7.32,16.9,16.79,16.723824333403705,1.1162683202356738,87.0,9.56,24.37,0.38979677430231696,0.0,0.0,safe
9,270,4_14,4,14,12.9627,80.3507,253.75,39.72,True,10.56,10.54,11.02,10.56,11.089284579602932,0.8138342067481075,90.5,9.56,24.37,0.38979677430231696,0.0,0.0,safe
10,300,4_14,4,14,12.9627,80.3507,252.05,36.23,True,7.32,4.74,8.05,7.32,7.5416627849928,0.7221784034350578,91.6,9.56,24.37,0.38979677430231696,0.0,0.0,safe
11,330,4_14,4,14,12.9627,80.3507,253.76,34.12,True,5.21,17.14,6.26,5.21,5.718343773485254,0.7060250101548686,91.8,9.56,24.37,0.38979677430231696,0.0,0.0,safe
0,0,4_15,4,15,12.9627,80.3707,257.14,32.63,False,,28.8,4.84,6.59,4.170650291026917,0.6905526858211883,92.0,11.86,25.15,0.26170284801477095,0.0,0.0,safe
1,30,4_15,4,15,12.9627,80.3707,255.54,37.56,False,,11.53,7.89,9.17,7.968353905928195,1.0151274922180769,88.2,11.86,25.15,0.26170284801477095,0.0,0.0,safe
2,60,4_15,4,15,12.9627,80.3707,260.23,39.95,False,,17.85,10.12,21.04,10.713519630947392,1.3114411289623331,84.7,11.86,25.15,0.26170284801477095,0.0,0.0,safe
3,90,4_15,4,15,12.9627,80.3707,248.01,41.99,False,,30.14,15.18,23.98,16.657983399650945,2.2141859468635503,74.2,11.86,25.15,0.26170284801477095,0.0,0.0,safe
4,120,4_15,4,15,12.9627,80.3707,252.88,42.22,False,,20.55,17.79,28.62,17.20222953470828,1.1527000155006502,86.6,11.86,25.15,0.26170284801477095,0.0,0.0,safe
5,150,4_15,4,15,12.9627,80.3707,243.89,43.53,False,,34.04,22.63,24.85,22.36696495751635,2.7360775794632,68.2,11.86,25.15,0.26170284801477095,0.0,0.0,safe
6,180,4_15,4,15,12.9627,80.3707,247.23,43.45,False,,28.74,22.74,26.85,20.805863538416475,2.166634179607556,74.8,11.86,25.15,0.26170284801477095,0.0,0.0,safe
7,210,4_15,4,15,12.9627,80.3707,250.08,44.77,False,,6.31,18.83,22.3,20.914422837676074,2.24305448146388,73.9,11.86,25.15,0.26170284801477095,0.0,0.0,safe
8,240,4_15,4,15,12.9627,80.3707,250.37,42.79,False,,22.59,18.62,16.79,16.863768024563786,1.6497075871739302,80.8,11.86,25.15,0.26170284801477095,0.0,0.0,safe
9,270,4_15,4,15,12.9627,80.3707,252.32,40.11,False,,0.0,11.11,10.56,11.168003450297729,0.6353321479640401,92.6,11.86,25.15,0.26170284801477095,0.0,0.0,safe
10,300,4_15,4,15,12.9627,80.3707,259.29,38.42,False,,0.0,8.36,7.32,8.595750644541138,0.6666734683467808,92.2,11.86,25.15,0.26170284801477095,0.0,0.0,safe
11,330,4_15,4,15,12.9627,80.3707,257.97,34.6,False,,11.77,4.81,5.21,5.603355070302712,0.7607831246592156,91.1,11.86,25.15,0.26170284801477095,0.0,0.0,safe
0,0,4_16,4,16,12.9627,80.3907,263.08,31.81,False,,1.18,3.25,3.09,3.617261439158634,0.4173896031611384,95.1,14.81,26.03,0.0,0.0,0.0,safe
1,30,4_16,4,16,12.9627,80.3907,254.71,37.03,False,,0.0,6.87,6.99,7.284214919877021,0.4530362143932255,94.7,14.81,26.03,0.0,0.0,0.0,safe
2,60,4_16,4,16,12.9627,80.3907,252.69,33.16,False,,22.25,5.62,8.13,4.666001055764295,0.91084561715471,89.4,14.81,26.03,0.0,0.0,0.0,safe
3,90,4_16,4,16,12.9627,80.3907,254.76,41.65,False,,14.75,14.27,7.87,14.12828233872288,0.7171814333840573,91.7,14.81,26.03,0.0,0.0,0.0,safe
4,120,4_16,4,16,12.9627,80.3907,253.82,42.16,False,,31.87,12.51,12.16,13.88118089320946,1.7107544751806754,80.1,14.81,26.03,0.0,0.0,0.0,safe
5,150,4_16,4,16,12.9627,80.3907,248.99,40.9,False,,27.11,14.98,14.36,14.530632437064687,0.9640224502487466,88.8,14.81,26.03,0.0,0.0,0.0,safe
6,180,4_16,4,16,12.9627,80.3907,250.36,43.28,False,,9.54,20.01,11.25,19.901888048498225,1.7646050137005032,79.5,14.81,26.03,0.0,0.0,0.0,safe
7,210,4_16,4,16,12.9627,80.3907,254.94,41.01,False,,12.1,14.31,11.1,12.99894181409694,1.2777231798960893,85.1,14.81,26.03,0.0,0.0,0.0,safe
8,240,4_16,4,16,12.9627,80.3907,250.76,41.8,False,,17.26,13.59,8.26,14.314713989221422,1.2330553273896565,85.7,14.81,26.03,0.0,0.0,0.0,safe
9,270,4_16,4,16,12.9627,80.3907,254.26,38.73,False,,14.31,9.76,7.48,9.30254698818827,0.7487183811066115,91.3,14.81,26.03,0.0,0.0,0.0,safe
10,300,4_16,4,16,12.9627,80.3907,252.83,33.84,False,,9.9,4.39,4.53,4.690132501564228,0.4203582361800897,95.1,14.81,26.03,0.0,0.0,0.0,safe
11,330,4_16,4,16,12.9627,80.3907,254.64,33.02,False,,16.91,4.44,0.27,4.248664904946181,0.3998955598059877,95.3,14.81,26.03,0.0,0.0,0.0,safe
0,0,4_17,4,17,12.9627,80.4107,260.69,16.6,False,,16.82,0.36,0.09,0.3990417201370178,0.0592857703180603,99.0,14.91,26.99,0.0,0.0,0.0,safe
1,30,4_17,4,17,12.9627,80.4107,258.0,31.8,False,,27.13,3.73,0.0,3.7596543777204734,0.395466986824495,95.4,14.91,26.99,0.0,0.0,0.0,safe
2,60,4_17,4,17,12.9627,80.4107,253.87,35.1,False,,4.57,5.7,3.45,5.55464879568454,0.4233411486325738,95.1,14.91,26.99,0.0,0.0,0.0,safe
3,90,4_17,4,17,12.9627,80.4107,257.77,35.73,False,,6.83,7.54,8.31,6.880504235978261,0.640170730377371,92.6,14.91,26.99,0.0,0.0,0.0,safe
4,120,4_17,4,17,12.9627,80.4107,249.11,37.82,False,,15.1,9.17,8.63,9.732933072906626,1.0296443618023077,88.0,14.91,26.99,0.0,0.0,0.0,safe
5,150,4_17,4,17,12.9627,80.4107,246.92,41.62,False,,16.91,13.47,12.07,14.401112398009122,1.3927230945869544,83.8,14.91,26.99,0.0,0.0,0.0,safe
6,180,4_17,4,17,12.9627,80.4107,257.34,42.56,False,,21.41,13.54,10.46,13.94488664699867,1.0616635845923563,87.6,14.91,26.99,0.0,0.0,0.0,safe
7,210,4_17,4,17,12.9627,80.4107,249.81,42.25,False,,1.01,14.39,9.12,14.778179922160836,1.5286199353780798,82.2,14.91,26.99,0.0,0.0,0.0,safe
8,240,4_17,4,17,12.9627,80.4107,252.45,39.77,False,,11.81,12.07,7.81,11.490102491322544,0.9155150262187018,89.3,14.91,26.99,0.0,0.0,0.0,safe
9,270,4_17,4,17,12.9627,80.4107,255.23,38.55,False,,6.72,9.62,0.0,9.080629791443908,0.8631593252503387,90.0,14.91,26.99,0.0,0.0,0.0,safe
10,300,4_17,4,17,12.9627,80.4107,257.67,35.17,False,,0.55,5.34,2.08,5.321757814359874,0.3284849899418949,96.2,14.91,26.99,0.0,0.0,0.0,safe
11,330,4_17,4,17,12.9627,80.4107,255.49,35.3,False,,0.0,5.24,3.32,5.427726165578494,0.4785489967075141,94.4,14.91,26.99,0.0,0.0,0.0,safe
0,0,4_18,4,18,12.9627,80.4307,259.3,26.95,False,,9.48,1.97,0.09,1.8208804066911268,0.2160414842460001,97.5,15.12,28.0,0.11224688843815933,0.0,0.0,safe
1,30,4_18,4,18,12.9627,80.4307,260.9,25.32,False,,14.22,1.56,0.0,1.4668221375509725,0.1159897529199635,98.7,15.12,28.0,0.11224688843815933,0.0,0.0,safe
2,60,4_18,4,18,12.9627,80.4307,257.38,30.02,False,,18.44,2.72,3.45,2.8195509648434887,0.3438083554394207,96.0,15.12,28.0,0.11224688843815933,0.0,0.0,safe
3,90,4_18,4,18,12.9627,80.4307,252.69,36.77,False,,11.07,6.08,8.31,6.951243757530941,0.8138529267971853,90.5,15.12,28.0,0.11224688843815933,0.0,0.0,safe
4,120,4_18,4,18,12.9627,80.4307,256.81,37.1,False,,20.82,7.8,8.63,7.665894200372984,0.4165079255289777,95.2,15.12,28.0,0.11224688843815933,0.0,0.0,safe
5,150,4_18,4,18,12.9627,80.4307,256.6,36.92,False,,18.86,7.47,12.07,7.822620401399962,0.6704842963880431,92.2,15.12,28.0,0.11224688843815933,0.0,0.0,safe
6,180,4_18,4,18,12.9627,80.4307,246.72,38.39,False,,22.15,8.65,10.46,10.343236770577391,1.1910797970218736,86.1,15.12,28.0,0.11224688843815933,0.0,0.0,safe
7,210,4_18,4,18,12.9627,80.4307,256.42,39.4,False,,18.71,9.4,9.12,9.797570923460771,1.0200082239824393,88.1,15.12,28.0,0.11224688843815933,0.0,0.0,safe
8,240,4_18,4,18,12.9627,80.4307,255.07,38.8,False,,4.84,8.78,7.81,8.918041814060325,0.8525221321501523,90.1,15.12,28.0,0.11224688843815933,0.0,0.0,safe
9,270,4_18,4,18,12.9627,80.4307,258.3,34.74,False,,4.16,4.55,0.0,4.854569840805601,0.5348796141709558,93.8,15.12,28.0,0.11224688843815933,0.0,0.0,safe
10,300,4_18,4,18,12.9627,80.4307,253.68,32.46,False,,15.4,3.57,2.08,3.6352001304721178,0.3325291578290861,96.1,15.12,28.0,0.11224688843815933,0.0,0.0,safe
11,330,4_18,4,18,12.9627,80.4307,255.43,37.02,False,,0.0,5.17,3.32,7.370306162773128,0.7572524765565719,91.2,15.12,28.0,0.11224688843815933,0.0,0.0,safe
0,0,4_19,4,19,12.9627,80.4507,258.0,19.38,False,,1.61,0.57,0.09,0.6070623538961041,0.069197407265365,99.0,15.8,29.06,0.0,0.0,0.0,safe
1,30,4_19,4,19,12.9627,80.4507,257.4,23.47,False,,15.52,0.84,0.0,1.0033280527963453,0.2158590683691499,97.5,15.8,29.06,0.0,0.0,0.0,safe
2,60,4_19,4,19,12.9627,80.4507,257.96,32.61,False,,16.34,3.55,3.45,3.853560256784509,0.3899452580691182,95.5,15.8,29.06,0.0,0.0,0.0,safe
3,90,4_19,4,19,12.9627,80.4507,260.62,30.59,False,,1.31,2.53,8.31,2.8193023068544125,0.4346017170423339,94.9,15.8,29.06,0.0,0.0,0.0,safe
4,120,4_19,4,19,12.9627,80.4507,259.22,37.54,False,,5.05,6.01,8.63,7.459098795942704,0.8555957497866619,90.0,15.8,29.06,0.0,0.0,0.0,safe
5,150,4_19,4,19,12.9627,80.4507,256.95,32.47,False,,19.65,3.73,12.07,3.9125808587116095,0.4801885333032433,94.4,15.8,29.06,0.0,0.0,0.0,safe
6,180,4_19,4,19,12.9627,80.4507,251.62,38.57,False,,11.25,7.45,10.46,9.615948123192974,0.8291582439740124,90.4,15.8,29.06,0.0,0.0,0.0,safe
7,210,4_19,4,19,12.9627,80.4507,257.67,37.24,False,,5.69,6.99,9.12,7.495199098210527,0.7618143654065591,91.1,15.8,29.06,0.0,0.0,0.0,safe
8,240,4_19,4,19,12.9627,80.4507,252.42,37.92,False,,13.55,9.29,7.81,9.317199468079869,0.7357892655112311,91.4,15.8,29.06,0.0,0.0,0.0,safe
9,270,4_19,4,19,12.9627,80.4507,254.07,38.7,False,,10.03,7.66,0.0,8.126502652749465,0.8370189409139619,90.3,15.8,29.06,0.0,0.0,0.0,safe
10,300,4_19,4,19,12.9627,80.4507,259.08,25.32,False,,0.0,1.4,2.08,1.4187195640036467,0.1287007432111327,98.5,15.8,29.06,0.0,0.0,0.0,safe
11,330,4_19,4,19,12.9627,80.4507,258.23,31.22,False,,9.03,2.65,3.32,2.919908008535617,0.3823867176394693,95.6,15.8,29.06,0.0,0.0,0.0,safe
0,0,5_0,5,0,12.9827,80.0707,220.07,53.0,False,,46.2,67.6,76.95,74.4280456650453,3.2458621859110286,62.2,14.39,29.53,0.2051814800855869,44.8980456650453,8.31,moderate
1,30,5_0,5,0,12.9827,80.0707,221.97,53.59,False,,49.12,69.56,82.49,71.69351948791817,3.975429900845092,53.7,14.39,29.53,0.2051814800855869,42.163519487918165,16.02,high
2,60,5_0,5,0,12.9827,80.0707,226.64,50.67,False,,43.15,62.47,77.02,62.477536656745954,3.498817059545273,59.3,14.39,29.53,0.2051814800855869,32.94753665674595,21.69,high
3,90,5_0,5,0,12.9827,80.0707,234.07,48.94,False,,18.43,50.64,66.98,49.0958100947342,3.083299371035795,64.1,14.39,29.53,0.2051814800855869,19.565810094734196,24.41,high
4,120,5_0,5,0,12.9827,80.0707,241.61,48.29,False,,22.79,41.14,50.62,38.9092868038268,3.389365879816537,60.6,14.39,29.53,0.2051814800855869,9.379286803826801,24.88,high
5,150,5_0,5,0,12.9827,80.0707,248.07,45.08,False,,0.0,24.42,34.89,26.444885844648795,3.2231738292182843,62.5,14.39,29.53,0.2051814800855869,0.0,23.28,high
6,180,5_0,5,0,12.9827,80.0707,254.84,43.93,False,,15.01,17.64,19.68,17.876133870962644,1.3385221804395964,84.4,14.39,29.53,0.2051814800855869,0.0,21.68,high
7,210,5_0,5,0,12.9827,80.0707,255.0,38.71,False,,23.15,9.36,13.43,9.47811501149124,0.6694089948210742,92.2,14.39,29.53,0.2051814800855869,0.0,20.08,high
8,240,5_0,5,0,12.9827,80.0707,251.97,32.1,False,,0.0,4.39,8.33,4.163788524849417,0.3471522338960979,96.0,14.39,29.53,0.2051814800855869,0.0,18.48,high
9,270,5_0,5,0,12.9827,80.0707,260.06,34.16,False,,3.15,4.29,5.36,4.508230511855948,0.4441661664890984,94.8,14.39,29.53,0.2051814800855869,0.0,16.88,high
10,300,5_0,5,0,12.9827,80.0707,261.93,-8.42,False,,9.66,0.0,0.0,0.0,0.0,99.0,14.39,29.53,0.2051814800855869,0.0,15.28,high
11,330,5_0,5,0,12.9827,80.0707,261.99,-8.47,False,,14.93,0.0,3.3,0.0,0.0,99.0,14.39,29.53,0.2051814800855869,0.0,13.68,moderate
0,0,5_1,5,1,12.9827,80.0907,217.13,54.26,False,,58.77,76.19,76.95,76.84118690747295,1.4535142601384603,83.1,14.15,28.38,0.0,48.46118690747295,8.58,moderate
1,30,5_1,5,1,12.9827,80.0907,218.3,53.3,False,,48.46,76.34,82.49,79.39337837413322,1.7362128443503808,79.8,14.15,28.38,0.0,51.013378374133225,17.69,high
2,60,5_1,5,1,12.9827,80.0907,219.55,52.76,False,,35.62,71.94,77.02,73.09707628860716,2.736621382156898,68.2,14.15,28.38,0.0,44.71707628860716,25.48,high
3,90,5_1,5,1,12.9827,80.0907,226.69,50.2,False,,31.33,60.85,66.98,59.12712296486035,3.3474434718103496,61.1,14.15,28.38,0.0,30.74712296486035,30.34,severe
4,120,5_1,5,1,12.9827,80.0907,239.78,48.9,False,,8.87,47.21,50.62,44.51895830525505,4.222978761813212,50.9,14.15,28.38,0.0,16.13895830525505,32.13,severe
5,150,5_1,5,1,12.9827,80.0907,242.45,46.98,False,,3.44,31.08,34.89,31.455301041923335,1.98188832625392,76.9,14.15,28.38,0.0,3.0753010419233355,31.17,severe
6,180,5_1,5,1,12.9827,80.0907,249.57,44.57,False,,4.16,22.25,19.68,21.524532798074816,1.6670087037374066,80.6,14.15,28.38,0.0,0.0,29.57,high
7,210,5_1,5,1,12.9827,80.0907,258.82,39.81,False,,4.22,9.96,13.43,10.664185104157523,1.0453095680400102,87.8,14.15,28.38,0.0,0.0,27.97,high
8,240,5_1,5,1,12.9827,80.0907,258.18,37.1,False,,14.53,7.03,8.33,7.1851897426098255,0.4339582869702076,95.0,14.15,28.38,0.0,0.0,26.37,high
9,270,5_1,5,1,12.9827,80.0907,260.78,29.85,False,,10.31,3.12,5.36,3.0365189267418047,0.3903553846917899,95.5,14.15,28.38,0.0,0.0,24.77,high
10,300,5_1,5,1,12.9827,80.0907,257.25,30.32,False,,0.0,2.94,0.0,2.843560954790805,0.2063613340060653,97.6,14.15,28.38,0.0,0.0,23.17,high
11,330,5_1,5,1,12.9827,80.0907,259.28,17.91,False,,0.0,0.53,3.3,0.4840491170634914,0.0681771837267803,99.0,14.15,28.38,0.0,0.0,21.57,high
0,0,5_2,5,2,12.9827,80.1107,218.16,52.83,False,,77.84,75.43,76.95,75.24116294336866,2.654532419559031,69.1,13.45,27.26,0.0,47.98116294336866,8.48,moderate
1,30,5_2,5,2,12.9827,80.1107,217.09,53.36,False,,69.59,79.26,82.49,80.08369375488442,1.756046853636434,79.6,13.45,27.26,0.0,52.82369375488442,17.97,high
2,60,5_2,5,2,12.9827,80.1107,214.71,52.99,False,,49.63,80.26,77.02,79.84090935239499,2.047149867738477,76.2,13.45,27.26,0.0,52.58090935239498,27.41,high
3,90,5_2,5,2,12.9827,80.1107,222.43,52.24,False,,41.67,68.25,66.98,67.15415879185598,3.847120648477688,55.2,13.45,27.26,0.0,39.89415879185597,34.19,severe
4,120,5_2,5,2,12.9827,80.1107,226.41,50.94,False,,19.49,54.24,50.62,55.567265449550405,3.1418678632868238,63.4,13.45,27.26,0.0,28.307265449550403,38.53,severe
5,150,5_2,5,2,12.9827,80.1107,229.68,48.25,False,,4.72,39.38,34.89,42.37197194444448,4.971655168214678,50.0,13.45,27.26,0.0,15.11197194444448,40.11,severe
6,180,5_2,5,2,12.9827,80.1107,249.28,45.55,False,,5.37,26.34,19.68,25.65970596320274,1.7681221853640228,79.4,13.45,27.26,0.0,0.0,38.51,severe
7,210,5_2,5,2,12.9827,80.1107,252.49,42.98,False,,4.58,17.4,13.43,16.809831566318323,1.8053557640725684,79.0,13.45,27.26,0.0,0.0,36.91,severe
8,240,5_2,5,2,12.9827,80.1107,256.68,36.36,False,,6.58,6.71,8.33,6.8459865026689695,0.5658468865824091,93.4,13.45,27.26,0.0,0.0,35.31,severe
9,270,5_2,5,2,12.9827,80.1107,254.58,32.6,False,,21.63,5.05,5.36,4.695851645489511,0.5185397549528097,94.0,13.45,27.26,0.0,0.0,33.71,severe
10,300,5_2,5,2,12.9827,80.1107,255.55,28.32,False,,11.59,1.89,0.0,1.911806998688212,0.150003747034997,98.3,13.45,27.26,0.0,0.0,32.11,severe
11,330,5_2,5,2,12.9827,80.1107,259.14,30.93,False,,0.0,2.94,3.3,3.0306262199497644,0.2926532643905292,96.6,13.45,27.26,0.0,0.0,30.51,severe
0,0,5_3,5,3,12.9827,80.1307,221.81,52.9,False,,76.03,72.4,66.67,71.3829549927219,3.2250854184190425,62.5,12.06,26.18,0.6123987070547905,45.20295499272191,9.35,moderate
1,30,5_3,5,3,12.9827,80.1307,218.64,55.57,False,,49.26,82.74,80.92,81.48748730603452,2.1294345266720134,75.2,12.06,26.18,0.6123987070547905,55.307487306034524,21.14,high
2,60,5_3,5,3,12.9827,80.1307,203.42,55.44,False,,54.53,82.65,83.61,83.25935406149198,1.4595200566902466,83.0,12.06,26.18,0.6123987070547905,57.079354061491976,33.36,severe
3,90,5_3,5,3,12.9827,80.1307,214.18,52.71,False,,46.34,74.76,82.03,77.51673013658905,3.639400408645888,57.7,12.06,26.18,0.6123987070547905,51.33673013658905,44.19,severe
4,120,5_3,5,3,12.9827,80.1307,227.19,51.46,False,,19.04,61.37,70.07,58.48797546035766,5.058132460612689,50.0,12.06,26.18,0.6123987070547905,32.30797546035766,50.42,severe
5,150,5_3,5,3,12.9827,80.1307,234.75,51.34,False,,10.44,46.64,51.66,48.074205101618126,3.2362345541225856,62.3,12.06,26.18,0.6123987070547905,21.894205101618127,54.12,severe
6,180,5_3,5,3,12.9827,80.1307,239.41,48.72,False,,20.68,33.12,39.21,39.48135651221562,3.3567430749626075,60.9,12.06,26.18,0.6123987070547905,13.30135651221562,55.74,severe
7,210,5_3,5,3,12.9827,80.1307,249.95,45.69,False,,9.79,19.67,22.92,22.712498239831547,3.1485873947067384,63.4,12.06,26.18,0.6123987070547905,0.0,54.14,severe
8,240,5_3,5,3,12.9827,80.1307,253.67,39.52,False,,3.05,11.5,12.77,11.54253305384231,0.8684191354598333,89.9,12.06,26.18,0.6123987070547905,0.0,52.54,severe
9,270,5_3,5,3,12.9827,80.1307,257.23,33.58,False,,12.05,3.91,10.44,4.757047676502734,0.4423917848228688,94.9,12.06,26.18,0.6123987070547905,0.0,50.94,severe
10,300,5_3,5,3,12.9827,80.1307,255.54,30.48,False,,0.7,2.8,2.99,2.9240367740081257,0.2487999241850982,97.1,12.06,26.18,0.6123987070547905,0.0,49.34,severe
11,330,5_3,5,3,12.9827,80.1307,257.04,29.53,False,,0.0,2.22,1.63,2.3632102512030504,0.2641303554675972,96.9,12.06,26.18,0.6123987070547905,0.0,47.74,severe
0,0,5_4,5,4,12.9827,80.1507,219.03,52.67,True,66.67,75.12,68.39,66.67,70.8145122778004,3.643625771800017,57.6,12.22,25.15,0.0,45.664512277800405,7.99,moderate
1,30,5_4,5,4,12.9827,80.1507,217.42,54.85,True,80.92,53.92,81.79,80.92,81.52675410558552,1.2839682845113465,85.1,12.22,25.15,0.0,56.376754105585526,18.23,high
2,60,5_4,5,4,12.9827,80.1507,213.22,53.42,True,83.61,45.97,84.62,83.61,83.85808426990059,1.9357805014389775,77.5,12.22,25.15,0.0,58.70808426990059,28.96,high
3,90,5_4,5,4,12.9827,80.1507,217.57,53.15,True,82.03,63.25,81.54,82.03,80.8764171809648,1.8595320858256028,78.4,12.22,25.15,0.0,55.726417180964795,39.06,severe
4,120,5_4,5,4,12.9827,80.1507,222.49,53.74,True,70.07,38.35,70.42,70.07,70.44067598461596,2.2362275710878627,74.0,12.22,25.15,0.0,45.290675984615966,46.97,severe
5,150,5_4,5,4,12.9827,80.1507,232.34,49.45,True,51.66,17.59,52.04,51.66,51.142342518333145,2.9977542823033425,65.1,12.22,25.15,0.0,25.992342518333146,50.83,severe
6,180,5_4,5,4,12.9827,80.1507,236.68,47.52,True,39.21,11.92,39.77,39.21,39.23749832485487,2.0001199730500656,76.7,12.22,25.15,0.0,14.08749832485487,52.19,severe
7,210,5_4,5,4,12.9827,80.1507,245.54,44.65,True,22.92,1.13,23.25,22.92,22.84182300442053,1.9560490827667527,77.2,12.22,25.15,0.0,0.0,50.59,severe
8,240,5_4,5,4,12.9827,80.1507,252.53,39.58,True,12.77,3.46,13.08,12.77,12.316260961129576,0.9363788835887056,89.1,12.22,25.15,0.0,0.0,48.99,severe
9,270,5_4,5,4,12.9827,80.1507,255.27,39.15,True,10.44,29.18,9.76,10.44,10.526403460699116,1.356809224909461,84.2,12.22,25.15,0.0,0.0,47.39,severe
10,300,5_4,5,4,12.9827,80.1507,259.11,31.34,True,2.99,12.77,2.67,2.99,3.1363441914074177,0.324256484879816,96.2,12.22,25.15,0.0,0.0,45.79,severe
11,330,5_4,5,4,12.9827,80.1507,261.86,29.65,True,1.63,0.0,2.47,1.63,2.4832567637461467,0.3215817393256098,96.3,12.22,25.15,0.0,0.0,44.19,severe
0,0,5_5,5,5,12.9827,80.1707,222.37,49.65,False,,69.88,62.7,66.67,61.75246052004081,3.051183703610444,64.5,11.26,24.19,0.4695184556609302,37.562460520040815,7.21,moderate
1,30,5_5,5,5,12.9827,80.1707,212.09,55.81,False,,76.46,78.01,80.92,83.1648109998336,3.159125022486068,63.2,11.26,24.19,0.4695184556609302,58.97481099983361,19.45,high
2,60,5_5,5,5,12.9827,80.1707,216.84,54.36,False,,55.48,82.02,83.61,82.04914201376563,1.4905360566652976,82.7,11.26,24.19,0.4695184556609302,57.859142013765634,31.43,severe
3,90,5_5,5,5,12.9827,80.1707,217.43,53.38,False,,52.27,82.18,82.03,81.18852385270431,1.3692994907328164,84.1,11.26,24.19,0.4695184556609302,56.99852385270431,43.2,severe
4,120,5_5,5,5,12.9827,80.1707,220.47,52.99,False,,36.85,73.07,70.07,72.75234473862663,4.155874431075493,51.6,11.26,24.19,0.4695184556609302,48.562344738626635,53.0,severe
5,150,5_5,5,5,12.9827,80.1707,229.67,49.77,False,,29.99,58.14,51.66,55.88343890089678,3.308664720120373,61.5,11.26,24.19,0.4695184556609302,31.693438900896776,58.84,severe
6,180,5_5,5,5,12.9827,80.1707,234.14,50.91,False,,0.0,43.4,39.21,44.75377386474627,3.230403714375304,62.4,11.26,24.19,0.4695184556609302,20.56377386474627,62.06,severe
7,210,5_5,5,5,12.9827,80.1707,249.08,44.24,False,,0.0,26.33,22.92,20.815426073816983,2.1528620772661977,75.0,11.26,24.19,0.4695184556609302,0.0,60.46,severe
8,240,5_5,5,5,12.9827,80.1707,252.45,43.57,False,,5.77,16.06,12.77,17.871709709277784,1.3311211970863346,84.5,11.26,24.19,0.4695184556609302,0.0,58.86,severe
9,270,5_5,5,5,12.9827,80.1707,256.04,37.27,False,,6.69,8.54,10.44,8.08173585035074,0.5958904875542694,93.1,11.26,24.19,0.4695184556609302,0.0,57.26,severe
10,300,5_5,5,5,12.9827,80.1707,256.52,36.08,False,,10.95,5.31,2.99,6.609772998950449,0.5772774430240669,93.3,11.26,24.19,0.4695184556609302,0.0,55.66,severe
11,330,5_5,5,5,12.9827,80.1707,259.55,22.52,False,,5.61,0.95,1.63,1.0058677194350314,0.1043865518199668,98.8,11.26,24.19,0.4695184556609302,0.0,54.06,severe
0,0,5_6,5,6,12.9827,80.1907,232.24,52.41,False,,60.9,54.66,51.01,56.1686199178505,4.386371289248327,50.0,11.61,23.32,0.0,32.8486199178505,5.3,moderate
1,30,5_6,5,6,12.9827,80.1907,218.71,52.85,False,,61.95,71.91,65.75,72.75476736345553,3.232691803446729,62.4,11.61,23.32,0.0,49.43476736345553,14.08,moderate
2,60,5_6,5,6,12.9827,80.1907,216.65,52.7,False,,73.31,76.52,78.45,76.25907896921137,2.4476758491278234,71.5,11.61,23.32,0.0,52.93907896921137,23.6,high
3,90,5_6,5,6,12.9827,80.1907,215.83,53.2,False,,39.62,82.51,84.22,81.87240634968094,2.0046059040592974,76.7,11.61,23.32,0.0,58.55240634968094,34.29,severe
4,120,5_6,5,6,12.9827,80.1907,217.38,52.18,False,,42.27,76.37,82.03,77.6707519210306,2.985041740382228,65.3,11.61,23.32,0.0,54.3507519210306,44.11,severe
5,150,5_6,5,6,12.9827,80.1907,220.9,52.42,False,,31.84,67.58,73.06,68.99154919427511,3.1140681929834386,63.8,11.61,23.32,0.0,45.67154919427511,52.1,severe
6,180,5_6,5,6,12.9827,80.1907,231.37,51.28,False,,19.32,47.66,56.4,50.91356480895306,3.661489194388616,57.4,11.61,23.32,0.0,27.59356480895306,56.29,severe
7,210,5_6,5,6,12.9827,80.1907,246.0,46.03,False,,9.36,28.92,38.15,28.871336144366488,2.776365815764337,67.7,11.61,23.32,0.0,5.551336144366488,55.86,severe
8,240,5_6,5,6,12.9827,80.1907,244.73,43.29,False,,15.53,19.15,26.52,20.69271763609789,2.1062027456862977,75.5,11.61,23.32,0.0,0.0,54.26,severe
9,270,5_6,5,6,12.9827,80.1907,251.54,40.16,False,,0.0,12.15,12.9,12.342280816204775,1.3933911469582652,83.8,11.61,23.32,0.0,0.0,52.66,severe
10,300,5_6,5,6,12.9827,80.1907,255.22,35.81,False,,16.94,6.56,4.3,6.563169751158736,0.4431611781908067,94.8,11.61,23.32,0.0,0.0,51.06,severe
11,330,5_6,5,6,12.9827,80.1907,259.19,26.02,False,,7.71,1.9,4.54,1.8300732964666024,0.15404149913123,98.2,11.61,23.32,0.0,0.0,49.46,severe
0,0,5_7,5,7,12.9827,80.2107,231.43,50.62,False,,72.41,48.34,51.01,50.81266863504707,3.54091180158924,58.8,10.75,22.58,0.44972548735058915,28.23266863504707,5.0,moderate
1,30,5_7,5,7,12.9827,80.2107,220.65,51.1,False,,61.34,62.45,65.75,64.49090908121511,3.109053338180953,63.8,10.75,22.58,0.44972548735058915,41.91090908121511,13.19,moderate
2,60,5_7,5,7,12.9827,80.2107,215.23,52.73,False,,57.03,74.83,78.45,77.5226678178204,3.032451699839334,64.7,10.75,22.58,0.44972548735058915,54.94266781782041,24.42,high
3,90,5_7,5,7,12.9827,80.2107,211.83,53.07,False,,44.95,80.14,84.22,81.38397963661671,2.0833119058374905,75.8,10.75,22.58,0.44972548735058915,58.80397963661672,36.56,severe
4,120,5_7,5,7,12.9827,80.2107,218.87,51.9,False,,52.88,75.36,82.03,75.55076611358423,2.554895905493668,70.3,10.75,22.58,0.44972548735058915,52.97076611358423,47.33,severe
5,150,5_7,5,7,12.9827,80.2107,223.08,51.36,False,,41.33,65.67,73.06,67.16086739638811,4.429036911412314,50.0,10.75,22.58,0.44972548735058915,44.580867396388115,56.15,severe
6,180,5_7,5,7,12.9827,80.2107,227.64,51.33,False,,32.42,54.3,56.4,55.77634529622963,2.390685894197495,72.2,10.75,22.58,0.44972548735058915,33.19634529622963,62.3,severe
7,210,5_7,5,7,12.9827,80.2107,243.61,48.93,False,,10.03,34.5,38.15,35.162258158707154,2.6446797231305834,69.2,10.75,22.58,0.44972548735058915,12.582258158707155,63.64,severe
8,240,5_7,5,7,12.9827,80.2107,246.41,44.78,False,,0.0,21.92,26.52,22.920639179808564,1.7938809951503878,79.1,10.75,22.58,0.44972548735058915,0.34063917980856573,62.12,severe
9,270,5_7,5,7,12.9827,80.2107,248.83,44.05,False,,6.58,14.37,12.9,17.378609585585792,3.135825069081159,63.5,10.75,22.58,0.44972548735058915,0.0,60.52,severe
10,300,5_7,5,7,12.9827,80.2107,260.73,36.77,False,,13.89,6.34,4.3,6.630194455168217,0.448695196995596,94.8,10.75,22.58,0.44972548735058915,0.0,58.92,severe
11,330,5_7,5,7,12.9827,80.2107,261.1,30.06,False,,10.09,2.88,4.54,2.953658147767108,0.403338314488884,95.3,10.75,22.58,0.44972548735058915,0.0,57.32,severe
0,0,5_8,5,8,12.9827,80.2307,242.35,49.17,False,,65.28,39.1,33.47,37.66401654540678,2.73251320662274,68.2,11.15,22.0,0.0,15.664016545406781,1.69,low
1,30,5_8,5,8,12.9827,80.2307,231.98,51.86,False,,75.53,55.0,43.24,54.18152338449109,3.268257058993571,62.0,11.15,22.0,0.0,32.18152338449109,6.85,moderate
2,60,5_8,5,8,12.9827,80.2307,219.12,52.29,False,,71.84,66.8,63.88,69.07132567899153,3.400414705753897,60.4,11.15,22.0,0.0,47.07132567899153,15.13,high
3,90,5_8,5,8,12.9827,80.2307,221.63,51.32,False,,51.33,74.05,75.1,71.9533030760602,3.2056536853580835,62.7,11.15,22.0,0.0,49.953303076060195,24.02,high
4,120,5_8,5,8,12.9827,80.2307,222.24,54.02,False,,43.85,73.83,80.85,73.2205290366276,3.0605790423069927,64.4,11.15,22.0,0.0,51.220529036627596,33.18,severe
5,150,5_8,5,8,12.9827,80.2307,227.66,53.3,False,,43.93,65.44,75.42,64.52997840728719,2.7798576354188684,67.7,11.15,22.0,0.0,42.52997840728719,40.51,severe
6,180,5_8,5,8,12.9827,80.2307,225.8,50.27,False,,37.74,52.96,68.31,56.31765808167918,5.077261200841827,50.0,11.15,22.0,0.0,34.31765808167918,46.12,severe
7,210,5_8,5,8,12.9827,80.2307,235.97,47.82,False,,30.96,37.86,56.58,44.26115079112408,3.0698232886702,64.3,11.15,22.0,0.0,22.26115079112408,49.19,severe
8,240,5_8,5,8,12.9827,80.2307,245.3,43.75,False,,7.86,24.76,41.65,24.819725544782077,1.7491391565653638,79.6,11.15,22.0,0.0,2.8197255447820773,48.18,severe
9,270,5_8,5,8,12.9827,80.2307,253.09,41.85,False,,0.0,14.85,24.84,15.357522017450355,1.140120869619227,86.7,11.15,22.0,0.0,0.0,46.58,severe
10,300,5_8,5,8,12.9827,80.2307,253.18,37.86,False,,0.0,10.16,16.56,10.169730279703884,0.6172144848557439,92.8,11.15,22.0,0.0,0.0,44.98,severe
11,330,5_8,5,8,12.9827,80.2307,258.8,32.31,False,,14.36,3.55,5.04,3.560808686466732,0.3223401558289944,96.2,11.15,22.0,0.0,0.0,43.38,severe
0,0,5_9,5,9,12.9827,80.2507,244.03,47.79,False,,50.0,34.64,31.33,35.29000556749808,3.0804332990205263,64.2,8.7,21.63,0.37658849534109073,13.660005567498079,1.54,low
1,30,5_9,5,9,12.9827,80.2507,234.65,49.55,False,,65.08,46.74,36.72,45.4407778948519,1.8866968089769476,78.0,8.7,21.63,0.37658849534109073,23.8107778948519,5.41,moderate
2,60,5_9,5,9,12.9827,80.2507,227.29,51.39,False,,63.77,57.91,48.38,57.53594182832505,2.9917120765980165,65.2,8.7,21.63,0.37658849534109073,35.905941828325055,12.06,moderate
3,90,5_9,5,9,12.9827,80.2507,225.67,51.23,False,,51.6,66.2,47.59,64.7583424870597,2.7317414399729216,68.2,8.7,21.63,0.37658849534109073,43.12834248705971,20.37,high
4,120,5_9,5,9,12.9827,80.2507,224.96,52.08,False,,38.96,66.63,49.49,64.42231865848585,1.81520503853789,78.9,8.7,21.63,0.37658849534109073,42.792318658485854,28.6,high
5,150,5_9,5,9,12.9827,80.2507,221.53,51.68,False,,43.96,64.67,45.12,65.83138854227344,2.2366822114893785,74.0,8.7,21.63,0.37658849534109073,44.20138854227345,37.16,severe
6,180,5_9,5,9,12.9827,80.2507,234.84,50.97,False,,15.24,51.16,35.83,46.27531602023448,5.203627360675972,50.0,8.7,21.63,0.37658849534109073,24.64531602023448,41.22,severe
7,210,5_9,5,9,12.9827,80.2507,236.33,48.08,False,,23.34,39.26,26.45,38.62358566081055,2.761571190861909,67.9,8.7,21.63,0.37658849534109073,16.99358566081055,43.53,severe
8,240,5_9,5,9,12.9827,80.2507,245.61,45.91,False,,20.39,26.33,15.93,25.740437646927425,2.0844170011760914,75.7,8.7,21.63,0.37658849534109073,4.110437646927426,42.87,severe
9,270,5_9,5,9,12.9827,80.2507,252.91,42.82,False,,8.0,17.88,8.28,17.17526113429561,1.3619939379830546,84.2,8.7,21.63,0.37658849534109073,0.0,41.27,severe
10,300,5_9,5,9,12.9827,80.2507,256.7,37.4,False,,3.56,8.76,4.96,7.574940923360937,0.8962084442351806,89.6,8.7,21.63,0.37658849534109073,0.0,39.67,severe
11,330,5_9,5,9,12.9827,80.2507,259.06,34.65,False,,3.31,5.73,1.8,5.282267216402012,0.6782639502844805,92.1,8.7,21.63,0.37658849534109073,0.0,38.07,severe
0,0,5_10,5,10,12.9827,80.2707,240.07,45.26,False,,46.19,25.59,31.33,27.49153481653154,3.3062611087279463,61.5,7.35,21.5,0.04716689716506739,5.991534816531541,0.0,safe
1,30,5_10,5,10,12.9827,80.2707,243.17,48.81,False,,54.36,36.77,36.72,36.2428348871729,1.89484625907593,78.0,7.35,21.5,0.04716689716506739,14.742834887172897,1.53,low
2,60,5_10,5,10,12.9827,80.2707,235.41,51.19,False,,65.04,47.86,48.38,49.19393822686104,2.7046968654404253,68.5,7.35,21.5,0.04716689716506739,27.693938226861043,5.82,moderate
3,90,5_10,5,10,12.9827,80.2707,229.05,52.03,False,,38.77,58.37,47.59,58.05831525164688,1.8930947044500652,78.0,7.35,21.5,0.04716689716506739,36.55831525164688,11.98,moderate
4,120,5_10,5,10,12.9827,80.2707,225.15,52.49,False,,50.46,61.6,49.49,63.62212271291596,1.8222303612498656,78.8,7.35,21.5,0.04716689716506739,42.12212271291596,19.33,high
5,150,5_10,5,10,12.9827,80.2707,228.95,50.94,False,,36.71,57.52,45.12,56.54998879384159,2.8902675144684404,66.4,7.35,21.5,0.04716689716506739,35.04998879384159,25.18,high
6,180,5_10,5,10,12.9827,80.2707,232.22,51.72,False,,40.73,50.66,35.83,52.05065126452002,4.426471509463286,50.0,7.35,21.5,0.04716689716506739,30.55065126452002,30.07,severe
7,210,5_10,5,10,12.9827,80.2707,234.11,47.7,False,,9.07,38.26,26.45,38.33845579922366,3.239258592651513,62.3,7.35,21.5,0.04716689716506739,16.83845579922366,32.05,severe
8,240,5_10,5,10,12.9827,80.2707,243.26,45.55,False,,18.7,27.43,15.93,26.99256641946675,2.1263240032958155,75.3,7.35,21.5,0.04716689716506739,5.492566419466751,31.62,severe
9,270,5_10,5,10,12.9827,80.2707,252.23,42.46,False,,17.52,18.18,8.28,17.15719292480634,1.3006086199388918,84.9,7.35,21.5,0.04716689716506739,0.0,30.02,severe
10,300,5_10,5,10,12.9827,80.2707,253.89,41.09,False,,2.99,11.18,4.96,11.89247601787998,0.9086547031596154,89.4,7.35,21.5,0.04716689716506739,0.0,28.42,high
11,330,5_10,5,10,12.9827,80.2707,257.99,37.78,False,,0.37,6.55,1.8,7.06218002027141,0.8215785027810949,90.4,7.35,21.5,0.04716689716506739,0.0,26.82,high
0,0,5_11,5,11,12.9827,80.2907,249.46,44.57,False,,33.54,18.32,14.6,21.61289979973186,2.089289035280871,75.7,6.3,21.63,0.0,0.0,0.0,safe
1,30,5_11,5,11,12.9827,80.2907,240.98,47.81,False,,43.23,28.43,19.62,35.92492350481682,3.964723488999908,53.9,6.3,21.63,0.0,14.294923504816818,1.4,low
2,60,5_11,5,11,12.9827,80.2907,238.54,47.92,False,,49.64,40.05,27.28,40.05140563026392,6.083409261134436,50.0,6.3,21.63,0.0,18.421405630263923,3.67,low
3,90,5_11,5,11,12.9827,80.2907,235.56,50.36,False,,57.35,48.04,41.86,46.69346789275329,2.3505449176657227,72.7,6.3,21.63,0.0,25.06346789275329,7.33,moderate
4,120,5_11,5,11,12.9827,80.2907,235.43,48.73,False,,39.97,47.94,47.4,46.86403224686057,2.4448702109469678,71.6,6.3,21.63,0.0,25.23403224686057,11.03,moderate
5,150,5_11,5,11,12.9827,80.2907,232.04,52.02,False,,33.6,51.57,54.27,56.09570155559182,4.177079434864336,51.4,6.3,21.63,0.0,34.46570155559182,16.67,high
6,180,5_11,5,11,12.9827,80.2907,236.49,48.13,False,,25.23,46.33,52.43,44.47233672160335,2.8984769503467467,66.3,6.3,21.63,0.0,22.84233672160335,19.87,high
7,210,5_11,5,11,12.9827,80.2907,236.88,49.12,False,,30.77,40.48,44.38,43.57166072680206,3.1815914851866727,63.0,6.3,21.63,0.0,21.94166072680206,22.88,high
8,240,5_11,5,11,12.9827,80.2907,244.68,44.92,False,,9.06,27.6,36.23,26.724303082244568,1.6075605436256128,81.3,6.3,21.63,0.0,5.0943030822445685,22.35,high
9,270,5_11,5,11,12.9827,80.2907,252.53,43.64,False,,10.74,16.74,25.38,19.66193607638908,3.0196010097030173,64.9,6.3,21.63,0.0,0.0,20.75,high
10,300,5_11,5,11,12.9827,80.2907,250.18,38.3,False,,2.55,10.14,16.18,10.134206751426012,1.1387600958734834,86.8,6.3,21.63,0.0,0.0,19.15,high
11,330,5_11,5,11,12.9827,80.2907,258.02,37.95,False,,15.71,6.8,6.74,7.483378361578686,0.9856524524619198,88.5,6.3,21.63,0.0,0.0,17.55,high
0,0,5_12,5,12,12.9827,80.3107,255.21,43.6,False,,33.82,16.06,8.19,16.99136501599586,1.8017756815665584,79.0,5.47,22.0,0.46981829629109306,0.0,0.0,safe
1,30,5_12,5,12,12.9827,80.3107,249.82,44.18,False,,40.72,22.46,17.07,21.18112272259543,1.7877932895997457,79.2,5.47,22.0,0.46981829629109306,0.0,0.0,safe
2,60,5_12,5,12,12.9827,80.3107,241.18,46.62,False,,47.19,29.56,23.78,29.66771399001815,2.310159509245409,73.1,5.47,22.0,0.46981829629109306,7.66771399001815,0.2,low
3,90,5_12,5,12,12.9827,80.3107,235.55,50.01,False,,40.87,42.23,29.38,43.29612997610163,1.8162847172382748,78.9,5.47,22.0,0.46981829629109306,21.296129976101632,3.6,low
4,120,5_12,5,12,12.9827,80.3107,238.9,49.03,False,,50.39,47.08,36.25,44.42367546851935,3.671222537735655,57.3,5.47,22.0,0.46981829629109306,22.42367546851935,7.26,moderate
5,150,5_12,5,12,12.9827,80.3107,225.33,49.25,False,,30.76,45.71,38.41,49.78732583333324,6.819279175744992,50.0,5.47,22.0,0.46981829629109306,27.78732583333324,12.18,moderate
6,180,5_12,5,12,12.9827,80.3107,237.46,48.73,False,,21.22,44.18,39.2,41.46854685475613,3.239024077152208,62.3,5.47,22.0,0.46981829629109306,19.468546854756127,15.15,high
7,210,5_12,5,12,12.9827,80.3107,238.99,47.06,False,,23.05,36.59,29.77,35.188251635403944,2.561366989816438,70.2,5.47,22.0,0.46981829629109306,13.188251635403944,16.64,high
8,240,5_12,5,12,12.9827,80.3107,238.14,45.72,False,,8.23,30.94,24.28,30.233386898597747,3.2137590297875054,62.6,5.47,22.0,0.46981829629109306,8.233386898597747,16.98,high
9,270,5_12,5,12,12.9827,80.3107,245.08,44.93,False,,9.96,20.76,19.17,21.697083206449765,1.3618689755192388,84.2,5.47,22.0,0.46981829629109306,0.0,15.38,high
10,300,5_12,5,12,12.9827,80.3107,256.9,40.45,False,,13.91,12.36,13.3,12.655834386704871,1.3040396118221391,84.8,5.47,22.0,0.46981829629109306,0.0,13.78,moderate
11,330,5_12,5,12,12.9827,80.3107,256.22,37.33,False,,8.25,5.65,7.77,6.873337487976921,1.144128344060214,86.7,5.47,22.0,0.46981829629109306,0.0,12.18,moderate
0,0,5_13,5,13,12.9827,80.3307,256.06,33.9,True,8.19,36.67,6.9,8.19,6.271602104251862,1.0070719306316342,88.3,7.23,22.58,0.0,0.0,0.0,safe
1,30,5_13,5,13,12.9827,80.3307,247.14,44.34,True,17.07,30.94,17.26,17.07,19.520454180402755,1.699247356316029,80.2,7.23,22.58,0.0,0.0,0.0,safe
2,60,5_13,5,13,12.9827,80.3307,244.08,43.67,True,23.78,36.19,22.33,23.78,21.92528387734571,1.973117737389695,77.0,7.23,22.58,0.0,0.0,0.0,safe
3,90,5_13,5,13,12.9827,80.3307,244.57,46.14,True,29.38,27.79,29.76,29.38,28.405667131744664,2.2245751074388798,74.1,7.23,22.58,0.0,5.825667131744666,0.0,safe
4,120,5_13,5,13,12.9827,80.3307,243.86,46.9,True,36.25,38.36,37.05,36.25,34.79720998198668,2.8548306847996585,66.8,7.23,22.58,0.0,12.217209981986684,0.97,low
5,150,5_13,5,13,12.9827,80.3307,242.67,48.88,True,38.41,28.83,39.97,38.41,38.06916646572383,2.802522679157975,67.4,7.23,22.58,0.0,15.489166465723834,2.62,low
6,180,5_13,5,13,12.9827,80.3307,236.29,47.3,True,39.2,31.03,39.23,39.2,39.08503239359031,1.969310789818522,77.1,7.23,22.58,0.0,16.505032393590312,4.48,low
7,210,5_13,5,13,12.9827,80.3307,241.16,47.01,True,29.77,19.36,32.01,29.77,31.73399587108106,1.9677574929159527,77.1,7.23,22.58,0.0,9.153995871081062,4.81,low
8,240,5_13,5,13,12.9827,80.3307,250.92,45.9,True,24.28,8.19,24.48,24.28,23.899868973753417,2.0414668114660586,76.2,7.23,22.58,0.0,1.3198689737534188,3.48,low
9,270,5_13,5,13,12.9827,80.3307,248.02,45.35,True,19.17,20.43,19.37,19.17,22.59167612574999,3.147215644832086,63.4,7.23,22.58,0.0,0.011676125749993105,1.89,low
10,300,5_13,5,13,12.9827,80.3307,252.7,40.8,True,13.3,2.2,13.36,13.3,13.35571087260928,1.0518121295563736,87.8,7.23,22.58,0.0,0.0,0.29,low
11,330,5_13,5,13,12.9827,80.3307,252.56,38.44,True,7.77,2.56,7.56,7.77,9.53827357460064,0.9789510325917176,88.6,7.23,22.58,0.0,0.0,0.0,safe
0,0,5_14,5,14,12.9827,80.3507,262.01,33.74,True,4.76,0.0,3.92,4.76,4.281072223837438,0.5352689298641757,93.8,8.55,23.32,0.5042854464392708,0.0,0.0,safe
1,30,5_14,5,14,12.9827,80.3507,254.7,40.47,True,11.52,13.25,12.16,11.52,12.136411979256811,1.0877102601214694,87.3,8.55,23.32,0.5042854464392708,0.0,0.0,safe
2,60,5_14,5,14,12.9827,80.3507,246.97,42.41,True,17.11,38.54,17.11,17.11,18.023371423007003,1.7920247509468648,79.2,8.55,23.32,0.5042854464392708,0.0,0.0,safe
3,90,5_14,5,14,12.9827,80.3507,243.62,45.02,True,26.71,35.14,25.91,26.71,25.88507009463041,1.406524657281583,83.6,8.55,23.32,0.5042854464392708,2.5650700946304106,0.0,safe
4,120,5_14,5,14,12.9827,80.3507,242.74,45.3,True,28.73,41.83,29.38,28.73,25.580905472574663,2.2052644701656745,74.3,8.55,23.32,0.5042854464392708,2.260905472574663,0.0,safe
5,150,5_14,5,14,12.9827,80.3507,242.65,46.37,True,30.6,21.82,31.85,30.6,30.39525992956466,2.7186749172641416,68.4,8.55,23.32,0.5042854464392708,7.075259929564659,0.07,low
6,180,5_14,5,14,12.9827,80.3507,242.32,46.22,True,33.27,36.02,31.34,33.27,30.36974538560371,2.4808548725668103,71.1,8.55,23.32,0.5042854464392708,7.0497453856037104,0.14,low
7,210,5_14,5,14,12.9827,80.3507,246.77,46.38,True,27.16,16.65,28.79,27.16,28.477445417813,1.3321226128804398,84.5,8.55,23.32,0.5042854464392708,5.157445417813001,0.0,safe
8,240,5_14,5,14,12.9827,80.3507,244.55,43.33,True,24.04,24.25,23.38,24.04,22.37543999814021,1.7348594663333203,79.8,8.55,23.32,0.5042854464392708,0.0,0.0,safe
9,270,5_14,5,14,12.9827,80.3507,254.12,43.57,True,18.41,9.37,18.39,18.41,18.18599510774426,0.8237203570209486,90.4,8.55,23.32,0.5042854464392708,0.0,0.0,safe
10,300,5_14,5,14,12.9827,80.3507,251.86,41.95,True,13.82,9.93,12.99,13.82,15.481751110657012,1.6794190064474543,80.5,8.55,23.32,0.5042854464392708,0.0,0.0,safe
11,330,5_14,5,14,12.9827,80.3507,256.71,33.87,True,4.75,0.0,5.57,4.75,5.090438609853681,0.5453492392967395,93.7,8.55,23.32,0.5042854464392708,0.0,0.0,safe
0,0,5_15,5,15,12.9827,80.3707,259.92,35.21,False,,14.46,5.58,4.76,5.747401129496144,0.4062395403386679,95.3,11.22,24.19,0.0,0.0,0.0,safe
1,30,5_15,5,15,12.9827,80.3707,255.72,36.65,False,,11.91,8.75,11.52,7.874466921223094,0.8527890373402314,90.1,11.22,24.19,0.0,0.0,0.0,safe
2,60,5_15,5,15,12.9827,80.3707,254.21,37.79,False,,14.69,9.85,17.11,9.72294860186163,1.1907642424582547,86.1,11.22,24.19,0.0,0.0,0.0,safe
3,90,5_15,5,15,12.9827,80.3707,251.61,41.9,False,,13.31,16.77,26.71,16.136025352287888,1.475332802047858,82.8,11.22,24.19,0.0,0.0,0.0,safe
4,120,5_15,5,15,12.9827,80.3707,249.74,43.36,False,,12.3,20.38,28.73,20.67675169368257,1.2966274306398504,84.9,11.22,24.19,0.0,0.0,0.0,safe
5,150,5_15,5,15,12.9827,80.3707,244.28,45.27,False,,34.6,24.39,30.6,26.218829292743376,2.714150278800099,68.4,11.22,24.19,0.0,2.0288292927433744,0.0,safe
6,180,5_15,5,15,12.9827,80.3707,243.96,46.3,False,,37.22,25.58,33.27,31.924202936843084,2.4596268591899517,71.4,11.22,24.19,0.0,7.734202936843083,0.02,safe
7,210,5_15,5,15,12.9827,80.3707,242.16,46.97,False,,4.42,26.63,27.16,27.793638301871628,1.7501713185472434,79.6,11.22,24.19,0.0,3.6036383018716265,0.0,safe
8,240,5_15,5,15,12.9827,80.3707,246.28,46.83,False,,17.96,23.08,24.04,25.23652032743493,2.5063547180767007,70.8,11.22,24.19,0.0,1.04652032743493,0.0,safe
9,270,5_15,5,15,12.9827,80.3707,253.64,42.92,False,,4.36,16.47,18.41,16.197192659755046,1.2067370151375474,86.0,11.22,24.19,0.0,0.0,0.0,safe
10,300,5_15,5,15,12.9827,80.3707,251.23,40.21,False,,14.69,10.18,13.82,11.624517160129887,1.764855753929849,79.5,11.22,24.19,0.0,0.0,0.0,safe
11,330,5_15,5,15,12.9827,80.3707,260.64,34.99,False,,24.94,5.39,4.75,5.76170953275383,0.5214428300769447,93.9,11.22,24.19,0.0,0.0,0.0,safe
0,0,5_16,5,16,12.9827,80.3907,257.82,31.79,True,2.23,16.14,3.83,2.23,3.744915984836199,0.3104078142113272,96.4,13.31,25.15,0.0,0.0,0.0,safe
1,30,5_16,5,16,12.9827,80.3907,256.75,33.08,True,2.88,11.63,4.56,2.88,4.272177964115041,0.4178223489150116,95.1,13.31,25.15,0.0,0.0,0.0,safe
2,60,5_16,5,16,12.9827,80.3907,253.42,37.96,True,10.06,24.79,8.91,10.06,9.206423957151872,0.6628291499734832,92.3,13.31,25.15,0.0,0.0,0.0,safe
3,90,5_16,5,16,12.9827,80.3907,254.02,41.3,True,13.34,16.63,13.28,13.34,13.31991588288866,1.0856150692798086,87.4,13.31,25.15,0.0,0.0,0.0,safe
4,120,5_16,5,16,12.9827,80.3907,251.0,41.35,True,15.48,25.86,13.76,15.48,14.412175156221734,1.0064188989139926,88.3,13.31,25.15,0.0,0.0,0.0,safe
5,150,5_16,5,16,12.9827,80.3907,251.92,44.2,True,17.87,30.09,20.06,17.87,19.819772506909043,1.2214141216581136,85.8,13.31,25.15,0.0,0.0,0.0,safe
6,180,5_16,5,16,12.9827,80.3907,247.77,43.89,True,19.89,17.95,19.42,19.89,20.06141875196484,1.4052975009738933,83.6,13.31,25.15,0.0,0.0,0.0,safe
7,210,5_16,5,16,12.9827,80.3907,249.17,42.71,True,19.44,11.31,20.37,19.44,19.38841369536734,2.0545475513295792,76.1,13.31,25.15,0.0,0.0,0.0,safe
8,240,5_16,5,16,12.9827,80.3907,248.92,43.3,True,18.05,20.21,17.76,18.05,18.920568769474876,2.2405318505936176,73.9,13.31,25.15,0.0,0.0,0.0,safe
9,270,5_16,5,16,12.9827,80.3907,254.08,40.51,True,12.28,15.13,12.13,12.28,12.217133285471798,1.130887300330908,86.8,13.31,25.15,0.0,0.0,0.0,safe
10,300,5_16,5,16,12.9827,80.3907,251.63,37.12,True,8.29,0.0,8.01,8.29,7.951775569832398,0.5914980764671784,93.1,13.31,25.15,0.0,0.0,0.0,safe
11,330,5_16,5,16,12.9827,80.3907,257.16,37.66,True,6.87,4.88,8.13,6.87,7.918019745786047,0.6451748498443445,92.5,13.31,25.15,0.0,0.0,0.0,safe
0,0,5_17,5,17,12.9827,80.4107,260.55,16.99,False,,0.0,0.57,2.23,0.5025504299177339,0.0855752521954849,99.0,13.83,26.18,0.08486643632415358,0.0,0.0,safe
1,30,5_17,5,17,12.9827,80.4107,259.54,25.4,False,,24.3,1.49,2.88,1.4172256353791384,0.1639327292665152,98.1,13.83,26.18,0.08486643632415358,0.0,0.0,safe
2,60,5_17,5,17,12.9827,80.4107,252.63,31.72,False,,4.41,4.7,10.06,4.394467339006132,0.4811573350673386,94.4,13.83,26.18,0.08486643632415358,0.0,0.0,safe
3,90,5_17,5,17,12.9827,80.4107,253.93,37.75,False,,26.56,7.69,13.34,8.41918588475288,0.9962272015135896,88.4,13.83,26.18,0.08486643632415358,0.0,0.0,safe
4,120,5_17,5,17,12.9827,80.4107,254.03,41.69,False,,14.17,11.67,15.48,14.099854484951786,1.2998472520445885,84.9,13.83,26.18,0.08486643632415358,0.0,0.0,safe
5,150,5_17,5,17,12.9827,80.4107,256.11,43.12,False,,27.55,15.99,17.87,16.43343351013548,1.889611061075684,78.0,13.83,26.18,0.08486643632415358,0.0,0.0,safe
6,180,5_17,5,17,12.9827,80.4107,249.74,41.82,False,,4.22,13.83,19.89,14.717896508159184,1.4536876644506975,83.1,13.83,26.18,0.08486643632415358,0.0,0.0,safe
7,210,5_17,5,17,12.9827,80.4107,249.17,43.34,False,,8.85,17.58,19.44,18.92732574344208,1.58351221545933,81.6,13.83,26.18,0.08486643632415358,0.0,0.0,safe
8,240,5_17,5,17,12.9827,80.4107,249.16,42.89,False,,9.14,13.34,18.05,14.96488678416506,2.1547248269792174,74.9,13.83,26.18,0.08486643632415358,0.0,0.0,safe
9,270,5_17,5,17,12.9827,80.4107,255.21,39.7,False,,16.77,10.33,12.28,10.82524396310014,1.2273038916902723,85.7,13.83,26.18,0.08486643632415358,0.0,0.0,safe
10,300,5_17,5,17,12.9827,80.4107,257.72,34.23,False,,7.49,5.31,8.29,5.135474723608917,0.5284521540649726,93.9,13.83,26.18,0.08486643632415358,0.0,0.0,safe
11,330,5_17,5,17,12.9827,80.4107,263.1,27.67,False,,0.0,1.93,6.87,2.0782884360568685,0.2452116129922843,97.1,13.83,26.18,0.08486643632415358,0.0,0.0,safe
0,0,5_18,5,18,12.9827,80.4307,261.89,18.04,False,,13.56,0.61,2.23,0.5499424709975693,0.0733452458693458,99.0,14.48,27.26,0.1825348666617579,0.0,0.0,safe
1,30,5_18,5,18,12.9827,80.4307,255.22,33.47,False,,22.17,3.69,2.88,4.180393261454323,0.6031213291032873,93.0,14.48,27.26,0.1825348666617579,0.0,0.0,safe
2,60,5_18,5,18,12.9827,80.4307,258.22,33.18,False,,6.82,5.33,10.06,4.843540086164454,0.6611555902969671,92.3,14.48,27.26,0.1825348666617579,0.0,0.0,safe
3,90,5_18,5,18,12.9827,80.4307,259.99,36.84,False,,3.28,7.65,13.34,7.5438329273828195,0.5189506874247577,94.0,14.48,27.26,0.1825348666617579,0.0,0.0,safe
4,120,5_18,5,18,12.9827,80.4307,256.11,34.78,False,,2.36,6.5,15.48,6.043110964331228,0.7773171006870897,91.0,14.48,27.26,0.1825348666617579,0.0,0.0,safe
5,150,5_18,5,18,12.9827,80.4307,247.97,38.66,False,,22.86,12.1,17.87,11.267352260061209,1.119108752359938,87.0,14.48,27.26,0.1825348666617579,0.0,0.0,safe
6,180,5_18,5,18,12.9827,80.4307,255.08,40.69,False,,14.37,10.81,19.89,11.611086039152717,1.3425919025140665,84.4,14.48,27.26,0.1825348666617579,0.0,0.0,safe
7,210,5_18,5,18,12.9827,80.4307,251.75,41.08,False,,10.82,13.78,19.44,13.817173302666545,1.575142537125373,81.7,14.48,27.26,0.1825348666617579,0.0,0.0,safe
8,240,5_18,5,18,12.9827,80.4307,253.27,38.67,False,,0.86,9.39,18.05,9.84583838694647,0.7883937437601101,90.8,14.48,27.26,0.1825348666617579,0.0,0.0,safe
9,270,5_18,5,18,12.9827,80.4307,252.43,39.2,False,,2.26,9.71,12.28,10.29588043393741,1.0203522758056889,88.1,14.48,27.26,0.1825348666617579,0.0,0.0,safe
10,300,5_18,5,18,12.9827,80.4307,261.8,37.18,False,,2.94,7.34,8.29,7.19757767160649,0.5483040573211683,93.6,14.48,27.26,0.1825348666617579,0.0,0.0,safe
11,330,5_18,5,18,12.9827,80.4307,261.33,37.23,False,,13.4,6.0,6.87,6.518984043137342,0.6607257344563333,92.3,14.48,27.26,0.1825348666617579,0.0,0.0,safe
0,0,5_19,5,19,12.9827,80.4507,257.92,14.16,False,,7.95,0.25,3.81,0.2629990476190477,0.0366784469975169,99.0,16.19,28.38,0.0,0.0,0.0,safe
1,30,5_19,5,19,12.9827,80.4507,259.24,-8.34,False,,23.64,0.0,1.41,0.0,0.0,99.0,16.19,28.38,0.0,0.0,0.0,safe
2,60,5_19,5,19,12.9827,80.4507,258.77,21.92,False,,12.0,0.99,4.07,0.9328609025331396,0.077837781957062,99.0,16.19,28.38,0.0,0.0,0.0,safe
3,90,5_19,5,19,12.9827,80.4507,251.76,37.69,False,,5.56,6.61,5.46,7.209935059628908,0.8184000879799951,90.5,16.19,28.38,0.0,0.0,0.0,safe
4,120,5_19,5,19,12.9827,80.4507,256.43,36.51,False,,10.7,7.06,5.95,6.873013280313208,0.4128868789971486,95.2,16.19,28.38,0.0,0.0,0.0,safe
5,150,5_19,5,19,12.9827,80.4507,251.61,38.68,False,,0.12,9.18,11.85,9.642116283333932,0.7449498765207172,91.3,16.19,28.38,0.0,0.0,0.0,safe
6,180,5_19,5,19,12.9827,80.4507,253.24,39.36,False,,14.17,11.77,15.4,11.25805707022379,1.0833875227127958,87.4,16.19,28.38,0.0,0.0,0.0,safe
7,210,5_19,5,19,12.9827,80.4507,253.32,38.68,False,,16.42,10.97,20.85,10.526662234345158,0.840303298516097,90.2,16.19,28.38,0.0,0.0,0.0,safe
8,240,5_19,5,19,12.9827,80.4507,257.1,36.67,False,,5.98,9.13,21.86,8.94203806205579,1.1613779990469373,86.5,16.19,28.38,0.0,0.0,0.0,safe
9,270,5_19,5,19,12.9827,80.4507,256.5,39.49,False,,6.39,8.91,22.14,9.825224116783014,1.172538957583525,86.4,16.19,28.38,0.0,0.0,0.0,safe
10,300,5_19,5,19,12.9827,80.4507,256.1,34.38,False,,15.99,5.11,13.53,5.168572034323485,0.6295181574225694,92.7,16.19,28.38,0.0,0.0,0.0,safe
11,330,5_19,5,19,12.9827,80.4507,262.83,29.43,False,,8.93,2.23,10.81,2.3682346486000267,0.3417771369902003,96.0,16.19,28.38,0.0,0.0,0.0,safe
0,0,6_0,6,0,13.0027,80.0707,229.15,51.5,False,,55.33,61.15,53.4,56.31101251637271,4.172576930443574,51.5,14.11,29.0,0.0,27.311012516372713,4.14,low
1,30,6_0,6,0,13.0027,80.0707,226.47,53.31,False,,42.81,64.12,64.21,64.19654431112032,2.942808131521008,65.8,14.11,29.0,0.0,35.19654431112032,9.93,moderate
2,60,6_0,6,0,13.0027,80.0707,226.62,52.85,False,,48.67,62.35,68.2,63.34185501851527,2.815250048478993,67.2,14.11,29.0,0.0,34.34185501851527,15.54,high
3,90,6_0,6,0,13.0027,80.0707,235.15,49.55,False,,41.12,52.6,58.99,49.724195913710574,3.090689906348162,64.0,14.11,29.0,0.0,20.724195913710574,18.29,high
4,120,6_0,6,0,13.0027,80.0707,240.24,47.46,False,,23.76,43.48,55.04,35.327689508020434,4.341179340526424,50.0,14.11,29.0,0.0,6.327689508020434,18.02,high
5,150,6_0,6,0,13.0027,80.0707,243.57,48.21,False,,7.74,28.66,41.77,31.13523587288157,4.273530679802435,50.3,14.11,29.0,0.0,2.1352358728815695,16.87,high
6,180,6_0,6,0,13.0027,80.0707,247.66,42.45,False,,4.02,16.94,27.05,18.28203869255744,2.23989670071243,73.9,14.11,29.0,0.0,0.0,15.27,high
7,210,6_0,6,0,13.0027,80.0707,252.63,39.62,False,,0.0,11.11,13.4,11.596056535122502,0.9207944004746308,89.3,14.11,29.0,0.0,0.0,13.67,moderate
8,240,6_0,6,0,13.0027,80.0707,254.9,36.55,False,,0.0,6.63,7.5,6.729352031713929,0.4629346349426055,94.6,14.11,29.0,0.0,0.0,12.07,moderate
9,270,6_0,6,0,13.0027,80.0707,257.82,19.1,False,,0.0,0.61,6.4,0.6010362103174599,0.0492449092065017,99.0,14.11,29.0,0.0,0.0,10.47,moderate
10,300,6_0,6,0,13.0027,80.0707,262.4,-9.66,False,,0.0,0.0,2.5,0.0,0.0,99.0,14.11,29.0,0.0,0.0,8.87,moderate
11,330,6_0,6,0,13.0027,80.0707,259.85,-9.39,False,,13.75,0.0,1.38,0.0,0.0,99.0,14.11,29.0,0.0,0.0,7.27,moderate
0,0,6_1,6,1,13.0027,80.0907,225.62,51.61,False,,57.34,65.89,53.4,64.93722571532193,2.2136705293166483,74.2,13.15,27.8,0.47400939489940797,37.13722571532193,7.12,moderate
1,30,6_1,6,1,13.0027,80.0907,224.26,52.04,False,,57.17,69.61,64.21,66.74005197312222,2.6167554242691087,69.6,13.15,27.8,0.47400939489940797,38.94005197312222,14.67,moderate
2,60,6_1,6,1,13.0027,80.0907,220.33,53.64,False,,37.24,70.81,68.2,71.45535531531684,2.471600911025263,71.2,13.15,27.8,0.47400939489940797,43.65535531531684,23.32,high
3,90,6_1,6,1,13.0027,80.0907,224.12,53.41,False,,20.7,63.89,58.99,64.50647176592055,2.795489202279754,67.5,13.15,27.8,0.47400939489940797,36.706471765920554,30.35,severe
4,120,6_1,6,1,13.0027,80.0907,231.0,50.42,False,,19.72,52.53,55.04,53.41298145200498,2.373448161460193,72.4,13.15,27.8,0.47400939489940797,25.612981452004977,34.76,severe
5,150,6_1,6,1,13.0027,80.0907,242.74,47.83,False,,24.01,36.52,41.77,36.024348947799766,3.031991491172105,64.7,13.15,27.8,0.47400939489940797,8.224348947799765,35.09,severe
6,180,6_1,6,1,13.0027,80.0907,245.32,45.55,False,,35.68,27.74,27.05,26.54739533564361,1.86274942347532,78.3,13.15,27.8,0.47400939489940797,0.0,33.49,severe
7,210,6_1,6,1,13.0027,80.0907,248.43,40.87,False,,0.81,14.06,13.4,13.665202488554575,0.8888591073251583,89.7,13.15,27.8,0.47400939489940797,0.0,31.89,severe
8,240,6_1,6,1,13.0027,80.0907,259.8,34.64,False,,5.03,5.42,7.5,5.769137720745618,0.5919787807273899,93.1,13.15,27.8,0.47400939489940797,0.0,30.29,severe
9,270,6_1,6,1,13.0027,80.0907,260.45,32.8,False,,4.09,3.78,6.4,4.107335582849276,0.4892680482342783,94.3,13.15,27.8,0.47400939489940797,0.0,28.69,high
10,300,6_1,6,1,13.0027,80.0907,261.52,-9.56,False,,2.27,0.0,2.5,0.0,0.0,99.0,13.15,27.8,0.47400939489940797,0.0,27.09,high
11,330,6_1,6,1,13.0027,80.0907,261.25,16.89,False,,0.0,0.47,1.38,0.4540353027349749,0.0679920041864061,99.0,13.15,27.8,0.47400939489940797,0.0,25.49,high
0,0,6_2,6,2,13.0027,80.1107,227.78,52.12,False,,54.92,65.09,53.4,60.25954179718578,4.778235206758915,50.0,13.0,26.63,0.0,33.62954179718578,5.46,moderate
1,30,6_2,6,2,13.0027,80.1107,221.1,52.49,False,,58.23,74.55,64.21,72.55813288932067,2.835677957694713,67.0,13.0,26.63,0.0,45.92813288932068,13.51,moderate
2,60,6_2,6,2,13.0027,80.1107,221.58,53.87,False,,51.44,77.99,68.2,75.45221306929328,3.1259607382115364,63.6,13.0,26.63,0.0,48.822213069293284,22.16,high
3,90,6_2,6,2,13.0027,80.1107,221.37,52.96,False,,57.32,73.02,58.99,71.8633577776287,3.190827622432261,62.9,13.0,26.63,0.0,45.23335777762871,30.06,severe
4,120,6_2,6,2,13.0027,80.1107,222.49,51.74,False,,37.11,61.73,55.04,63.50787299756802,3.8583416615456105,55.1,13.0,26.63,0.0,36.87787299756802,36.2,severe
5,150,6_2,6,2,13.0027,80.1107,237.99,49.68,False,,14.43,40.74,41.77,41.50519350426188,1.8977662198546223,77.9,13.0,26.63,0.0,14.875193504261883,37.73,severe
6,180,6_2,6,2,13.0027,80.1107,247.24,46.53,False,,2.27,28.66,27.05,28.364243619655863,1.742851316012925,79.7,13.0,26.63,0.0,1.7342436196558637,36.49,severe
7,210,6_2,6,2,13.0027,80.1107,253.7,43.55,False,,10.95,18.97,13.4,18.138012263174968,0.9837013117651546,88.6,13.0,26.63,0.0,0.0,34.89,severe
8,240,6_2,6,2,13.0027,80.1107,258.67,32.67,False,,7.06,5.43,7.5,4.963641615818654,0.5962147371230053,93.1,13.0,26.63,0.0,0.0,33.29,severe
9,270,6_2,6,2,13.0027,80.1107,255.06,36.02,False,,18.85,6.32,6.4,6.557867225658819,0.6916667727647253,92.0,13.0,26.63,0.0,0.0,31.69,severe
10,300,6_2,6,2,13.0027,80.1107,258.61,19.16,False,,0.0,0.66,2.5,0.621613703102452,0.0539000144774894,99.0,13.0,26.63,0.0,0.0,30.09,severe
11,330,6_2,6,2,13.0027,80.1107,259.57,27.85,False,,7.01,1.65,1.38,1.8200095457108845,0.224400681251976,97.4,13.0,26.63,0.0,0.0,28.49,high
0,0,6_3,6,3,13.0027,80.1307,224.51,50.32,False,,74.14,65.13,66.67,62.73969707954844,3.4107900022012925,60.3,12.08,25.48,0.0,37.259697079548445,6.22,moderate
1,30,6_3,6,3,13.0027,80.1307,214.9,51.95,False,,72.87,77.2,80.92,77.86554457818742,2.5194766142805904,70.7,12.08,25.48,0.0,52.38554457818742,15.63,high
2,60,6_3,6,3,13.0027,80.1307,217.05,53.12,False,,60.21,80.69,83.61,80.38219869203361,1.6364565390547905,81.0,12.08,25.48,0.0,54.90219869203361,25.55,high
3,90,6_3,6,3,13.0027,80.1307,217.28,55.42,False,,39.91,81.01,82.03,80.95338815162329,1.231751617987464,85.7,12.08,25.48,0.0,55.47338815162328,35.6,severe
4,120,6_3,6,3,13.0027,80.1307,221.83,50.34,False,,39.13,68.14,70.07,63.36657617603747,5.121412120983489,50.0,12.08,25.48,0.0,37.886576176037465,41.96,severe
5,150,6_3,6,3,13.0027,80.1307,230.8,51.6,False,,15.5,53.59,51.66,53.56413339262085,2.405028880277896,72.0,12.08,25.48,0.0,28.084133392620853,46.26,severe
6,180,6_3,6,3,13.0027,80.1307,241.3,48.72,False,,33.86,36.8,39.21,37.22527801781911,2.7386969615460486,68.1,12.08,25.48,0.0,11.745278017819107,47.12,severe
7,210,6_3,6,3,13.0027,80.1307,248.39,44.4,False,,11.33,21.47,22.92,21.40132793586671,1.7457788953867284,79.7,12.08,25.48,0.0,0.0,45.52,severe
8,240,6_3,6,3,13.0027,80.1307,256.72,41.95,False,,33.48,13.1,12.77,13.799069722033378,1.1171748468096687,87.0,12.08,25.48,0.0,0.0,43.92,severe
9,270,6_3,6,3,13.0027,80.1307,252.65,35.3,False,,0.0,7.25,10.44,6.745927520544184,0.7393681678050905,91.4,12.08,25.48,0.0,0.0,42.32,severe
10,300,6_3,6,3,13.0027,80.1307,254.0,33.06,False,,0.0,4.21,2.99,4.288917147310176,0.3528697393695407,95.9,12.08,25.48,0.0,0.0,40.72,severe
11,330,6_3,6,3,13.0027,80.1307,261.25,26.19,False,,0.0,2.15,1.63,2.0099970186884017,0.2054240411563518,97.6,12.08,25.48,0.0,0.0,39.12,severe
0,0,6_4,6,4,13.0027,80.1507,229.25,52.96,False,,76.72,61.07,66.67,61.36859023115768,3.1851058363116147,62.9,11.33,24.37,0.07785702401605654,36.99859023115768,6.32,moderate
1,30,6_4,6,4,13.0027,80.1507,221.4,52.44,False,,62.53,74.85,80.92,74.39681715286345,3.5777086999259846,58.4,11.33,24.37,0.07785702401605654,50.026817152863444,15.43,high
2,60,6_4,6,4,13.0027,80.1507,215.82,54.34,False,,72.12,84.29,83.61,83.72520045303868,1.0919261012195494,87.3,11.33,24.37,0.07785702401605654,59.35520045303868,26.54,high
3,90,6_4,6,4,13.0027,80.1507,208.32,54.54,False,,45.36,82.97,82.03,82.93551764084908,1.7598108242522252,79.5,11.33,24.37,0.07785702401605654,58.56551764084908,37.48,severe
4,120,6_4,6,4,13.0027,80.1507,217.28,51.98,False,,45.92,75.14,70.07,73.63985065211314,3.4126906679399465,60.3,11.33,24.37,0.07785702401605654,49.269850652113135,46.42,severe
5,150,6_4,6,4,13.0027,80.1507,225.48,50.9,False,,11.39,60.94,51.66,59.08220667158416,3.2476838742118144,62.2,11.33,24.37,0.07785702401605654,34.712206671584156,52.26,severe
6,180,6_4,6,4,13.0027,80.1507,228.58,51.16,False,,19.92,43.91,39.21,47.87734418039808,6.1390561962884975,50.0,11.33,24.37,0.07785702401605654,23.507344180398082,55.69,severe
7,210,6_4,6,4,13.0027,80.1507,248.35,45.25,False,,13.78,30.4,22.92,26.52827535579056,2.715608688148117,68.4,11.33,24.37,0.07785702401605654,2.1582753557905576,54.55,severe
8,240,6_4,6,4,13.0027,80.1507,256.26,41.13,False,,22.46,14.98,12.77,14.478325234937424,1.0611146817482695,87.7,11.33,24.37,0.07785702401605654,0.0,52.95,severe
9,270,6_4,6,4,13.0027,80.1507,252.56,36.94,False,,0.0,8.2,10.44,8.008725425431052,0.59405636913329,93.1,11.33,24.37,0.07785702401605654,0.0,51.35,severe
10,300,6_4,6,4,13.0027,80.1507,251.31,33.81,False,,8.49,5.24,2.99,4.928624616164701,0.4075559672068335,95.3,11.33,24.37,0.07785702401605654,0.0,49.75,severe
11,330,6_4,6,4,13.0027,80.1507,256.93,24.52,False,,3.91,1.26,1.63,1.318455348291609,0.1482492061171401,98.3,11.33,24.37,0.07785702401605654,0.0,48.15,severe
0,0,6_5,6,5,13.0027,80.1707,224.7,50.27,False,,67.22,56.03,51.01,58.43942580496683,3.2129726021221217,62.6,11.08,23.32,0.0,35.11942580496683,5.78,moderate
1,30,6_5,6,5,13.0027,80.1707,219.59,53.24,False,,80.45,71.32,65.75,71.41019283709379,2.892245032726861,66.3,11.08,23.32,0.0,48.09019283709379,14.27,moderate
2,60,6_5,6,5,13.0027,80.1707,216.04,54.29,False,,71.54,81.05,78.45,79.79340243097047,2.3829930179916743,72.3,11.08,23.32,0.0,56.473402430970474,24.53,high
3,90,6_5,6,5,13.0027,80.1707,206.02,54.68,False,,75.53,85.11,84.22,83.92365156389093,2.171578212436648,74.7,11.08,23.32,0.0,60.60365156389093,35.66,severe
4,120,6_5,6,5,13.0027,80.1707,218.81,53.64,False,,49.18,78.33,82.03,79.39257543026412,1.590759672399534,81.5,11.08,23.32,0.0,56.072575430264116,45.84,severe
5,150,6_5,6,5,13.0027,80.1707,225.65,52.65,False,,40.23,65.94,73.06,66.99325679846179,2.2436014976207184,73.9,11.08,23.32,0.0,43.673256798461786,53.41,severe
6,180,6_5,6,5,13.0027,80.1707,235.3,51.02,False,,20.56,48.52,56.4,49.28959278498263,3.810106418334847,55.7,11.08,23.32,0.0,25.96959278498263,57.26,severe
7,210,6_5,6,5,13.0027,80.1707,237.97,44.35,False,,16.15,31.97,38.15,26.421839042901496,1.9505525159114128,77.3,11.08,23.32,0.0,3.1018390429014957,56.31,severe
8,240,6_5,6,5,13.0027,80.1707,244.46,43.66,False,,6.72,21.24,26.52,21.854989610722555,1.9575072241133504,77.2,11.08,23.32,0.0,0.0,54.71,severe
9,270,6_5,6,5,13.0027,80.1707,257.04,37.79,False,,15.9,9.03,12.9,9.239011434577204,0.7915467331867132,90.8,11.08,23.32,0.0,0.0,53.11,severe
10,300,6_5,6,5,13.0027,80.1707,256.9,35.11,False,,10.76,5.54,4.3,5.696531946299313,0.4694209135898617,94.5,11.08,23.32,0.0,0.0,51.51,severe
11,330,6_5,6,5,13.0027,80.1707,260.17,28.32,False,,1.36,2.4,4.54,2.2320481360637303,0.2765564200670034,96.8,11.08,23.32,0.0,0.0,49.91,severe
0,0,6_6,6,6,13.0027,80.1907,231.88,49.29,True,51.01,66.66,50.04,51.01,49.46769294045925,2.814061854946844,67.3,10.44,22.35,0.07308706436263002,27.11769294045925,4.2,low
1,30,6_6,6,6,13.0027,80.1907,221.13,51.16,True,65.75,72.78,66.81,65.75,66.96927487988799,2.820971157242146,67.2,10.44,22.35,0.07308706436263002,44.61927487988799,12.14,moderate
2,60,6_6,6,6,13.0027,80.1907,223.77,53.79,True,78.45,78.7,76.81,78.45,71.88949297346443,3.555565304684594,58.6,10.44,22.35,0.07308706436263002,49.53949297346443,21.13,high
3,90,6_6,6,6,13.0027,80.1907,218.1,52.16,True,84.22,70.34,83.46,84.22,80.76653382481359,3.879547923388076,54.9,10.44,22.35,0.07308706436263002,58.41653382481359,32.03,severe
4,120,6_6,6,6,13.0027,80.1907,215.72,54.04,True,82.03,39.6,81.53,82.03,81.85224435403879,1.9896914444443088,76.9,10.44,22.35,0.07308706436263002,59.50224435403879,43.15,severe
5,150,6_6,6,6,13.0027,80.1907,221.81,51.89,True,73.06,52.73,72.24,73.06,71.14109607640175,2.717127391107944,68.4,10.44,22.35,0.07308706436263002,48.79109607640175,51.98,severe
6,180,6_6,6,6,13.0027,80.1907,230.62,51.2,True,56.4,21.92,56.1,56.4,54.76149830839631,3.0537118119796047,64.5,10.44,22.35,0.07308706436263002,32.41149830839631,57.31,severe
7,210,6_6,6,6,13.0027,80.1907,238.96,47.67,True,38.15,43.32,38.69,38.15,38.42989039775136,1.841684412699836,78.6,10.44,22.35,0.07308706436263002,16.079890397751356,59.15,severe
8,240,6_6,6,6,13.0027,80.1907,249.02,45.89,True,26.52,8.35,26.51,26.52,25.33835236883222,1.5520770408700368,81.9,10.44,22.35,0.07308706436263002,2.988352368832217,58.19,severe
9,270,6_6,6,6,13.0027,80.1907,252.22,42.17,True,12.9,15.49,14.31,12.9,14.989156006210669,0.997857236407857,88.4,10.44,22.35,0.07308706436263002,0.0,56.59,severe
10,300,6_6,6,6,13.0027,80.1907,257.8,35.81,True,4.3,0.65,6.22,4.3,6.390712326355802,0.4402915544312403,94.9,10.44,22.35,0.07308706436263002,0.0,54.99,severe
11,330,6_6,6,6,13.0027,80.1907,254.97,33.05,True,4.54,12.99,4.74,4.54,4.502076319969876,0.3993888263818945,95.4,10.44,22.35,0.07308706436263002,0.0,53.39,severe
0,0,6_7,6,7,13.0027,80.2107,236.29,49.24,False,,72.24,43.32,51.01,45.66889033558371,2.9667334938497403,65.5,9.99,21.5,0.0,24.16889033558371,3.48,low
1,30,6_7,6,7,13.0027,80.2107,228.5,52.21,False,,72.29,57.7,65.75,61.61812214219413,4.106515885413352,52.2,9.99,21.5,0.0,40.11812214219413,10.3,moderate
2,60,6_7,6,7,13.0027,80.2107,220.34,53.26,False,,70.2,74.96,78.45,74.83472337412095,2.1487039662075667,75.0,9.99,21.5,0.0,53.334723374120955,19.9,high
3,90,6_7,6,7,13.0027,80.2107,211.93,55.02,False,,63.74,81.94,84.22,83.13791299415512,1.4687542732399594,82.9,9.99,21.5,0.0,61.637912994155116,31.24,severe
4,120,6_7,6,7,13.0027,80.2107,217.3,55.07,False,,45.58,80.1,82.03,80.53624198268642,1.1718774380153512,86.4,9.99,21.5,0.0,59.03624198268642,42.04,severe
5,150,6_7,6,7,13.0027,80.2107,221.15,52.26,False,,26.45,73.66,73.06,67.90563398444347,3.8330143714407146,55.4,9.99,21.5,0.0,46.40563398444347,50.19,severe
6,180,6_7,6,7,13.0027,80.2107,227.71,50.8,False,,18.8,59.77,56.4,55.91271967057562,3.3404171818106367,61.1,9.99,21.5,0.0,34.41271967057562,55.81,severe
7,210,6_7,6,7,13.0027,80.2107,238.16,49.51,False,,22.83,41.9,38.15,41.85452598565651,2.2073739843391933,74.3,9.99,21.5,0.0,20.354525985656508,58.49,severe
8,240,6_7,6,7,13.0027,80.2107,241.36,46.95,False,,8.68,29.89,26.52,29.47550488579704,1.3505912819362165,84.3,9.99,21.5,0.0,7.97550488579704,58.56,severe
9,270,6_7,6,7,13.0027,80.2107,249.98,44.37,False,,14.04,16.84,12.9,19.394560573847038,2.580215298834929,70.0,9.99,21.5,0.0,0.0,56.96,severe
10,300,6_7,6,7,13.0027,80.2107,257.16,39.23,False,,9.13,9.26,4.3,9.155657273873828,0.6820141323745232,92.1,9.99,21.5,0.0,0.0,55.36,severe
11,330,6_7,6,7,13.0027,80.2107,262.64,33.63,False,,0.0,5.1,4.54,4.60628041891825,0.5480583330295403,93.6,9.99,21.5,0.0,0.0,53.76,severe
0,0,6_8,6,8,13.0027,80.2307,241.72,49.97,False,,61.61,36.21,33.47,37.690616998745874,2.787373251034966,67.6,9.7,20.81,0.0,16.880616998745875,1.94,low
1,30,6_8,6,8,13.0027,80.2307,229.14,50.22,False,,68.29,50.49,43.24,51.32247289652585,2.8473266856368395,66.9,9.7,20.81,0.0,30.512472896525853,6.75,moderate
2,60,6_8,6,8,13.0027,80.2307,229.09,51.25,False,,73.35,66.49,63.88,62.384246429938266,5.444931156815426,50.0,9.7,20.81,0.0,41.57424642993827,13.88,moderate
3,90,6_8,6,8,13.0027,80.2307,220.44,51.35,False,,63.12,73.95,75.1,72.24026134340193,3.1907247780621786,62.9,9.7,20.81,0.0,51.430261343401924,23.08,high
4,120,6_8,6,8,13.0027,80.2307,220.43,55.32,False,,39.42,79.42,80.85,80.15336232012434,3.618378050530216,57.9,9.7,20.81,0.0,59.34336232012434,33.95,severe
5,150,6_8,6,8,13.0027,80.2307,222.79,53.58,False,,39.65,73.23,75.42,71.71202662551083,2.914810533196932,66.1,9.7,20.81,0.0,50.90202662551083,43.04,severe
6,180,6_8,6,8,13.0027,80.2307,225.25,51.89,False,,30.75,60.3,68.31,62.90230426280952,3.0008079853021417,65.1,9.7,20.81,0.0,42.09230426280952,50.27,severe
7,210,6_8,6,8,13.0027,80.2307,235.13,49.61,False,,19.45,46.07,56.58,47.532472836259394,2.7707590721999056,67.8,9.7,20.81,0.0,26.722472836259396,54.29,severe
8,240,6_8,6,8,13.0027,80.2307,242.51,48.99,False,,20.92,30.93,41.65,34.835753178692734,4.111627079966978,52.2,9.7,20.81,0.0,14.025753178692735,55.63,severe
9,270,6_8,6,8,13.0027,80.2307,246.87,42.02,False,,20.95,18.11,24.84,17.54744571650417,1.53429090004705,82.1,9.7,20.81,0.0,0.0,54.03,severe
10,300,6_8,6,8,13.0027,80.2307,251.87,40.22,False,,0.0,11.9,16.56,12.407201589327167,1.2308389660291434,85.7,9.7,20.81,0.0,0.0,52.43,severe
11,330,6_8,6,8,13.0027,80.2307,255.21,37.41,False,,9.65,8.1,5.04,7.665440960423028,1.0063088041986552,88.3,9.7,20.81,0.0,0.0,50.83,severe
0,0,6_9,6,9,13.0027,80.2507,243.7,46.0,False,,47.9,29.99,33.47,29.404260926157136,2.490950149563907,71.0,7.84,20.36,0.0,9.044260926157136,0.3,low
1,30,6_9,6,9,13.0027,80.2507,234.44,50.29,False,,74.27,42.95,43.24,44.79973773288007,2.6548372713260058,69.1,7.84,20.36,0.0,24.43973773288007,3.83,low
2,60,6_9,6,9,13.0027,80.2507,224.33,52.47,False,,64.71,58.78,63.88,63.47227795266209,3.229114051651,62.4,7.84,20.36,0.0,43.11227795266209,11.29,moderate
3,90,6_9,6,9,13.0027,80.2507,217.46,53.18,False,,74.4,67.12,75.1,71.20460486210162,4.708125725771086,50.0,7.84,20.36,0.0,50.84460486210162,20.36,high
4,120,6_9,6,9,13.0027,80.2507,215.12,51.14,False,,56.42,72.38,80.85,77.48234739115058,4.011550740147783,53.3,7.84,20.36,0.0,57.12234739115058,30.76,severe
5,150,6_9,6,9,13.0027,80.2507,218.6,52.43,False,,20.71,69.75,75.42,71.20369110273839,2.8859377563346267,66.4,7.84,20.36,0.0,50.84369110273839,39.84,severe
6,180,6_9,6,9,13.0027,80.2507,225.85,53.67,False,,28.75,63.08,68.31,64.96894356416915,2.8301913822910207,67.1,7.84,20.36,0.0,44.60894356416915,47.6,severe
7,210,6_9,6,9,13.0027,80.2507,231.08,50.98,False,,19.3,49.2,56.58,54.04184409152272,3.5402844770314954,58.8,7.84,20.36,0.0,33.68184409152272,53.08,severe
8,240,6_9,6,9,13.0027,80.2507,238.1,47.92,False,,7.14,33.05,41.65,36.39101397787878,3.911281991266932,54.5,7.84,20.36,0.0,16.03101397787878,54.84,severe
9,270,6_9,6,9,13.0027,80.2507,246.23,45.41,False,,8.08,22.29,24.84,24.42912567891385,2.57360242605435,70.1,7.84,20.36,0.0,4.069125678913849,54.1,severe
10,300,6_9,6,9,13.0027,80.2507,245.64,43.82,False,,5.15,14.73,16.56,17.9766641576589,3.43018618314384,60.1,7.84,20.36,0.0,0.0,52.5,severe
11,330,6_9,6,9,13.0027,80.2507,256.87,33.51,False,,1.3,3.7,5.04,4.151894010088698,0.5185765960047893,94.0,7.84,20.36,0.0,0.0,50.9,severe
0,0,6_10,6,10,13.0027,80.2707,248.88,43.85,False,,43.5,21.96,14.6,20.46666380042628,2.271370411700684,73.6,6.07,20.2,0.1803438008551188,0.26666380042627935,0.0,safe
1,30,6_10,6,10,13.0027,80.2707,242.42,46.88,False,,65.88,32.2,19.62,30.33186759050766,3.4751757791558324,59.6,6.07,20.2,0.1803438008551188,10.13186759050766,0.62,low
2,60,6_10,6,10,13.0027,80.2707,238.35,47.91,False,,60.49,48.82,27.28,44.076641589308245,6.367982646584879,50.0,6.07,20.2,0.1803438008551188,23.876641589308246,4.26,low
3,90,6_10,6,10,13.0027,80.2707,234.45,50.1,False,,80.55,56.2,41.86,44.81394379553032,2.6682404858111397,69.0,6.07,20.2,0.1803438008551188,24.61394379553032,8.07,moderate
4,120,6_10,6,10,13.0027,80.2707,225.29,52.65,False,,54.66,66.42,47.4,64.84247729776976,1.7500712928122053,79.6,6.07,20.2,0.1803438008551188,44.64247729776976,16.26,high
5,150,6_10,6,10,13.0027,80.2707,226.13,52.44,False,,51.89,66.19,54.27,64.52677521195027,2.0265943576609726,76.4,6.07,20.2,0.1803438008551188,44.32677521195026,24.39,high
6,180,6_10,6,10,13.0027,80.2707,224.5,52.7,False,,33.11,59.33,52.43,63.60076222579479,2.100306973265641,75.6,6.07,20.2,0.1803438008551188,43.40076222579479,32.32,severe
7,210,6_10,6,10,13.0027,80.2707,235.42,49.69,False,,40.87,47.93,44.38,46.74700464858992,2.4643021697234606,71.3,6.07,20.2,0.1803438008551188,26.547004648589922,36.54,severe
8,240,6_10,6,10,13.0027,80.2707,238.92,47.5,False,,13.58,32.3,36.23,35.15157355583416,3.1066253782069806,63.9,6.07,20.2,0.1803438008551188,14.951573555834162,38.22,severe
9,270,6_10,6,10,13.0027,80.2707,246.69,45.24,False,,13.93,23.88,25.38,24.31868777132211,1.8280642181903703,78.7,6.07,20.2,0.1803438008551188,4.1186877713221115,37.53,severe
10,300,6_10,6,10,13.0027,80.2707,254.68,42.59,False,,13.56,15.37,16.18,15.382452439546222,0.9517226724930616,88.9,6.07,20.2,0.1803438008551188,0.0,35.93,severe
11,330,6_10,6,10,13.0027,80.2707,257.67,35.84,False,,10.6,7.03,6.74,6.878440143285988,0.555817857701997,93.5,6.07,20.2,0.1803438008551188,0.0,34.33,severe
0,0,6_11,6,11,13.0027,80.2907,252.39,42.1,False,,40.98,16.87,14.6,16.46677190664916,1.0908765755651846,87.3,4.93,20.36,0.0,0.0,0.0,safe
1,30,6_11,6,11,13.0027,80.2907,238.77,46.83,False,,40.67,27.42,19.62,30.496760947930365,3.949438654561174,54.0,4.93,20.36,0.0,10.136760947930366,0.53,low
2,60,6_11,6,11,13.0027,80.2907,238.54,48.32,False,,51.24,40.66,27.28,39.57116671997637,5.875191875246315,50.0,4.93,20.36,0.0,19.21116671997637,2.96,low
3,90,6_11,6,11,13.0027,80.2907,234.11,49.55,False,,56.77,46.94,41.86,45.420456666703096,2.1178389565510884,75.4,4.93,20.36,0.0,25.060456666703097,6.63,moderate
4,120,6_11,6,11,13.0027,80.2907,228.56,51.66,False,,32.48,57.23,47.4,57.04042686133543,2.1858120340279883,74.6,4.93,20.36,0.0,36.680426861335434,12.73,moderate
5,150,6_11,6,11,13.0027,80.2907,234.51,51.96,False,,45.64,60.64,54.27,56.89629352596396,5.034536857224433,50.0,4.93,20.36,0.0,36.53629352596396,18.8,high
6,180,6_11,6,11,13.0027,80.2907,229.07,52.66,False,,35.58,54.87,52.43,58.21689681224836,2.8725686188408632,66.6,4.93,20.36,0.0,37.85689681224836,25.15,high
7,210,6_11,6,11,13.0027,80.2907,232.57,50.49,False,,18.51,47.49,44.38,49.56141125335839,3.625812957695954,57.8,4.93,20.36,0.0,29.201411253358394,29.68,high
8,240,6_11,6,11,13.0027,80.2907,238.42,49.94,False,,13.37,37.47,36.23,39.68477774961475,2.907568813548353,66.2,4.93,20.36,0.0,19.324777749614753,32.14,severe
9,270,6_11,6,11,13.0027,80.2907,246.99,46.42,False,,0.0,25.21,25.38,26.871201789663,2.3383150111215825,72.8,4.93,20.36,0.0,6.5112017896630014,31.91,severe
10,300,6_11,6,11,13.0027,80.2907,245.67,39.3,False,,2.97,11.73,16.18,11.95472792327664,0.8008759322682236,90.7,4.93,20.36,0.0,0.0,30.31,severe
11,330,6_11,6,11,13.0027,80.2907,255.47,35.62,False,,0.0,7.36,6.74,6.837751249591289,0.6199486501212221,92.8,4.93,20.36,0.0,0.0,28.71,high
0,0,6_12,6,12,13.0027,80.3107,249.49,41.14,True,14.6,24.94,14.85,14.6,14.340410487955491,0.9824747493356528,88.6,4.31,20.81,1.0072182305371635,0.0,0.0,safe
1,30,6_12,6,12,13.0027,80.3107,245.04,44.07,True,19.62,39.19,19.43,19.62,20.424685904628,1.8781125822253184,78.1,4.31,20.81,1.0072182305371635,0.0,0.0,safe
2,60,6_12,6,12,13.0027,80.3107,242.32,46.8,True,27.28,38.61,27.86,27.28,28.60152886944244,1.8179928531638097,78.8,4.31,20.81,1.0072182305371635,7.791528869442441,0.45,low
3,90,6_12,6,12,13.0027,80.3107,234.28,49.9,True,41.86,47.65,41.23,41.86,43.51103813257317,2.0448706310760554,76.2,4.31,20.81,1.0072182305371635,22.70103813257317,4.82,low
4,120,6_12,6,12,13.0027,80.3107,232.28,48.33,True,47.4,46.98,46.76,47.4,47.69389574060745,2.606558686603427,69.7,4.31,20.81,1.0072182305371635,26.883895740607453,10.28,moderate
5,150,6_12,6,12,13.0027,80.3107,229.84,51.17,True,54.27,40.71,54.19,54.27,55.729909006951154,2.349503314698598,72.7,4.31,20.81,1.0072182305371635,34.91990900695116,17.86,high
6,180,6_12,6,12,13.0027,80.3107,231.46,50.07,True,52.43,34.8,51.1,52.43,52.15376486198706,1.8651104820003035,78.3,4.31,20.81,1.0072182305371635,31.343764861987058,24.5,high
7,210,6_12,6,12,13.0027,80.3107,238.84,48.88,True,44.38,26.97,44.64,44.38,42.85394203306051,2.79902475579258,67.4,4.31,20.81,1.0072182305371635,22.043942033060514,28.7,high
8,240,6_12,6,12,13.0027,80.3107,239.76,48.3,True,36.23,17.97,35.57,36.23,37.31378199396397,2.0314222190793174,76.4,4.31,20.81,1.0072182305371635,16.503781993963972,31.44,severe
9,270,6_12,6,12,13.0027,80.3107,243.6,46.25,True,25.38,20.61,24.78,25.38,26.59563769065895,2.0895847753875776,75.7,4.31,20.81,1.0072182305371635,5.785637690658952,31.36,severe
10,300,6_12,6,12,13.0027,80.3107,250.23,41.69,True,16.18,13.76,15.84,16.18,15.795130915408762,1.0730953267660064,87.5,4.31,20.81,1.0072182305371635,0.0,29.76,high
11,330,6_12,6,12,13.0027,80.3107,254.52,37.96,True,6.74,0.01,8.66,6.74,8.495874946276267,0.6462333126403329,92.5,4.31,20.81,1.0072182305371635,0.0,28.16,high
0,0,6_13,6,13,13.0027,80.3307,255.3,37.05,False,,33.14,7.34,8.19,7.438141340871557,0.5850708798479833,93.2,6.62,21.5,0.0,0.0,0.0,safe
1,30,6_13,6,13,13.0027,80.3307,249.9,42.91,False,,34.67,16.37,17.07,17.15722239501388,1.6244206828825725,81.1,6.62,21.5,0.0,0.0,0.0,safe
2,60,6_13,6,13,13.0027,80.3307,248.43,45.03,False,,42.43,22.51,23.78,23.00559143510229,1.9641261361642213,77.1,6.62,21.5,0.0,1.5055914351022892,0.0,safe
3,90,6_13,6,13,13.0027,80.3307,239.69,47.82,False,,37.04,32.77,29.38,34.690773623666345,2.836997716990206,67.0,6.62,21.5,0.0,13.190773623666345,1.17,low
4,120,6_13,6,13,13.0027,80.3307,242.54,48.29,False,,48.45,39.05,36.25,36.68329262596405,3.0570947600687166,64.4,6.62,21.5,0.0,15.18329262596405,2.76,low
5,150,6_13,6,13,13.0027,80.3307,240.92,50.07,False,,32.34,45.78,38.41,43.581077363535606,3.0798439112783207,64.2,6.62,21.5,0.0,22.081077363535606,5.8,moderate
6,180,6_13,6,13,13.0027,80.3307,233.53,49.97,False,,44.49,45.88,39.2,45.97903087498506,3.7973477286311264,55.8,6.62,21.5,0.0,24.479030874985057,9.34,moderate
7,210,6_13,6,13,13.0027,80.3307,237.58,49.16,False,,16.13,42.73,29.77,41.9836963497764,2.8586468007760475,66.7,6.62,21.5,0.0,20.4836963497764,12.04,moderate
8,240,6_13,6,13,13.0027,80.3307,239.69,47.07,False,,20.84,32.92,24.28,33.554900901936,2.064848716854373,76.0,6.62,21.5,0.0,12.054900901936001,12.97,moderate
9,270,6_13,6,13,13.0027,80.3307,243.87,47.05,False,,8.47,27.78,19.17,28.53708333315261,2.024424210345132,76.4,6.62,21.5,0.0,7.037083333152609,12.85,moderate
10,300,6_13,6,13,13.0027,80.3307,251.44,43.72,False,,24.85,16.6,13.3,17.87710852904497,1.6114397152937592,81.3,6.62,21.5,0.0,0.0,11.25,moderate
11,330,6_13,6,13,13.0027,80.3307,257.15,39.65,False,,5.24,9.53,7.77,9.33508744443412,1.0210288923370752,88.1,6.62,21.5,0.0,0.0,9.65,moderate
0,0,6_14,6,14,13.0027,80.3507,255.68,35.85,False,,22.57,5.68,4.76,6.433487351751791,0.686727802341236,92.0,8.2,22.35,0.3618980435216148,0.0,0.0,safe
1,30,6_14,6,14,13.0027,80.3507,258.59,39.36,False,,12.71,11.23,11.52,10.642881864383424,1.293662642263142,84.9,8.2,22.35,0.3618980435216148,0.0,0.0,safe
2,60,6_14,6,14,13.0027,80.3507,249.14,42.68,False,,23.78,17.95,17.11,17.599226435579464,1.0720794501625863,87.5,8.2,22.35,0.3618980435216148,0.0,0.0,safe
3,90,6_14,6,14,13.0027,80.3507,247.8,45.08,False,,39.23,25.51,26.71,24.56916833108004,1.7688914011524093,79.4,8.2,22.35,0.3618980435216148,2.219168331080038,0.0,safe
4,120,6_14,6,14,13.0027,80.3507,241.34,44.71,False,,22.52,28.0,28.73,27.463843428932183,1.3442817036752412,84.4,8.2,22.35,0.3618980435216148,5.1138434289321815,0.0,safe
5,150,6_14,6,14,13.0027,80.3507,239.01,48.23,False,,45.59,38.88,30.6,37.62972782567463,2.023894846464904,76.5,8.2,22.35,0.3618980435216148,15.279727825674627,1.9,low
6,180,6_14,6,14,13.0027,80.3507,244.39,47.2,False,,37.25,36.54,33.27,32.63073354286207,2.7068229549409755,68.5,8.2,22.35,0.3618980435216148,10.280733542862066,2.65,low
7,210,6_14,6,14,13.0027,80.3507,243.84,49.42,False,,24.89,37.77,27.16,37.45267300678365,3.02853168292083,64.8,8.2,22.35,0.3618980435216148,15.102673006783647,4.51,low
8,240,6_14,6,14,13.0027,80.3507,241.9,46.08,False,,13.16,31.94,24.04,30.056338058569978,2.4191109821554053,71.9,8.2,22.35,0.3618980435216148,7.706338058569976,4.68,low
9,270,6_14,6,14,13.0027,80.3507,249.31,46.49,False,,11.99,23.97,18.41,26.075014460892643,2.5997413763964943,69.8,8.2,22.35,0.3618980435216148,3.725014460892641,3.93,low
10,300,6_14,6,14,13.0027,80.3507,249.34,40.66,False,,12.88,12.34,13.82,13.128653021237984,1.0441000299491696,87.9,8.2,22.35,0.3618980435216148,0.0,2.33,low
11,330,6_14,6,14,13.0027,80.3507,256.63,38.41,False,,0.0,9.7,4.75,9.275585957706989,0.7280514362851295,91.5,8.2,22.35,0.3618980435216148,0.0,0.73,low
0,0,6_15,6,15,13.0027,80.3707,259.63,34.85,False,,8.34,4.77,4.76,5.877609994274529,0.4843658863860057,94.4,10.07,23.32,0.8597394329156103,0.0,0.0,safe
1,30,6_15,6,15,13.0027,80.3707,256.62,35.3,False,,11.65,6.27,11.52,6.082842180085041,0.7210652823742233,91.6,10.07,23.32,0.8597394329156103,0.0,0.0,safe
2,60,6_15,6,15,13.0027,80.3707,251.94,40.97,False,,24.13,10.74,17.11,12.097465860912894,1.657785153631668,80.7,10.07,23.32,0.8597394329156103,0.0,0.0,safe
3,90,6_15,6,15,13.0027,80.3707,253.88,42.94,False,,29.71,16.47,26.71,16.17904275423764,2.9329263242687387,65.9,10.07,23.32,0.8597394329156103,0.0,0.0,safe
4,120,6_15,6,15,13.0027,80.3707,250.23,43.47,False,,38.23,21.2,28.73,20.860518524861963,1.2909869877754447,85.0,10.07,23.32,0.8597394329156103,0.0,0.0,safe
5,150,6_15,6,15,13.0027,80.3707,247.1,47.57,False,,41.7,28.89,30.6,31.73586085608508,3.6639444668861416,57.4,10.07,23.32,0.8597394329156103,8.415860856085079,0.55,low
6,180,6_15,6,15,13.0027,80.3707,245.32,46.66,False,,27.88,32.75,33.27,32.3925848650793,1.9748878400618428,77.0,10.07,23.32,0.8597394329156103,9.0725848650793,1.26,low
7,210,6_15,6,15,13.0027,80.3707,239.92,45.69,False,,25.44,31.57,27.16,30.67033163637901,2.164327124063988,74.8,10.07,23.32,0.8597394329156103,7.3503316363790105,1.54,low
8,240,6_15,6,15,13.0027,80.3707,244.06,45.04,False,,12.06,28.46,24.04,26.90043718646811,2.560476362976144,70.2,10.07,23.32,0.8597394329156103,3.58043718646811,0.85,low
9,270,6_15,6,15,13.0027,80.3707,248.43,44.87,False,,17.25,22.42,18.41,21.85534273352497,1.504694133732397,82.5,10.07,23.32,0.8597394329156103,0.0,0.0,safe
10,300,6_15,6,15,13.0027,80.3707,251.1,42.68,False,,6.7,16.15,13.82,16.307850752439858,1.2768604245500683,85.1,10.07,23.32,0.8597394329156103,0.0,0.0,safe
11,330,6_15,6,15,13.0027,80.3707,255.19,37.8,False,,6.59,7.29,4.75,8.25657237662906,1.044095456460684,87.9,10.07,23.32,0.8597394329156103,0.0,0.0,safe
0,0,6_16,6,16,13.0027,80.3907,256.41,27.66,False,,25.14,2.49,2.23,2.288608375622592,0.2471273979860397,97.1,12.78,24.37,0.0,0.0,0.0,safe
1,30,6_16,6,16,13.0027,80.3907,258.06,34.2,False,,17.19,5.19,2.88,5.07255378955685,0.484180575954615,94.4,12.78,24.37,0.0,0.0,0.0,safe
2,60,6_16,6,16,13.0027,80.3907,251.86,39.33,False,,6.51,10.56,10.06,10.298610032142086,1.0659987406136682,87.6,12.78,24.37,0.0,0.0,0.0,safe
3,90,6_16,6,16,13.0027,80.3907,254.04,42.72,False,,30.24,15.51,13.34,15.368749972540572,1.39938692246979,83.7,12.78,24.37,0.0,0.0,0.0,safe
4,120,6_16,6,16,13.0027,80.3907,249.28,42.52,False,,18.1,16.87,15.48,17.27559913861142,0.8298605258556766,90.3,12.78,24.37,0.0,0.0,0.0,safe
5,150,6_16,6,16,13.0027,80.3907,246.49,45.87,False,,32.55,23.14,17.87,24.22761331795532,1.581460469801636,81.6,12.78,24.37,0.0,0.0,0.0,safe
6,180,6_16,6,16,13.0027,80.3907,240.82,47.57,False,,36.25,26.5,19.89,33.971992006766065,3.8733243493284935,54.9,12.78,24.37,0.0,9.601992006766064,0.42,low
7,210,6_16,6,16,13.0027,80.3907,245.73,47.27,False,,2.33,25.44,19.44,26.97724987406173,1.880086345063342,78.1,12.78,24.37,0.0,2.607249874061729,0.0,safe
8,240,6_16,6,16,13.0027,80.3907,249.69,44.42,False,,19.77,20.75,18.05,20.294527511863564,1.7431007272688217,79.7,12.78,24.37,0.0,0.0,0.0,safe
9,270,6_16,6,16,13.0027,80.3907,250.06,43.8,False,,10.44,18.91,12.28,19.16876040432077,1.4963351855736782,82.6,12.78,24.37,0.0,0.0,0.0,safe
10,300,6_16,6,16,13.0027,80.3907,251.61,38.95,False,,2.03,11.18,8.29,10.738251210630535,1.0104942645542587,88.2,12.78,24.37,0.0,0.0,0.0,safe
11,330,6_16,6,16,13.0027,80.3907,258.61,39.17,False,,7.31,9.52,6.87,9.398664137899791,0.6718794336822991,92.2,12.78,24.37,0.0,0.0,0.0,safe
0,0,6_17,6,17,13.0027,80.4107,257.85,30.06,False,,9.59,3.29,2.23,3.095420823615401,0.3197391791057534,96.3,12.96,25.48,0.40510969099298855,0.0,0.0,safe
1,30,6_17,6,17,13.0027,80.4107,254.62,31.57,False,,8.78,3.33,2.88,3.438517545230785,0.2493406139215138,97.1,12.96,25.48,0.40510969099298855,0.0,0.0,safe
2,60,6_17,6,17,13.0027,80.4107,253.46,36.77,False,,22.6,5.82,10.06,7.484236417518187,0.7136960667436357,91.7,12.96,25.48,0.40510969099298855,0.0,0.0,safe
3,90,6_17,6,17,13.0027,80.4107,256.8,40.23,False,,14.62,11.33,13.34,11.552588250516026,0.8160332286309983,90.5,12.96,25.48,0.40510969099298855,0.0,0.0,safe
4,120,6_17,6,17,13.0027,80.4107,255.75,39.62,False,,8.83,11.58,15.48,11.108990011019907,0.9681403178389336,88.7,12.96,25.48,0.40510969099298855,0.0,0.0,safe
5,150,6_17,6,17,13.0027,80.4107,249.33,42.76,False,,23.55,17.28,17.87,17.14039414064393,1.4150973122468902,83.5,12.96,25.48,0.40510969099298855,0.0,0.0,safe
6,180,6_17,6,17,13.0027,80.4107,247.25,43.02,False,,7.73,20.81,19.89,20.35886696109524,1.7645687893687152,79.5,12.96,25.48,0.40510969099298855,0.0,0.0,safe
7,210,6_17,6,17,13.0027,80.4107,251.26,42.84,False,,16.69,21.16,19.44,19.36896208917291,2.4997297842133457,70.9,12.96,25.48,0.40510969099298855,0.0,0.0,safe
8,240,6_17,6,17,13.0027,80.4107,246.84,41.45,False,,9.46,19.62,18.05,15.61763817847103,1.8022302430696413,79.0,12.96,25.48,0.40510969099298855,0.0,0.0,safe
9,270,6_17,6,17,13.0027,80.4107,249.87,44.06,False,,29.81,16.94,12.28,18.967085214563276,2.1569478162675644,74.9,12.96,25.48,0.40510969099298855,0.0,0.0,safe
10,300,6_17,6,17,13.0027,80.4107,254.76,39.45,False,,4.09,9.54,8.29,9.751195940030636,0.7103216675575588,91.7,12.96,25.48,0.40510969099298855,0.0,0.0,safe
11,330,6_17,6,17,13.0027,80.4107,260.7,38.03,False,,4.35,7.73,6.87,7.967222229595207,0.7227148734525868,91.6,12.96,25.48,0.40510969099298855,0.0,0.0,safe
0,0,6_18,6,18,13.0027,80.4307,261.15,30.37,False,,11.82,2.7,3.81,2.964936961931763,0.3411846522981762,96.0,13.49,26.63,0.7621851717805139,0.0,0.0,safe
1,30,6_18,6,18,13.0027,80.4307,260.58,31.41,False,,7.76,3.5,1.41,3.335990688802933,0.3434532255901408,96.0,13.49,26.63,0.7621851717805139,0.0,0.0,safe
2,60,6_18,6,18,13.0027,80.4307,253.51,33.89,False,,10.27,5.07,4.07,4.837491942303336,0.366671172940851,95.7,13.49,26.63,0.7621851717805139,0.0,0.0,safe
3,90,6_18,6,18,13.0027,80.4307,254.25,36.04,False,,13.91,5.76,5.46,6.621249643899546,0.6987932340526315,91.9,13.49,26.63,0.7621851717805139,0.0,0.0,safe
4,120,6_18,6,18,13.0027,80.4307,254.05,39.31,False,,26.23,12.52,5.95,10.390434417952669,1.377907019551005,84.0,13.49,26.63,0.7621851717805139,0.0,0.0,safe
5,150,6_18,6,18,13.0027,80.4307,249.08,41.55,False,,29.64,15.44,11.85,14.999822429373689,1.6768402217385083,80.5,13.49,26.63,0.7621851717805139,0.0,0.0,safe
6,180,6_18,6,18,13.0027,80.4307,251.33,41.5,False,,19.07,15.29,15.4,15.36263576190746,1.2640093923131768,85.3,13.49,26.63,0.7621851717805139,0.0,0.0,safe
7,210,6_18,6,18,13.0027,80.4307,248.31,42.25,False,,9.1,15.1,20.85,15.46452790019333,1.5718556298798445,81.7,13.49,26.63,0.7621851717805139,0.0,0.0,safe
8,240,6_18,6,18,13.0027,80.4307,259.67,42.14,False,,25.8,14.01,21.86,14.612909153990868,1.9048771666679667,77.8,13.49,26.63,0.7621851717805139,0.0,0.0,safe
9,270,6_18,6,18,13.0027,80.4307,252.51,41.91,False,,15.85,14.85,22.14,15.641236896096045,2.2040666496365944,74.4,13.49,26.63,0.7621851717805139,0.0,0.0,safe
10,300,6_18,6,18,13.0027,80.4307,249.41,40.42,False,,25.86,13.13,13.53,13.297923070773631,1.0756186818905518,87.5,13.49,26.63,0.7621851717805139,0.0,0.0,safe
11,330,6_18,6,18,13.0027,80.4307,251.83,40.51,False,,0.0,10.41,10.81,11.175254362120556,1.0538099225014763,87.7,13.49,26.63,0.7621851717805139,0.0,0.0,safe
0,0,6_19,6,19,13.0027,80.4507,254.46,-9.56,False,,15.66,0.0,3.81,0.0008,0.0112853887837327,99.0,15.21,27.8,0.0,0.0,0.0,safe
1,30,6_19,6,19,13.0027,80.4507,255.98,32.42,False,,4.31,3.41,1.41,3.653256451456977,0.323179921254948,96.2,15.21,27.8,0.0,0.0,0.0,safe
2,60,6_19,6,19,13.0027,80.4507,258.36,-8.86,False,,29.32,0.0,4.07,0.0,0.0,99.0,15.21,27.8,0.0,0.0,0.0,safe
3,90,6_19,6,19,13.0027,80.4507,258.22,34.1,False,,9.02,3.95,5.46,4.325172305620322,0.4172162513229877,95.1,15.21,27.8,0.0,0.0,0.0,safe
4,120,6_19,6,19,13.0027,80.4507,255.32,37.24,False,,30.32,7.96,5.95,7.773772079631343,0.6818910118705197,92.1,15.21,27.8,0.0,0.0,0.0,safe
5,150,6_19,6,19,13.0027,80.4507,256.26,36.79,False,,11.49,7.44,11.85,7.709078113466393,0.5253666240042184,93.9,15.21,27.8,0.0,0.0,0.0,safe
6,180,6_19,6,19,13.0027,80.4507,252.75,39.17,False,,24.48,9.37,15.4,10.341749802095451,1.3155706003764154,84.7,15.21,27.8,0.0,0.0,0.0,safe
7,210,6_19,6,19,13.0027,80.4507,256.35,39.94,False,,4.18,11.22,20.85,10.979817791498462,0.7386938409298569,91.4,15.21,27.8,0.0,0.0,0.0,safe
8,240,6_19,6,19,13.0027,80.4507,252.76,41.75,False,,14.05,13.11,21.86,14.150509259936584,1.592623982653014,81.5,15.21,27.8,0.0,0.0,0.0,safe
9,270,6_19,6,19,13.0027,80.4507,259.23,37.93,False,,7.02,11.16,22.14,9.336176569130338,1.5207349521169389,82.3,15.21,27.8,0.0,0.0,0.0,safe
10,300,6_19,6,19,13.0027,80.4507,257.11,37.83,False,,3.52,10.12,13.53,9.524542076272915,0.7973441230160475,90.7,15.21,27.8,0.0,0.0,0.0,safe
11,330,6_19,6,19,13.0027,80.4507,254.26,35.74,False,,8.41,6.07,10.81,7.251318523012083,1.0816311314286724,87.4,15.21,27.8,0.0,0.0,0.0,safe
0,0,7_0,7,0,13.0227,80.0707,233.74,50.77,False,,56.48,51.24,53.4,50.981411465358605,2.958599409569618,65.6,13.58,28.57,0.0,22.411411465358604,3.11,low
1,30,7_0,7,0,13.0227,80.0707,223.33,51.15,False,,52.76,58.87,64.21,61.39639054988759,3.806333593968257,55.7,13.58,28.57,0.0,32.82639054988759,8.4,moderate
2,60,7_0,7,0,13.0227,80.0707,227.03,52.03,False,,30.91,58.59,68.2,60.283749308483365,2.818131861942731,67.2,13.58,28.57,0.0,31.713749308483365,13.46,moderate
3,90,7_0,7,0,13.0227,80.0707,223.38,51.27,False,,21.46,51.22,58.99,63.4595675999467,3.7172139332391017,56.8,13.58,28.57,0.0,34.8895675999467,19.19,high
4,120,7_0,7,0,13.0227,80.0707,233.01,48.58,False,,22.78,45.1,55.04,47.46990009933416,4.385505923227656,50.0,13.58,28.57,0.0,18.89990009933416,21.56,high
5,150,7_0,7,0,13.0227,80.0707,242.09,44.45,False,,17.44,26.83,41.77,26.212676935425637,2.2036727610772355,74.4,13.58,28.57,0.0,0.0,19.96,high
6,180,7_0,7,0,13.0227,80.0707,251.17,44.33,False,,17.8,21.44,27.05,22.011096213843672,1.1057251703508404,87.1,13.58,28.57,0.0,0.0,18.36,high
7,210,7_0,7,0,13.0227,80.0707,246.68,41.06,False,,0.0,12.76,13.4,13.610992324137554,1.0143172212045335,88.2,13.58,28.57,0.0,0.0,16.76,high
8,240,7_0,7,0,13.0227,80.0707,257.97,34.17,False,,6.36,6.12,7.5,4.930906475344558,0.6107070718397967,92.9,13.58,28.57,0.0,0.0,15.16,high
9,270,7_0,7,0,13.0227,80.0707,259.25,33.41,False,,17.85,4.59,6.4,4.660321439892896,0.3300861241496102,96.2,13.58,28.57,0.0,0.0,13.56,moderate
10,300,7_0,7,0,13.0227,80.0707,256.5,-9.07,False,,0.0,0.0,2.5,0.0,0.0,99.0,13.58,28.57,0.0,0.0,11.96,moderate
11,330,7_0,7,0,13.0227,80.0707,253.73,-8.86,False,,8.46,0.0,1.38,0.0008,0.0112853887837327,99.0,13.58,28.57,0.0,0.0,10.36,moderate
0,0,7_1,7,1,13.0227,80.0907,226.89,50.83,True,53.4,51.58,53.56,53.4,55.73766181358548,3.351453617485832,61.0,13.25,27.33,0.0,28.407661813585484,4.37,low
1,30,7_1,7,1,13.0227,80.0907,219.68,53.1,True,64.21,46.98,64.93,64.21,68.14127002607353,3.612556548096229,58.0,13.25,27.33,0.0,40.81127002607353,11.34,moderate
2,60,7_1,7,1,13.0227,80.0907,220.81,53.41,True,68.2,52.35,69.09,68.2,71.21805624118895,3.166390842521041,63.2,13.25,27.33,0.0,43.88805624118895,18.95,high
3,90,7_1,7,1,13.0227,80.0907,226.79,51.14,True,58.99,47.93,61.03,58.99,59.719594449583056,2.866118311948992,66.7,13.25,27.33,0.0,32.38959444958306,24.15,high
4,120,7_1,7,1,13.0227,80.0907,231.51,50.13,True,55.04,22.98,54.54,55.04,53.40499016159538,2.062386029032682,76.0,13.25,27.33,0.0,26.07499016159538,28.03,high
5,150,7_1,7,1,13.0227,80.0907,240.39,47.93,True,41.77,20.89,41.12,41.77,38.96778693019778,2.170478882898599,74.7,13.25,27.33,0.0,11.637786930197784,28.87,high
6,180,7_1,7,1,13.0227,80.0907,242.69,45.2,True,27.05,4.78,26.07,27.05,26.24144595381653,1.5041939170010432,82.5,13.25,27.33,0.0,0.0,27.27,high
7,210,7_1,7,1,13.0227,80.0907,245.59,41.14,True,13.4,16.45,14.4,13.4,14.24175593825517,1.018607731046367,88.1,13.25,27.33,0.0,0.0,25.67,high
8,240,7_1,7,1,13.0227,80.0907,253.74,38.07,True,7.5,0.0,9.28,7.5,8.816289919335242,0.835772467119541,90.3,13.25,27.33,0.0,0.0,24.07,high
9,270,7_1,7,1,13.0227,80.0907,261.54,36.15,True,6.4,17.79,6.33,6.4,6.628348099153751,0.6155037345724198,92.8,13.25,27.33,0.0,0.0,22.47,high
10,300,7_1,7,1,13.0227,80.0907,254.28,28.51,True,2.5,8.72,2.36,2.5,2.2020865888525623,0.2829583179408146,96.7,13.25,27.33,0.0,0.0,20.87,high
11,330,7_1,7,1,13.0227,80.0907,250.18,23.67,True,1.38,19.76,1.23,1.38,1.1888709811144729,0.1261159391089119,98.5,13.25,27.33,0.0,0.0,19.27,high
0,0,7_2,7,2,13.0227,80.1107,227.43,51.88,False,,61.68,55.67,53.4,57.76664787350347,3.62927314618107,57.8,12.04,26.11,0.427474068821045,31.656647873503474,5.76,moderate
1,30,7_2,7,2,13.0227,80.1107,221.96,52.31,False,,51.49,69.58,64.21,69.50402802569255,2.534531745953786,70.5,12.04,26.11,0.427474068821045,43.39402802569255,14.24,moderate
2,60,7_2,7,2,13.0227,80.1107,225.16,53.61,False,,59.05,74.54,68.2,71.25467032210692,4.357437420609835,50.0,12.04,26.11,0.427474068821045,45.14467032210692,23.14,high
3,90,7_2,7,2,13.0227,80.1107,218.98,51.21,False,,54.03,71.34,58.99,70.51946299615147,2.257938742849724,73.7,12.04,26.11,0.427474068821045,44.409462996151476,31.86,severe
4,120,7_2,7,2,13.0227,80.1107,227.58,50.23,False,,46.02,58.9,55.04,57.44750847788212,2.8112698771937583,67.3,12.04,26.11,0.427474068821045,31.337508477882118,37.55,severe
5,150,7_2,7,2,13.0227,80.1107,232.44,50.17,False,,24.51,47.95,41.77,49.2157271231786,2.0530029269380674,76.1,12.04,26.11,0.427474068821045,23.105727123178603,41.32,severe
6,180,7_2,7,2,13.0227,80.1107,239.58,46.3,False,,31.37,30.72,27.05,31.21878453876276,2.049914795747584,76.2,12.04,26.11,0.427474068821045,5.108784538762759,40.9,severe
7,210,7_2,7,2,13.0227,80.1107,243.53,43.82,False,,20.14,21.26,13.4,21.171861582907766,2.538842812291405,70.5,12.04,26.11,0.427474068821045,0.0,39.3,severe
8,240,7_2,7,2,13.0227,80.1107,249.64,38.98,False,,4.91,11.54,7.5,11.452928258162745,1.391934114596225,83.8,12.04,26.11,0.427474068821045,0.0,37.7,severe
9,270,7_2,7,2,13.0227,80.1107,258.65,33.05,False,,0.25,4.38,6.4,4.258374029227447,0.5343142767428063,93.8,12.04,26.11,0.427474068821045,0.0,36.1,severe
10,300,7_2,7,2,13.0227,80.1107,254.95,34.01,False,,0.0,5.39,2.5,5.105410364329085,0.4415937760904734,94.9,12.04,26.11,0.427474068821045,0.0,34.5,severe
11,330,7_2,7,2,13.0227,80.1107,261.96,15.29,False,,5.18,0.39,1.38,0.3561606737487662,0.0507044341353297,99.0,12.04,26.11,0.427474068821045,0.0,32.9,severe
0,0,7_3,7,3,13.0227,80.1307,232.51,49.15,False,,67.12,53.3,53.4,50.96173601120478,3.165243139282951,63.2,11.04,24.9,0.16605347504047074,26.06173601120478,4.1,low
1,30,7_3,7,3,13.0227,80.1307,222.22,52.38,False,,64.8,69.61,64.21,69.56850007565649,2.556517963679944,70.3,11.04,24.9,0.16605347504047074,44.66850007565649,12.27,moderate
2,60,7_3,7,3,13.0227,80.1307,217.52,54.14,False,,73.97,78.67,68.2,77.3042309565108,2.193510894915583,74.5,11.04,24.9,0.16605347504047074,52.40423095651081,22.13,high
3,90,7_3,7,3,13.0227,80.1307,222.63,53.56,False,,52.64,76.78,58.99,73.91488391573543,5.26430352058504,50.0,11.04,24.9,0.16605347504047074,49.01488391573543,31.25,severe
4,120,7_3,7,3,13.0227,80.1307,221.15,53.94,False,,37.28,68.65,55.04,72.27172669497344,3.6325046483164942,57.7,11.04,24.9,0.16605347504047074,47.37172669497344,40.01,severe
5,150,7_3,7,3,13.0227,80.1307,232.48,51.13,False,,32.45,55.54,41.77,52.77627095916395,4.016348191233908,53.3,11.04,24.9,0.16605347504047074,27.876270959163953,44.51,severe
6,180,7_3,7,3,13.0227,80.1307,237.5,49.1,False,,14.86,40.48,27.05,40.78588295962083,3.709031808584173,56.8,11.04,24.9,0.16605347504047074,15.88588295962083,46.38,severe
7,210,7_3,7,3,13.0227,80.1307,243.3,47.34,False,,3.43,29.98,13.4,29.547642561831942,1.775335141844162,79.3,11.04,24.9,0.16605347504047074,4.647642561831944,45.8,severe
8,240,7_3,7,3,13.0227,80.1307,253.09,42.09,False,,7.79,18.02,7.5,16.45355367497694,1.8299735803597252,78.7,11.04,24.9,0.16605347504047074,0.0,44.2,severe
9,270,7_3,7,3,13.0227,80.1307,259.86,39.67,False,,5.59,8.73,6.4,9.075136233373948,0.7512841589351071,91.3,11.04,24.9,0.16605347504047074,0.0,42.6,severe
10,300,7_3,7,3,13.0227,80.1307,253.72,29.89,False,,4.2,2.75,2.5,2.827245510513041,0.256791641307614,97.0,11.04,24.9,0.16605347504047074,0.0,41.0,severe
11,330,7_3,7,3,13.0227,80.1307,260.58,28.85,False,,6.39,1.7,1.38,1.938949172385167,0.2915590565135206,96.6,11.04,24.9,0.16605347504047074,0.0,39.4,severe
0,0,7_4,7,4,13.0227,80.1507,233.36,48.92,False,,68.91,53.3,66.67,48.914197350375225,3.2234036665545043,62.5,10.27,23.72,0.4092033282615546,25.194197350375227,4.23,low
1,30,7_4,7,4,13.0227,80.1507,221.82,52.97,False,,71.93,69.07,80.92,72.41243360525344,3.0298354865037647,64.7,10.27,23.72,0.4092033282615546,48.69243360525344,13.9,moderate
2,60,7_4,7,4,13.0227,80.1507,217.66,51.41,False,,61.87,76.67,83.61,77.80448644538647,5.053857573375307,50.0,10.27,23.72,0.4092033282615546,54.084486445386474,24.82,high
3,90,7_4,7,4,13.0227,80.1507,218.15,54.81,False,,59.26,82.13,82.03,81.6367754618568,1.306425145268398,84.8,10.27,23.72,0.4092033282615546,57.9167754618568,36.63,severe
4,120,7_4,7,4,13.0227,80.1507,223.75,52.52,False,,51.0,74.31,70.07,67.00456250020828,3.910308476570798,54.5,10.27,23.72,0.4092033282615546,43.28456250020828,45.05,severe
5,150,7_4,7,4,13.0227,80.1507,221.78,51.73,False,,33.03,63.97,51.66,64.99066276147897,3.006831333548662,65.0,10.27,23.72,0.4092033282615546,41.270662761478974,53.0,severe
6,180,7_4,7,4,13.0227,80.1507,233.18,50.46,False,,32.33,51.23,39.21,49.58276246783496,2.694260895064632,68.7,10.27,23.72,0.4092033282615546,25.862762467834962,57.39,severe
7,210,7_4,7,4,13.0227,80.1507,243.32,48.35,False,,27.92,34.5,22.92,34.34539285806361,2.1085492097001133,75.5,10.27,23.72,0.4092033282615546,10.625392858063613,58.25,severe
8,240,7_4,7,4,13.0227,80.1507,246.07,44.97,False,,0.0,22.82,12.77,22.38468002718501,1.3837966605488854,83.9,10.27,23.72,0.4092033282615546,0.0,56.65,severe
9,270,7_4,7,4,13.0227,80.1507,251.88,41.28,False,,5.4,11.2,10.44,12.07963469628906,1.406624253145705,83.6,10.27,23.72,0.4092033282615546,0.0,55.05,severe
10,300,7_4,7,4,13.0227,80.1507,251.73,32.48,False,,4.34,4.7,2.99,4.342370737573284,0.4879252416706617,94.3,10.27,23.72,0.4092033282615546,0.0,53.45,severe
11,330,7_4,7,4,13.0227,80.1507,264.44,-9.23,False,,0.0,0.0,1.63,0.0,0.0,99.0,10.27,23.72,0.4092033282615546,0.0,51.85,severe
0,0,7_5,7,5,13.0227,80.1707,229.85,49.03,False,,79.92,48.4,51.01,49.54850717358947,3.9080472610528334,54.5,9.89,22.58,0.28387716904390103,26.968507173589472,4.47,low
1,30,7_5,7,5,13.0227,80.1707,224.0,51.53,False,,62.53,67.1,65.75,66.1860268716842,1.8989504072094383,77.9,9.89,22.58,0.28387716904390103,43.60602687168421,12.67,moderate
2,60,7_5,7,5,13.0227,80.1707,216.61,52.29,False,,76.42,78.11,78.45,76.61009089190243,2.3902708850947265,72.2,9.89,22.58,0.28387716904390103,54.03009089190243,23.22,high
3,90,7_5,7,5,13.0227,80.1707,219.38,53.04,False,,71.73,81.71,84.22,77.68246527708403,4.487843986122067,50.0,9.89,22.58,0.28387716904390103,55.102465277084036,34.02,severe
4,120,7_5,7,5,13.0227,80.1707,217.42,52.83,False,,50.14,82.0,82.03,80.48659797105654,2.393180797687123,72.2,9.89,22.58,0.28387716904390103,57.90659797105654,45.44,severe
5,150,7_5,7,5,13.0227,80.1707,219.06,52.87,False,,32.06,70.94,73.06,71.52151135084675,2.8830531563422603,66.5,9.89,22.58,0.28387716904390103,48.94151135084675,54.85,severe
6,180,7_5,7,5,13.0227,80.1707,230.32,49.41,False,,27.61,57.52,56.4,55.31784693584441,4.132193057877429,51.9,9.89,22.58,0.28387716904390103,32.73784693584441,60.61,severe
7,210,7_5,7,5,13.0227,80.1707,233.54,48.79,False,,8.85,41.67,38.15,42.077854180183024,2.3558078435136336,72.6,9.89,22.58,0.28387716904390103,19.497854180183026,63.4,severe
8,240,7_5,7,5,13.0227,80.1707,249.12,45.6,False,,19.56,26.47,26.52,25.61947573299889,1.3353164284913417,84.5,9.89,22.58,0.28387716904390103,3.0394757329988913,62.48,severe
9,270,7_5,7,5,13.0227,80.1707,250.61,39.83,False,,5.5,14.12,12.9,13.244562257005748,1.176003388763633,86.3,9.89,22.58,0.28387716904390103,0.0,60.88,severe
10,300,7_5,7,5,13.0227,80.1707,256.26,38.58,False,,21.02,8.63,4.3,8.930242359473908,0.7377152103712703,91.4,9.89,22.58,0.28387716904390103,0.0,59.28,severe
11,330,7_5,7,5,13.0227,80.1707,257.49,32.71,False,,1.66,4.75,4.54,4.261275812157511,0.5466382095011484,93.6,9.89,22.58,0.28387716904390103,0.0,57.68,severe
0,0,7_6,7,6,13.0227,80.1907,238.08,50.31,False,,62.8,44.98,51.01,44.32290337167446,2.4043600168159576,72.0,9.39,21.5,0.00029895880245334183,22.822903371674457,3.19,low
1,30,7_6,7,6,13.0227,80.1907,227.84,49.83,False,,67.48,59.02,65.75,57.81445824208085,2.464357086794033,71.3,9.39,21.5,0.00029895880245334183,36.31445824208085,9.22,moderate
2,60,7_6,7,6,13.0227,80.1907,219.35,53.72,False,,70.53,72.78,78.45,74.70911155677928,2.9415153008539137,65.8,9.39,21.5,0.00029895880245334183,53.20911155677928,18.79,high
3,90,7_6,7,6,13.0227,80.1907,212.83,53.84,False,,70.67,83.51,84.22,83.2021500512384,1.1739490861717414,86.3,9.39,21.5,0.00029895880245334183,61.702150051238405,30.15,severe
4,120,7_6,7,6,13.0227,80.1907,211.11,55.91,False,,65.6,84.66,82.03,84.59010082523918,1.6501816272940155,80.8,9.39,21.5,0.00029895880245334183,63.090100825239176,41.8,severe
5,150,7_6,7,6,13.0227,80.1907,215.9,53.16,False,,45.47,75.65,73.06,76.20981233998054,1.9986462929221651,76.7,9.39,21.5,0.00029895880245334183,54.709812339980544,51.69,severe
6,180,7_6,7,6,13.0227,80.1907,223.41,51.97,False,,46.41,62.7,56.4,63.31350886660855,1.3051901398916097,84.8,9.39,21.5,0.00029895880245334183,41.81350886660855,58.87,severe
7,210,7_6,7,6,13.0227,80.1907,233.59,48.11,False,,13.13,45.9,38.15,43.698755385593,3.152289486383676,63.3,9.39,21.5,0.00029895880245334183,22.198755385593003,61.94,severe
8,240,7_6,7,6,13.0227,80.1907,243.58,46.06,False,,14.1,28.19,26.52,27.780858863527143,1.5350103698567907,82.1,9.39,21.5,0.00029895880245334183,6.280858863527143,61.66,severe
9,270,7_6,7,6,13.0227,80.1907,253.52,41.92,False,,10.92,16.84,12.9,15.826047873740633,1.3183314854075858,84.7,9.39,21.5,0.00029895880245334183,0.0,60.06,severe
10,300,7_6,7,6,13.0227,80.1907,253.13,40.02,False,,9.54,10.42,4.3,10.714841956044486,1.1014486805844437,87.2,9.39,21.5,0.00029895880245334183,0.0,58.46,severe
11,330,7_6,7,6,13.0227,80.1907,258.5,34.06,False,,0.0,4.76,4.54,4.92747709042887,0.4183370370346264,95.1,9.39,21.5,0.00029895880245334183,0.0,56.86,severe
0,0,7_7,7,7,13.0227,80.2107,239.23,49.34,False,,53.09,37.27,33.47,38.63733001970897,2.958748089646668,65.6,8.7,20.52,0.17940739825387553,18.11733001970897,2.38,low
1,30,7_7,7,7,13.0227,80.2107,227.08,48.44,False,,62.79,53.78,43.24,54.36562272652792,3.279925293339044,61.8,8.7,20.52,0.17940739825387553,33.84562272652792,8.2,moderate
2,60,7_7,7,7,13.0227,80.2107,224.37,52.34,False,,70.2,67.18,63.88,64.85605092085567,2.713226664024578,68.4,8.7,20.52,0.17940739825387553,44.33605092085567,16.33,high
3,90,7_7,7,7,13.0227,80.2107,208.73,52.73,False,,73.07,78.56,75.1,77.75660431343202,2.690136033050017,68.7,8.7,20.52,0.17940739825387553,57.236604313432025,27.29,high
4,120,7_7,7,7,13.0227,80.2107,213.19,53.55,False,,51.85,85.48,80.85,84.04390283951032,1.994458113595556,76.8,8.7,20.52,0.17940739825387553,63.52390283951033,39.63,severe
5,150,7_7,7,7,13.0227,80.2107,216.02,53.47,False,,30.11,80.87,75.42,78.94164500117235,3.5325819090029595,58.9,8.7,20.52,0.17940739825387553,58.42164500117235,50.85,severe
6,180,7_7,7,7,13.0227,80.2107,229.52,51.54,False,,23.46,67.27,68.31,59.0515493220091,3.911688745555965,54.5,8.7,20.52,0.17940739825387553,38.5315493220091,57.7,severe
7,210,7_7,7,7,13.0227,80.2107,232.67,50.1,False,,24.39,52.1,56.58,53.9548370031828,2.46774452057461,71.3,8.7,20.52,0.17940739825387553,33.43483700318281,63.44,severe
8,240,7_7,7,7,13.0227,80.2107,237.23,47.66,False,,0.0,36.05,41.65,38.64801661568297,3.688786854271394,57.1,8.7,20.52,0.17940739825387553,18.12801661568297,65.81,severe
9,270,7_7,7,7,13.0227,80.2107,241.08,43.46,False,,2.85,21.98,24.84,22.060711517288254,2.333704951509713,72.8,8.7,20.52,0.17940739825387553,1.5407115172882548,64.55,severe
10,300,7_7,7,7,13.0227,80.2107,249.83,39.37,False,,18.52,11.93,16.56,12.398562799436643,1.0941017466138905,87.3,8.7,20.52,0.17940739825387553,0.0,62.95,severe
11,330,7_7,7,7,13.0227,80.2107,251.16,35.83,False,,6.33,8.71,5.04,7.883721859522261,0.9913977220902344,88.5,8.7,20.52,0.17940739825387553,0.0,61.35,severe
0,0,7_8,7,8,13.0227,80.2307,237.94,46.1,True,33.47,58.97,32.55,33.47,33.24919337650706,2.7497743487172164,68.0,7.77,19.69,0.0,13.559193376507057,1.25,low
1,30,7_8,7,8,13.0227,80.2307,234.76,48.77,True,43.24,46.54,44.41,43.24,43.77010193412767,2.913457648337553,66.1,7.77,19.69,0.0,24.080101934127672,4.7,low
2,60,7_8,7,8,13.0227,80.2307,222.92,50.44,True,63.88,73.41,62.53,63.88,61.77581492927944,2.01590499851929,76.5,7.77,19.69,0.0,42.08581492927944,11.94,moderate
3,90,7_8,7,8,13.0227,80.2307,213.9,54.16,True,75.1,73.87,76.24,75.1,77.16355843775449,1.5891447565737842,81.5,7.77,19.69,0.0,57.47355843775449,22.41,high
4,120,7_8,7,8,13.0227,80.2307,214.45,53.73,True,80.85,66.71,79.94,80.85,81.17015150967701,1.717503028011941,80.0,7.77,19.69,0.0,61.480151509677015,33.72,severe
5,150,7_8,7,8,13.0227,80.2307,213.29,53.17,True,75.42,49.04,77.54,75.42,78.66660463889087,1.7938816049858497,79.1,7.77,19.69,0.0,58.976604638890876,44.51,severe
6,180,7_8,7,8,13.0227,80.2307,226.33,54.12,True,68.31,29.62,68.3,68.31,67.25188952363128,2.615538953977636,69.6,7.77,19.69,0.0,47.56188952363128,52.9,severe
7,210,7_8,7,8,13.0227,80.2307,232.76,49.82,True,56.58,23.31,58.29,56.58,55.562994546377176,3.123310244194945,63.7,7.77,19.69,0.0,35.87299454637717,58.83,severe
8,240,7_8,7,8,13.0227,80.2307,242.31,48.7,True,41.65,17.51,39.76,41.65,37.351710750902434,3.46740921023904,59.7,7.77,19.69,0.0,17.661710750902433,60.94,severe
9,270,7_8,7,8,13.0227,80.2307,249.61,44.53,True,24.84,6.28,25.66,24.84,24.35659036654561,1.7477525195371968,79.7,7.77,19.69,0.0,4.666590366545609,60.32,severe
10,300,7_8,7,8,13.0227,80.2307,252.11,42.88,True,16.56,9.83,16.2,16.56,16.530789886856088,1.443377927000628,83.2,7.77,19.69,0.0,0.0,58.72,severe
11,330,7_8,7,8,13.0227,80.2307,256.68,39.74,True,5.04,15.37,6.3,5.04,7.70309424570526,1.9257522523048785,77.6,7.77,19.69,0.0,0.0,57.12,severe
0,0,7_9,7,9,13.0227,80.2507,246.79,46.3,False,,59.37,25.17,33.47,30.881327058399098,3.5041555267211035,59.2,5.65,19.11,0.530618054958162,11.771327058399098,1.2,low
1,30,7_9,7,9,13.0227,80.2507,237.33,48.21,False,,59.58,39.05,43.24,39.27021462119505,2.1905377755177047,74.5,5.65,19.11,0.530618054958162,20.160214621195053,4.4,low
2,60,7_9,7,9,13.0227,80.2507,232.59,52.1,False,,68.28,53.89,63.88,58.98558057400367,5.362764786957214,50.0,5.65,19.11,0.530618054958162,39.87558057400367,12.28,moderate
3,90,7_9,7,9,13.0227,80.2507,221.15,52.2,False,,63.83,65.41,75.1,68.14830113335489,3.514113374771194,59.1,5.65,19.11,0.530618054958162,49.03830113335489,22.34,high
4,120,7_9,7,9,13.0227,80.2507,222.84,52.65,False,,71.43,73.81,80.85,71.40532877745306,3.7978450907494015,55.8,5.65,19.11,0.530618054958162,52.295328777453065,33.18,severe
5,150,7_9,7,9,13.0227,80.2507,218.22,53.0,False,,48.34,73.58,75.42,74.67927295103023,2.8349017934621243,67.0,5.65,19.11,0.530618054958162,55.56927295103023,44.8,severe
6,180,7_9,7,9,13.0227,80.2507,221.89,53.76,False,,28.64,69.18,68.31,69.21771554770399,2.4715207406241366,71.2,5.65,19.11,0.530618054958162,50.10771554770399,55.12,severe
7,210,7_9,7,9,13.0227,80.2507,227.36,51.57,False,,18.62,57.56,56.58,57.36635348868624,2.8001437925336266,67.4,5.65,19.11,0.530618054958162,38.25635348868624,62.62,severe
8,240,7_9,7,9,13.0227,80.2507,236.95,49.3,False,,20.78,40.79,41.65,42.3354685411658,2.498398918976556,70.9,5.65,19.11,0.530618054958162,23.225468541165803,66.54,severe
9,270,7_9,7,9,13.0227,80.2507,245.79,44.33,False,,22.23,28.19,24.84,26.57181208932868,2.5624544434525123,70.2,5.65,19.11,0.530618054958162,7.4618120893286815,66.72,severe
10,300,7_9,7,9,13.0227,80.2507,250.67,41.22,False,,11.16,15.84,16.56,15.18622441245588,1.17588703286422,86.3,5.65,19.11,0.530618054958162,0.0,65.12,severe
11,330,7_9,7,9,13.0227,80.2507,260.08,36.78,False,,1.75,7.62,5.04,7.07761093679514,0.5403604683852042,93.7,5.65,19.11,0.530618054958162,0.0,63.52,severe
0,0,7_10,7,10,13.0227,80.2707,247.49,44.57,False,,45.62,21.81,33.47,24.63396887594988,2.3637476772495503,72.5,4.89,18.9,0.0,5.733968875949881,0.0,safe
1,30,7_10,7,10,13.0227,80.2707,240.28,45.71,False,,52.72,33.6,43.24,33.44245594336224,2.1375488123695368,75.1,4.89,18.9,0.0,14.542455943362242,1.45,low
2,60,7_10,7,10,13.0227,80.2707,236.1,50.38,False,,67.55,44.95,63.88,46.32309812902378,2.374184634432841,72.4,4.89,18.9,0.0,27.423098129023785,5.61,moderate
3,90,7_10,7,10,13.0227,80.2707,222.92,51.64,False,,48.28,59.14,75.1,63.60358594263657,5.203461590696978,50.0,4.89,18.9,0.0,44.70358594263657,13.4,moderate
4,120,7_10,7,10,13.0227,80.2707,228.34,51.77,False,,65.52,69.52,80.85,66.99392657460473,4.681511998394731,50.0,4.89,18.9,0.0,48.09392657460473,21.9,high
5,150,7_10,7,10,13.0227,80.2707,216.71,52.73,False,,51.23,69.9,75.42,74.02424164468651,3.926932988340804,54.3,4.89,18.9,0.0,55.12424164468651,31.88,severe
6,180,7_10,7,10,13.0227,80.2707,224.64,51.71,False,,36.08,66.3,68.31,64.69831627208583,3.0721079732752554,64.3,4.89,18.9,0.0,45.798316272085835,39.89,severe
7,210,7_10,7,10,13.0227,80.2707,231.0,50.5,False,,24.79,59.52,56.58,56.834854483012165,2.838916547309551,67.0,4.89,18.9,0.0,37.93485448301217,46.26,severe
8,240,7_10,7,10,13.0227,80.2707,234.04,49.98,False,,23.77,44.85,41.65,44.33199569546618,2.0011518493824463,76.7,4.89,18.9,0.0,25.431995695466185,50.0,severe
9,270,7_10,7,10,13.0227,80.2707,235.49,47.82,False,,6.72,31.53,24.84,33.487527977328206,3.218901519702481,62.5,4.89,18.9,0.0,14.587527977328207,51.46,severe
10,300,7_10,7,10,13.0227,80.2707,252.07,43.35,False,,9.31,19.72,16.56,18.604342183185025,1.0392243047414471,87.9,4.89,18.9,0.0,0.0,49.86,severe
11,330,7_10,7,10,13.0227,80.2707,259.04,39.18,False,,9.61,10.54,5.04,8.869788512573846,1.1733325854180554,86.3,4.89,18.9,0.0,0.0,48.26,severe
0,0,7_11,7,11,13.0227,80.2907,257.81,41.86,False,,53.05,15.52,12.07,13.957761310491549,1.856686712659653,78.4,2.98,19.11,1.1529737863387166,0.0,0.0,safe
1,30,7_11,7,11,13.0227,80.2907,247.13,46.15,False,,48.88,24.24,19.11,25.524886107978,3.0093417669085607,65.0,2.98,19.11,1.1529737863387166,6.414886107977999,0.14,low
2,60,7_11,7,11,13.0227,80.2907,238.89,48.49,False,,49.14,36.21,27.3,36.94567328159545,3.3345142494692235,61.2,2.98,19.11,1.1529737863387166,17.835673281595447,3.36,low
3,90,7_11,7,11,13.0227,80.2907,232.39,48.24,False,,67.52,47.83,42.11,46.66307390130064,2.948983768079204,65.7,2.98,19.11,1.1529737863387166,27.553073901300642,9.21,moderate
4,120,7_11,7,11,13.0227,80.2907,227.02,52.48,False,,44.73,60.94,52.01,61.33584547441248,2.011627456214349,76.6,2.98,19.11,1.1529737863387166,42.22584547441248,19.04,high
5,150,7_11,7,11,13.0227,80.2907,218.51,51.81,False,,49.67,65.98,56.32,67.89378423432204,2.955038699611133,65.6,2.98,19.11,1.1529737863387166,48.78378423432204,30.64,severe
6,180,7_11,7,11,13.0227,80.2907,220.97,51.57,False,,45.7,65.6,56.23,66.60193175466148,2.2146388350590254,74.2,2.98,19.11,1.1529737863387166,47.49193175466148,41.88,severe
7,210,7_11,7,11,13.0227,80.2907,228.1,51.76,False,,35.39,56.22,52.75,57.80747777834351,3.336014717512146,61.2,2.98,19.11,1.1529737863387166,38.69747777834351,50.75,severe
8,240,7_11,7,11,13.0227,80.2907,231.34,49.23,False,,20.09,45.17,41.54,48.034724392568,3.920740380494285,54.4,2.98,19.11,1.1529737863387166,28.924724392568002,56.98,severe
9,270,7_11,7,11,13.0227,80.2907,244.59,46.33,False,,22.8,31.61,33.64,31.562329576534417,1.3500216502703697,84.3,2.98,19.11,1.1529737863387166,12.452329576534417,58.75,severe
10,300,7_11,7,11,13.0227,80.2907,246.65,43.09,False,,18.23,19.59,22.48,19.87863777641296,1.0230251480496937,88.1,2.98,19.11,1.1529737863387166,0.7686377764129588,57.35,severe
11,330,7_11,7,11,13.0227,80.2907,251.58,41.51,False,,18.88,12.84,12.99,14.236878380757943,1.5128389151873614,82.4,2.98,19.11,1.1529737863387166,0.0,55.75,severe
0,0,7_12,7,12,13.0227,80.3107,257.61,42.26,True,12.07,41.7,12.53,12.07,14.55865149666248,1.52109369184807,82.3,4.25,19.69,0.34662293551747947,0.0,0.0,safe
1,30,7_12,7,12,13.0227,80.3107,252.7,43.02,True,19.11,37.93,19.77,19.11,18.5423745711735,1.9931551417007256,76.8,4.25,19.69,0.34662293551747947,0.0,0.0,safe
2,60,7_12,7,12,13.0227,80.3107,248.15,46.19,True,27.3,47.82,27.58,27.3,27.056389756450308,1.8299120633983288,78.7,4.25,19.69,0.34662293551747947,7.366389756450307,0.08,low
3,90,7_12,7,12,13.0227,80.3107,240.06,48.67,True,42.11,49.5,42.52,42.11,40.23906131861862,2.7304486413965523,68.2,4.25,19.69,0.34662293551747947,20.549061318618616,3.17,low
4,120,7_12,7,12,13.0227,80.3107,235.41,49.86,True,52.01,63.04,50.47,52.01,48.416683491309286,2.4803957481164858,71.1,4.25,19.69,0.34662293551747947,28.726683491309284,8.13,moderate
5,150,7_12,7,12,13.0227,80.3107,231.0,50.98,True,56.32,60.07,55.18,56.32,54.72741293157417,2.4674182143804293,71.3,4.25,19.69,0.34662293551747947,35.03741293157417,14.52,moderate
6,180,7_12,7,12,13.0227,80.3107,228.11,51.36,True,56.23,31.85,56.11,56.23,56.99677762434252,3.226263204211145,62.5,4.25,19.69,0.34662293551747947,37.306777624342516,21.43,high
7,210,7_12,7,12,13.0227,80.3107,227.73,49.57,True,52.75,30.95,51.91,52.75,53.32109896754553,2.6156448898872395,69.6,4.25,19.69,0.34662293551747947,33.631098967545526,27.51,high
8,240,7_12,7,12,13.0227,80.3107,234.74,48.65,True,41.54,10.17,42.88,41.54,42.5779987874046,2.274612965994772,73.5,4.25,19.69,0.34662293551747947,22.8879987874046,31.13,severe
9,270,7_12,7,12,13.0227,80.3107,243.14,46.98,True,33.64,18.08,33.25,33.64,32.54081448263784,1.6918586228972703,80.3,4.25,19.69,0.34662293551747947,12.85081448263784,32.46,severe
10,300,7_12,7,12,13.0227,80.3107,251.36,44.74,True,22.48,10.55,22.12,22.48,21.76462325250897,1.769655854089694,79.4,4.25,19.69,0.34662293551747947,2.0746232525089674,31.34,severe
11,330,7_12,7,12,13.0227,80.3107,256.96,41.0,True,12.99,11.63,12.99,12.99,13.24140134535188,1.4881268589310748,82.7,4.25,19.69,0.34662293551747947,0.0,29.74,high
0,0,7_13,7,13,13.0227,80.3307,253.66,38.09,False,,9.08,9.22,12.07,9.254122936259602,0.5580042618265049,93.5,6.7,20.52,0.02721269590010067,0.0,0.0,safe
1,30,7_13,7,13,13.0227,80.3307,251.76,42.85,False,,17.22,14.03,19.11,16.057834879640314,2.4115004016590147,71.9,6.7,20.52,0.02721269590010067,0.0,0.0,safe
2,60,7_13,7,13,13.0227,80.3307,250.02,44.88,False,,35.71,21.94,27.3,22.178684198207264,1.916988778609468,77.7,6.7,20.52,0.02721269590010067,1.6586841982072649,0.0,safe
3,90,7_13,7,13,13.0227,80.3307,244.81,48.82,False,,44.98,34.54,42.11,35.968954945763194,3.2031921287466862,62.7,6.7,20.52,0.02721269590010067,15.448954945763195,1.67,low
4,120,7_13,7,13,13.0227,80.3307,233.68,49.27,False,,56.72,41.49,52.01,45.26063744487179,3.7029389094577354,56.9,6.7,20.52,0.02721269590010067,24.74063744487179,5.3,moderate
5,150,7_13,7,13,13.0227,80.3307,235.07,49.98,False,,51.43,46.0,56.32,47.810397561684304,3.153234810730487,63.3,6.7,20.52,0.02721269590010067,27.290397561684305,9.47,moderate
6,180,7_13,7,13,13.0227,80.3307,239.6,48.45,False,,48.33,50.03,56.23,46.39733347975758,5.121217434790319,50.0,6.7,20.52,0.02721269590010067,25.877333479757578,13.34,moderate
7,210,7_13,7,13,13.0227,80.3307,233.37,50.44,False,,38.22,49.9,52.75,50.36973125036866,2.6435160930180954,69.2,6.7,20.52,0.02721269590010067,29.84973125036866,18.05,high
8,240,7_13,7,13,13.0227,80.3307,241.8,48.38,False,,19.95,38.43,41.54,37.416229812223975,2.5843051858883146,69.9,6.7,20.52,0.02721269590010067,16.896229812223975,20.02,high
9,270,7_13,7,13,13.0227,80.3307,244.78,48.27,False,,14.25,32.83,33.64,32.8959863572493,2.613856409838406,69.6,6.7,20.52,0.02721269590010067,12.3759863572493,21.04,high
10,300,7_13,7,13,13.0227,80.3307,249.61,44.4,False,,0.83,23.85,22.48,20.6076263452869,2.487713207159755,71.1,6.7,20.52,0.02721269590010067,0.08762634528689972,19.46,high
11,330,7_13,7,13,13.0227,80.3307,254.92,42.39,False,,12.91,16.09,12.99,15.622877238625868,0.8079299462983607,90.6,6.7,20.52,0.02721269590010067,0.0,17.86,high
0,0,7_14,7,14,13.0227,80.3507,254.98,35.45,False,,7.79,6.06,4.48,6.017672271333139,0.5251615913174028,93.9,9.03,21.5,0.0,0.0,0.0,safe
1,30,7_14,7,14,13.0227,80.3507,246.47,38.83,False,,16.26,11.86,10.44,11.1682731083725,1.3939850123634898,83.8,9.03,21.5,0.0,0.0,0.0,safe
2,60,7_14,7,14,13.0227,80.3507,252.7,42.1,False,,25.95,17.64,21.32,16.821374331744664,1.3170072784756812,84.7,9.03,21.5,0.0,0.0,0.0,safe
3,90,7_14,7,14,13.0227,80.3507,248.4,45.73,False,,36.7,21.89,32.83,23.84201616591326,2.5385259436328766,70.5,9.03,21.5,0.0,2.342016165913261,0.0,safe
4,120,7_14,7,14,13.0227,80.3507,244.71,47.33,False,,42.79,32.3,44.26,32.82280946661962,1.8850565650856783,78.1,9.03,21.5,0.0,11.322809466619617,0.78,low
5,150,7_14,7,14,13.0227,80.3507,237.82,48.13,False,,56.19,40.67,50.58,40.340869450837246,2.234969339871223,74.0,9.03,21.5,0.0,18.840869450837246,3.13,low
6,180,7_14,7,14,13.0227,80.3507,234.23,50.17,False,,35.49,43.81,52.7,47.86018143352389,3.489169037854944,59.4,9.03,21.5,0.0,26.36018143352389,7.07,moderate
7,210,7_14,7,14,13.0227,80.3507,241.32,48.84,False,,30.18,42.17,54.19,40.82709993463595,2.584915138984186,69.9,9.03,21.5,0.0,19.327099934635953,9.53,moderate
8,240,7_14,7,14,13.0227,80.3507,240.14,48.51,False,,13.23,35.93,46.98,37.61747855521332,2.894137638906701,66.3,9.03,21.5,0.0,16.117478555213317,11.31,moderate
9,270,7_14,7,14,13.0227,80.3507,243.06,46.8,False,,14.57,28.14,39.42,30.4347479771948,2.8993923877583603,66.3,9.03,21.5,0.0,8.9347479771948,11.59,moderate
10,300,7_14,7,14,13.0227,80.3507,247.76,45.28,False,,5.67,22.67,26.55,23.733867048785378,2.2257219506628148,74.1,9.03,21.5,0.0,2.2338670487853776,10.46,moderate
11,330,7_14,7,14,13.0227,80.3507,255.93,39.03,False,,13.8,13.31,19.43,11.876334466739936,1.8359609874357776,78.6,9.03,21.5,0.0,0.0,8.86,moderate
0,0,7_15,7,15,13.0227,80.3707,266.4,34.34,False,,7.47,5.24,4.76,5.00983705751989,0.5412879597658622,93.7,11.51,22.58,0.0,0.0,0.0,safe
1,30,7_15,7,15,13.0227,80.3707,248.77,35.25,False,,10.64,5.67,11.52,6.050010036011368,0.8342753973644232,90.3,11.51,22.58,0.0,0.0,0.0,safe
2,60,7_15,7,15,13.0227,80.3707,252.35,41.32,False,,8.65,13.09,17.11,13.357749974419686,1.2808375274489048,85.1,11.51,22.58,0.0,0.0,0.0,safe
3,90,7_15,7,15,13.0227,80.3707,250.55,39.71,False,,33.9,15.95,26.71,15.076362617072448,1.4002563940925246,83.7,11.51,22.58,0.0,0.0,0.0,safe
4,120,7_15,7,15,13.0227,80.3707,245.16,45.62,False,,30.38,24.1,28.73,24.679705090055275,2.0707721491378943,75.9,11.51,22.58,0.0,2.099705090055277,0.0,safe
5,150,7_15,7,15,13.0227,80.3707,239.39,47.17,False,,41.95,31.63,30.6,33.23602693196372,2.915212203102062,66.1,11.51,22.58,0.0,10.656026931963723,0.64,low
6,180,7_15,7,15,13.0227,80.3707,239.96,47.07,False,,46.0,37.6,33.27,34.13065390635958,2.959477753079572,65.6,11.51,22.58,0.0,11.550653906359585,1.46,low
7,210,7_15,7,15,13.0227,80.3707,239.65,46.9,False,,24.63,37.22,27.16,34.879847018643325,2.8428935040665886,66.9,11.51,22.58,0.0,12.299847018643327,2.45,low
8,240,7_15,7,15,13.0227,80.3707,243.88,46.98,False,,0.0,35.22,24.04,28.56004065958421,2.1770305225542117,74.7,11.51,22.58,0.0,5.980040659584212,2.1,low
9,270,7_15,7,15,13.0227,80.3707,242.72,46.99,False,,6.34,29.9,18.41,29.223600497297507,1.3063692087565293,84.8,11.51,22.58,0.0,6.643600497297509,1.9,low
10,300,7_15,7,15,13.0227,80.3707,250.82,44.7,False,,22.7,22.27,13.82,21.811359611066464,1.7098394576025413,80.1,11.51,22.58,0.0,0.0,0.3,low
11,330,7_15,7,15,13.0227,80.3707,254.99,41.82,False,,0.53,14.6,4.75,14.659006104139664,1.0484633494471465,87.8,11.51,22.58,0.0,0.0,0.0,safe
0,0,7_16,7,16,13.0227,80.3907,260.58,25.79,False,,18.64,1.58,2.23,1.6031765991019988,0.1404803254705747,98.4,11.63,23.72,0.835433745143165,0.0,0.0,safe
1,30,7_16,7,16,13.0227,80.3907,259.27,37.09,False,,23.48,6.47,2.88,6.732235997900627,0.5043781855850793,94.1,11.63,23.72,0.835433745143165,0.0,0.0,safe
2,60,7_16,7,16,13.0227,80.3907,251.03,39.3,False,,12.8,8.21,10.06,9.520950098954016,1.7668194790058696,79.4,11.63,23.72,0.835433745143165,0.0,0.0,safe
3,90,7_16,7,16,13.0227,80.3907,252.04,41.72,False,,25.92,13.43,13.34,14.378430818532316,1.4719481094307272,82.9,11.63,23.72,0.835433745143165,0.0,0.0,safe
4,120,7_16,7,16,13.0227,80.3907,250.87,44.29,False,,29.63,19.31,15.48,20.47404832782296,1.7407636891091955,79.7,11.63,23.72,0.835433745143165,0.0,0.0,safe
5,150,7_16,7,16,13.0227,80.3907,247.9,45.38,False,,26.87,23.35,17.87,24.74060919799263,1.6820129128867911,80.4,11.63,23.72,0.835433745143165,1.0206091979926306,0.0,safe
6,180,7_16,7,16,13.0227,80.3907,248.66,45.33,False,,22.76,29.25,19.89,26.30364445849701,2.34692218796929,72.7,11.63,23.72,0.835433745143165,2.5836444584970124,0.0,safe
7,210,7_16,7,16,13.0227,80.3907,245.55,46.67,False,,15.73,29.7,19.44,28.138031367259508,1.860844462937275,78.3,11.63,23.72,0.835433745143165,4.418031367259509,0.0,safe
8,240,7_16,7,16,13.0227,80.3907,239.02,47.06,False,,12.14,29.74,18.05,31.146294729296475,2.7891660582258417,67.5,11.63,23.72,0.835433745143165,7.426294729296476,0.29,low
9,270,7_16,7,16,13.0227,80.3907,244.33,48.34,False,,7.82,26.14,12.28,27.671731824083952,3.38278366527288,60.6,11.63,23.72,0.835433745143165,3.9517318240839536,0.0,safe
10,300,7_16,7,16,13.0227,80.3907,252.53,43.4,False,,4.9,17.49,8.29,17.961047159341234,1.311394784486155,84.7,11.63,23.72,0.835433745143165,0.0,0.0,safe
11,330,7_16,7,16,13.0227,80.3907,257.59,41.38,False,,2.18,12.53,6.87,13.213265687426702,1.571119032771257,81.7,11.63,23.72,0.835433745143165,0.0,0.0,safe
0,0,7_17,7,17,13.0227,80.4107,261.75,22.7,False,,23.49,0.95,3.81,1.1031530167599295,0.1441373321843755,98.3,13.35,24.9,0.0,0.0,0.0,safe
1,30,7_17,7,17,13.0227,80.4107,258.24,28.34,False,,7.22,1.97,1.41,2.016090338539537,0.2438930190188412,97.2,13.35,24.9,0.0,0.0,0.0,safe
2,60,7_17,7,17,13.0227,80.4107,256.86,34.28,False,,25.54,6.09,4.07,5.684020625463468,0.6050078760211612,93.0,13.35,24.9,0.0,0.0,0.0,safe
3,90,7_17,7,17,13.0227,80.4107,261.59,35.41,False,,5.55,6.41,5.46,6.079293390317583,0.4885549858436789,94.3,13.35,24.9,0.0,0.0,0.0,safe
4,120,7_17,7,17,13.0227,80.4107,254.07,41.86,False,,15.44,14.57,5.95,14.454407819728534,1.2646769268580778,85.3,13.35,24.9,0.0,0.0,0.0,safe
5,150,7_17,7,17,13.0227,80.4107,247.16,42.05,False,,17.27,17.31,11.85,15.830569762615578,2.385097537254273,72.3,13.35,24.9,0.0,0.0,0.0,safe
6,180,7_17,7,17,13.0227,80.4107,246.53,46.0,False,,26.66,22.77,15.4,24.987146166916144,2.4168177582969013,71.9,13.35,24.9,0.0,0.08714616691614552,0.0,safe
7,210,7_17,7,17,13.0227,80.4107,247.55,43.2,False,,19.7,22.43,20.85,21.23586771319183,1.6069842667996814,81.3,13.35,24.9,0.0,0.0,0.0,safe
8,240,7_17,7,17,13.0227,80.4107,247.43,42.97,False,,16.55,21.73,21.86,21.008724455368533,1.2858959581157052,85.0,13.35,24.9,0.0,0.0,0.0,safe
9,270,7_17,7,17,13.0227,80.4107,249.97,41.95,False,,19.29,19.27,22.14,17.978121586388685,1.759021134039536,79.5,13.35,24.9,0.0,0.0,0.0,safe
10,300,7_17,7,17,13.0227,80.4107,244.53,41.7,False,,20.44,17.45,13.53,17.301506053212762,1.3765688939786418,84.0,13.35,24.9,0.0,0.0,0.0,safe
11,330,7_17,7,17,13.0227,80.4107,250.92,41.45,False,,7.08,12.98,10.81,13.763844622547635,1.199159284451987,86.0,13.35,24.9,0.0,0.0,0.0,safe
0,0,7_18,7,18,13.0227,80.4307,257.54,28.71,True,3.81,0.0,2.25,3.81,2.326632478107597,0.2203169794311796,97.4,14.35,26.11,0.0,0.0,0.0,safe
1,30,7_18,7,18,13.0227,80.4307,256.42,25.18,True,1.41,9.8,1.57,1.41,1.4944912413263998,0.1447034919304093,98.3,14.35,26.11,0.0,0.0,0.0,safe
2,60,7_18,7,18,13.0227,80.4307,254.11,32.21,True,4.07,14.74,3.86,4.07,3.793736094625356,0.2861613385060193,96.7,14.35,26.11,0.0,0.0,0.0,safe
3,90,7_18,7,18,13.0227,80.4307,257.75,38.74,True,5.46,8.11,7.0,5.46,7.820211936184659,1.1773592328837004,86.3,14.35,26.11,0.0,0.0,0.0,safe
4,120,7_18,7,18,13.0227,80.4307,249.92,36.2,True,5.95,16.7,6.28,5.95,6.83055466772469,0.7377803759675927,91.4,14.35,26.11,0.0,0.0,0.0,safe
5,150,7_18,7,18,13.0227,80.4307,255.28,39.52,True,11.85,26.81,10.55,11.85,10.75229302659858,0.8207803628130502,90.5,14.35,26.11,0.0,0.0,0.0,safe
6,180,7_18,7,18,13.0227,80.4307,255.73,41.78,True,15.4,16.64,14.53,15.4,14.310642553400635,0.9630087894383328,88.8,14.35,26.11,0.0,0.0,0.0,safe
7,210,7_18,7,18,13.0227,80.4307,247.99,44.15,True,20.85,20.09,18.36,20.85,19.86535791783223,1.388770321143256,83.8,14.35,26.11,0.0,0.0,0.0,safe
8,240,7_18,7,18,13.0227,80.4307,245.8,45.09,True,21.86,12.85,22.31,21.86,23.012459138056894,2.0331976946767822,76.3,14.35,26.11,0.0,0.0,0.0,safe
9,270,7_18,7,18,13.0227,80.4307,248.83,45.25,True,22.14,29.44,21.38,22.14,23.19443725435724,2.609061484762792,69.6,14.35,26.11,0.0,0.0,0.0,safe
10,300,7_18,7,18,13.0227,80.4307,255.65,41.97,True,13.53,19.8,14.14,13.53,14.309445185556982,0.9851012854430438,88.5,14.35,26.11,0.0,0.0,0.0,safe
11,330,7_18,7,18,13.0227,80.4307,255.33,38.15,True,10.81,18.14,9.32,10.81,9.401233818064815,0.7255070681222889,91.6,14.35,26.11,0.0,0.0,0.0,safe
0,0,7_19,7,19,13.0227,80.4507,255.99,27.87,False,,1.83,2.45,3.81,2.2688475339944607,0.2805880399633705,96.7,15.09,27.33,0.0,0.0,0.0,safe
1,30,7_19,7,19,13.0227,80.4507,255.77,25.89,False,,1.06,1.7,1.41,1.639540423818397,0.1152789082736698,98.7,15.09,27.33,0.0,0.0,0.0,safe
2,60,7_19,7,19,13.0227,80.4507,264.66,30.91,False,,0.0,3.1,4.07,3.0262982120716053,0.3570595632196178,95.8,15.09,27.33,0.0,0.0,0.0,safe
3,90,7_19,7,19,13.0227,80.4507,268.75,31.94,False,,0.64,3.49,5.46,3.60800936910328,0.3681971471452047,95.7,15.09,27.33,0.0,0.0,0.0,safe
4,120,7_19,7,19,13.0227,80.4507,258.61,35.33,False,,15.92,5.86,5.95,5.928349443362614,0.4914895511701674,94.3,15.09,27.33,0.0,0.0,0.0,safe
5,150,7_19,7,19,13.0227,80.4507,258.65,36.13,False,,24.75,7.76,11.85,7.350858836804352,0.7183710594582636,91.6,15.09,27.33,0.0,0.0,0.0,safe
6,180,7_19,7,19,13.0227,80.4507,255.21,40.72,False,,4.64,12.14,15.4,12.62625775348851,1.4984615092791076,82.6,15.09,27.33,0.0,0.0,0.0,safe
7,210,7_19,7,19,13.0227,80.4507,253.84,40.99,False,,22.6,11.87,20.85,12.210105392687248,1.1997273306691956,86.0,15.09,27.33,0.0,0.0,0.0,safe
8,240,7_19,7,19,13.0227,80.4507,252.98,42.69,False,,18.31,13.83,21.86,15.77995273551326,2.6868629039120666,68.7,15.09,27.33,0.0,0.0,0.0,safe
9,270,7_19,7,19,13.0227,80.4507,252.38,40.59,False,,30.07,13.52,22.14,13.011844561484256,2.064368286422898,76.0,15.09,27.33,0.0,0.0,0.0,safe
10,300,7_19,7,19,13.0227,80.4507,250.33,40.12,False,,3.24,12.61,13.53,12.394482338770851,1.6040362244694608,81.3,15.09,27.33,0.0,0.0,0.0,safe
11,330,7_19,7,19,13.0227,80.4507,257.97,38.35,False,,5.07,9.75,10.81,9.337943802115824,0.7625712861112206,91.1,15.09,27.33,0.0,0.0,0.0,safe
0,0,8_0,8,0,13.0427,80.0707,239.62,48.25,False,,58.41,40.45,53.4,39.59011652876538,2.2290815179452395,74.1,13.17,28.26,0.0136117456015441,11.330116528765377,0.79,low
1,30,8_0,8,0,13.0427,80.0707,230.77,50.69,False,,39.64,53.23,64.21,54.33567816728213,3.1545672522966064,63.3,13.17,28.26,0.0136117456015441,26.07567816728213,4.68,low
2,60,8_0,8,0,13.0427,80.0707,227.67,49.71,False,,34.25,53.74,68.2,54.86787022963869,2.7611216459188923,67.9,13.17,28.26,0.0136117456015441,26.60787022963869,8.69,moderate
3,90,8_0,8,0,13.0427,80.0707,234.6,50.59,False,,22.13,50.12,58.99,48.999511260020114,4.088291757073114,52.4,13.17,28.26,0.0136117456015441,20.739511260020112,11.46,moderate
4,120,8_0,8,0,13.0427,80.0707,230.18,48.52,False,,31.8,43.29,55.04,45.86736161791427,4.998094198671986,50.0,13.17,28.26,0.0136117456015441,17.60736161791427,13.57,moderate
5,150,8_0,8,0,13.0427,80.0707,241.22,46.62,False,,14.06,32.29,41.77,32.97405550934228,1.8875767516909292,78.0,13.17,28.26,0.0136117456015441,4.714055509342277,12.96,moderate
6,180,8_0,8,0,13.0427,80.0707,244.15,46.04,False,,4.14,25.04,27.05,26.09188078987683,1.9429228169285304,77.4,13.17,28.26,0.0136117456015441,0.0,11.36,moderate
7,210,8_0,8,0,13.0427,80.0707,251.15,40.47,False,,0.08,16.18,13.4,14.986638136336316,1.4794705373979071,82.8,13.17,28.26,0.0136117456015441,0.0,9.76,moderate
8,240,8_0,8,0,13.0427,80.0707,253.61,39.01,False,,21.85,10.2,7.5,11.104222322871593,1.4018106545596858,83.7,13.17,28.26,0.0136117456015441,0.0,8.16,moderate
9,270,8_0,8,0,13.0427,80.0707,256.63,30.3,False,,0.0,3.43,6.4,3.128844311467389,0.5302672948888252,93.8,13.17,28.26,0.0136117456015441,0.0,6.56,moderate
10,300,8_0,8,0,13.0427,80.0707,260.99,31.39,False,,4.6,3.25,2.5,3.2118772860941363,0.2633559989670576,96.9,13.17,28.26,0.0136117456015441,0.0,4.96,low
11,330,8_0,8,0,13.0427,80.0707,261.2,13.42,False,,8.21,0.28,1.38,0.2419916666666667,0.0342190442021853,99.0,13.17,28.26,0.0136117456015441,0.0,3.36,low
0,0,8_1,8,1,13.0427,80.0907,233.96,47.67,False,,49.37,48.6,53.4,46.367366644500656,3.505410039519183,59.2,12.85,26.99,0.042847359204088775,19.377366644500658,2.51,low
1,30,8_1,8,1,13.0427,80.0907,228.19,50.13,False,,43.68,58.05,64.21,55.96643243589728,3.114337463228269,63.8,12.85,26.99,0.042847359204088775,28.976432435897284,7.06,moderate
2,60,8_1,8,1,13.0427,80.0907,230.29,52.87,False,,26.91,58.98,68.2,58.6668208745268,3.344945416134832,61.1,12.85,26.99,0.042847359204088775,31.6768208745268,12.19,moderate
3,90,8_1,8,1,13.0427,80.0907,227.33,51.2,False,,38.23,58.1,58.99,57.57911268155021,2.601815140177398,69.7,12.85,26.99,0.042847359204088775,30.58911268155021,17.08,high
4,120,8_1,8,1,13.0427,80.0907,229.74,52.59,False,,30.73,54.02,55.04,56.225427190752455,3.028695514858262,64.8,12.85,26.99,0.042847359204088775,29.235427190752457,21.68,high
5,150,8_1,8,1,13.0427,80.0907,230.43,47.61,False,,39.6,40.13,41.77,42.30437788515409,4.378605160520421,50.0,12.85,26.99,0.042847359204088775,15.31437788515409,23.33,high
6,180,8_1,8,1,13.0427,80.0907,241.31,46.72,False,,13.47,28.48,27.05,29.050247406253103,1.193357890365626,86.1,12.85,26.99,0.042847359204088775,2.0602474062531044,22.17,high
7,210,8_1,8,1,13.0427,80.0907,247.13,41.66,False,,17.35,17.12,13.4,16.097316093028507,1.6215004873775072,81.1,12.85,26.99,0.042847359204088775,0.0,20.57,high
8,240,8_1,8,1,13.0427,80.0907,249.79,39.0,False,,2.3,13.07,7.5,12.526474952246453,1.094356568884076,87.3,12.85,26.99,0.042847359204088775,0.0,18.97,high
9,270,8_1,8,1,13.0427,80.0907,255.59,35.75,False,,0.0,6.86,6.4,6.745846408338203,0.3915665506110051,95.4,12.85,26.99,0.042847359204088775,0.0,17.37,high
10,300,8_1,8,1,13.0427,80.0907,258.01,30.78,False,,10.21,3.45,2.5,3.1735847790469105,0.2942013491476322,96.6,12.85,26.99,0.042847359204088775,0.0,15.77,high
11,330,8_1,8,1,13.0427,80.0907,261.1,-8.87,False,,9.97,0.0,1.38,0.0,0.0,99.0,12.85,26.99,0.042847359204088775,0.0,14.17,moderate
0,0,8_2,8,2,13.0427,80.1107,233.91,51.32,False,,43.76,46.67,53.4,49.408300053295946,3.577711762616496,58.4,12.6,25.72,0.0,23.688300053295947,3.37,low
1,30,8_2,8,2,13.0427,80.1107,224.75,50.89,False,,56.27,58.26,64.21,59.24264293734827,1.9292779506267936,77.6,12.6,25.72,0.0,33.52264293734827,8.81,moderate
2,60,8_2,8,2,13.0427,80.1107,224.48,53.99,False,,38.53,65.68,68.2,66.52639893868415,2.886600421985142,66.4,12.6,25.72,0.0,40.806398938684154,15.78,high
3,90,8_2,8,2,13.0427,80.1107,220.34,51.11,False,,43.3,69.15,58.99,68.24521160945038,2.956967847353899,65.6,12.6,25.72,0.0,42.52521160945038,23.11,high
4,120,8_2,8,2,13.0427,80.1107,227.54,52.58,False,,45.15,61.61,55.04,60.89072940462169,2.7045427894467764,68.5,12.6,25.72,0.0,35.17072940462169,28.9,high
5,150,8_2,8,2,13.0427,80.1107,230.76,49.92,False,,41.07,51.43,41.77,51.05928535184099,2.2428418213219694,73.9,12.6,25.72,0.0,25.339285351840992,32.62,severe
6,180,8_2,8,2,13.0427,80.1107,237.52,48.04,False,,14.13,38.74,27.05,38.00713555841215,2.8146969065381944,67.3,12.6,25.72,0.0,12.287135558412153,33.6,severe
7,210,8_2,8,2,13.0427,80.1107,250.36,44.26,False,,21.93,22.24,13.4,20.770091721840604,1.809115506407923,79.0,12.6,25.72,0.0,0.0,32.0,severe
8,240,8_2,8,2,13.0427,80.1107,251.63,41.54,False,,0.0,15.36,7.5,15.096308217851895,1.3019912750162628,84.9,12.6,25.72,0.0,0.0,30.4,severe
9,270,8_2,8,2,13.0427,80.1107,247.19,37.43,False,,0.0,7.05,6.4,7.81881543936398,1.0855083117212256,87.4,12.6,25.72,0.0,0.0,28.8,high
10,300,8_2,8,2,13.0427,80.1107,258.9,34.74,False,,0.0,5.05,2.5,5.235799204136498,0.4842970497581107,94.4,12.6,25.72,0.0,0.0,27.2,high
11,330,8_2,8,2,13.0427,80.1107,258.46,31.37,False,,4.22,2.8,1.38,3.1516224563468485,0.3263853829819841,96.2,12.6,25.72,0.0,0.0,25.6,high
0,0,8_3,8,3,13.0427,80.1307,233.95,49.32,False,,55.13,48.83,53.4,48.27071771572816,2.553711038469126,70.3,10.44,24.46,0.8759370507120874,23.81071771572816,4.5,low
1,30,8_3,8,3,13.0427,80.1307,223.91,50.5,False,,73.16,60.12,64.21,60.75478676862039,1.841797140235892,78.6,10.44,24.46,0.8759370507120874,36.29478676862039,12.19,moderate
2,60,8_3,8,3,13.0427,80.1307,225.85,51.57,False,,64.87,66.19,68.2,65.95416568916241,2.37699523915624,72.3,10.44,24.46,0.8759370507120874,41.49416568916241,21.21,high
3,90,8_3,8,3,13.0427,80.1307,218.16,54.1,False,,55.98,74.21,58.99,74.1976630193235,2.1728463193655614,74.7,10.44,24.46,0.8759370507120874,49.7376630193235,32.34,severe
4,120,8_3,8,3,13.0427,80.1307,214.4,50.5,False,,38.5,69.47,55.04,69.48024354548214,3.191465557577576,62.9,10.44,24.46,0.8759370507120874,45.02024354548214,42.26,severe
5,150,8_3,8,3,13.0427,80.1307,228.69,52.76,False,,17.93,60.39,41.77,58.62592335291723,4.462732532422836,50.0,10.44,24.46,0.8759370507120874,34.16592335291723,49.41,severe
6,180,8_3,8,3,13.0427,80.1307,234.93,49.16,False,,17.99,46.06,27.05,43.85695678225908,3.37844195959764,60.7,10.44,24.46,0.8759370507120874,19.396956782259082,52.78,severe
7,210,8_3,8,3,13.0427,80.1307,238.25,48.2,False,,8.88,30.98,13.4,32.972189927124944,3.460314837905596,59.7,10.44,24.46,0.8759370507120874,8.512189927124943,53.36,severe
8,240,8_3,8,3,13.0427,80.1307,252.7,44.17,False,,15.82,20.53,7.5,19.285957435855934,1.8626511395355465,78.3,10.44,24.46,0.8759370507120874,0.0,51.76,severe
9,270,8_3,8,3,13.0427,80.1307,255.63,40.06,False,,4.24,9.42,6.4,9.686983147094043,0.9469667382181935,89.0,10.44,24.46,0.8759370507120874,0.0,50.16,severe
10,300,8_3,8,3,13.0427,80.1307,261.09,32.42,False,,6.29,4.02,2.5,3.869707360242615,0.4212988954135186,95.1,10.44,24.46,0.8759370507120874,0.0,48.56,severe
11,330,8_3,8,3,13.0427,80.1307,261.3,30.72,False,,0.0,3.74,1.38,3.2585636672931604,0.5552907639958458,93.5,10.44,24.46,0.8759370507120874,0.0,46.96,severe
0,0,8_4,8,4,13.0427,80.1507,241.82,47.48,False,,60.01,41.44,51.01,38.78817743501638,3.924999209599697,54.3,10.44,23.22,0.0,15.56817743501638,1.67,low
1,30,8_4,8,4,13.0427,80.1507,230.08,51.01,False,,82.26,57.24,65.75,57.45140469711352,3.2309947648215687,62.4,10.44,23.22,0.0,34.23140469711352,7.26,moderate
2,60,8_4,8,4,13.0427,80.1507,220.78,53.09,False,,82.07,72.08,78.45,73.21927429684888,3.589252455702484,58.2,10.44,23.22,0.0,49.99927429684888,16.16,high
3,90,8_4,8,4,13.0427,80.1507,214.88,52.66,False,,70.55,78.91,84.22,79.96622400618365,2.4291875914830627,71.7,10.44,23.22,0.0,56.74622400618365,26.47,high
4,120,8_4,8,4,13.0427,80.1507,215.89,53.13,False,,47.37,76.44,82.03,78.6266516037303,2.6366499771454275,69.3,10.44,23.22,0.0,55.406651603730296,36.51,severe
5,150,8_4,8,4,13.0427,80.1507,225.65,52.66,False,,39.71,68.98,73.06,67.94170029962952,1.9985830201024688,76.7,10.44,23.22,0.0,44.72170029962952,44.3,severe
6,180,8_4,8,4,13.0427,80.1507,230.34,49.99,False,,19.15,54.39,56.4,54.7137124968448,1.9287657200015853,77.6,10.44,23.22,0.0,31.4937124968448,49.32,severe
7,210,8_4,8,4,13.0427,80.1507,240.6,50.14,False,,11.61,41.3,38.15,40.889030247738354,3.8121020153147818,55.6,10.44,23.22,0.0,17.669030247738355,51.43,severe
8,240,8_4,8,4,13.0427,80.1507,249.18,45.68,False,,9.79,24.09,26.52,24.92574406408526,1.8600501858190344,78.4,10.44,23.22,0.0,1.7057440640852626,50.18,severe
9,270,8_4,8,4,13.0427,80.1507,253.75,41.01,False,,21.32,15.4,12.9,14.37924583062542,1.3526766785071784,84.3,10.44,23.22,0.0,0.0,48.58,severe
10,300,8_4,8,4,13.0427,80.1507,256.45,36.7,False,,9.89,7.76,4.3,6.890037631214125,0.6862873783396013,92.0,10.44,23.22,0.0,0.0,46.98,severe
11,330,8_4,8,4,13.0427,80.1507,258.37,33.53,False,,2.77,4.49,4.54,4.43332134023871,0.3735082039322261,95.7,10.44,23.22,0.0,0.0,45.38,severe
0,0,8_5,8,5,13.0427,80.1707,231.67,48.17,False,,77.06,41.05,51.01,43.56682904761907,3.958100452628704,53.9,9.94,22.0,0.0,21.566829047619073,2.93,low
1,30,8_5,8,5,13.0427,80.1707,226.59,50.49,False,,75.79,57.2,65.75,59.56236506983242,3.214344639459291,62.6,9.94,22.0,0.0,37.56236506983242,9.22,moderate
2,60,8_5,8,5,13.0427,80.1707,216.12,52.42,False,,74.68,72.45,78.45,74.63578259535983,2.9103163523084707,66.1,9.94,22.0,0.0,52.63578259535983,18.67,high
3,90,8_5,8,5,13.0427,80.1707,209.43,52.88,False,,68.77,81.69,84.22,82.16794367343341,1.3091340654218615,84.8,9.94,22.0,0.0,60.16794367343341,29.71,high
4,120,8_5,8,5,13.0427,80.1707,208.16,55.01,False,,48.23,85.08,82.03,84.56712097502155,1.518305483482069,82.3,9.94,22.0,0.0,62.56712097502155,41.25,severe
5,150,8_5,8,5,13.0427,80.1707,217.38,53.95,False,,55.99,75.07,73.06,76.41421741929028,1.811742200940809,78.9,9.94,22.0,0.0,54.41421741929028,51.07,severe
6,180,8_5,8,5,13.0427,80.1707,228.48,51.32,False,,15.83,63.14,56.4,60.37344923461826,3.4585782110933065,59.8,9.94,22.0,0.0,38.37344923461826,57.53,severe
7,210,8_5,8,5,13.0427,80.1707,229.21,50.42,False,,11.9,48.0,38.15,48.951509228963126,2.6932006634495225,68.7,9.94,22.0,0.0,26.951509228963126,61.59,severe
8,240,8_5,8,5,13.0427,80.1707,246.17,46.47,False,,5.01,31.7,26.52,29.890147603802767,1.908304751485072,77.8,9.94,22.0,0.0,7.890147603802767,61.65,severe
9,270,8_5,8,5,13.0427,80.1707,249.47,42.78,False,,16.87,18.33,12.9,17.50750577936441,0.9682557763002518,88.7,9.94,22.0,0.0,0.0,60.05,severe
10,300,8_5,8,5,13.0427,80.1707,253.92,38.82,False,,0.0,10.2,4.3,9.94867276467418,1.0836682993497528,87.4,9.94,22.0,0.0,0.0,58.45,severe
11,330,8_5,8,5,13.0427,80.1707,256.45,35.35,False,,11.05,5.88,4.54,5.906161732472893,0.361966017648398,95.8,9.94,22.0,0.0,0.0,56.85,severe
0,0,8_6,8,6,13.0427,80.1907,237.26,48.32,False,,60.14,35.1,51.01,40.724589107371486,2.9390606139065114,65.8,8.54,20.81,0.3059141581637448,19.914589107371487,2.9,low
1,30,8_6,8,6,13.0427,80.1907,232.56,49.39,False,,57.06,51.75,65.75,51.00180189149373,3.134588796271915,63.5,8.54,20.81,0.3059141581637448,30.19180189149373,8.13,moderate
2,60,8_6,8,6,13.0427,80.1907,226.1,51.66,False,,72.59,65.14,78.45,66.99005280324195,3.56227352928969,58.6,8.54,20.81,0.3059141581637448,46.18005280324195,16.97,high
3,90,8_6,8,6,13.0427,80.1907,220.85,53.27,False,,71.71,78.93,84.22,79.03540818001453,2.27319382157168,73.6,8.54,20.81,0.3059141581637448,58.225408180014526,28.53,high
4,120,8_6,8,6,13.0427,80.1907,215.78,52.46,False,,37.12,84.41,82.03,81.39358668079026,4.319609125550988,50.0,8.54,20.81,0.3059141581637448,60.58358668079026,40.62,severe
5,150,8_6,8,6,13.0427,80.1907,217.07,54.38,False,,47.95,80.98,73.06,78.55253665447822,2.590485061234956,69.9,8.54,20.81,0.3059141581637448,57.742536654478215,52.08,severe
6,180,8_6,8,6,13.0427,80.1907,221.36,52.65,False,,38.29,69.68,56.4,70.23220649440131,3.122988937156152,63.7,8.54,20.81,0.3059141581637448,49.42220649440131,61.65,severe
7,210,8_6,8,6,13.0427,80.1907,232.31,49.54,False,,12.74,52.41,38.15,47.72884199747309,3.518933832946113,59.1,8.54,20.81,0.3059141581637448,26.91884199747309,66.14,severe
8,240,8_6,8,6,13.0427,80.1907,240.27,48.52,False,,22.32,35.9,26.52,35.15487877999401,2.109473989220423,75.5,8.54,20.81,0.3059141581637448,14.344878779994009,67.78,severe
9,270,8_6,8,6,13.0427,80.1907,247.93,47.26,False,,9.2,24.23,12.9,25.71324127779289,2.19744970887518,74.4,8.54,20.81,0.3059141581637448,4.90324127779289,67.29,severe
10,300,8_6,8,6,13.0427,80.1907,250.59,41.7,False,,0.0,14.56,4.3,15.058345004669022,0.9747755113059136,88.7,8.54,20.81,0.3059141581637448,0.0,65.69,severe
11,330,8_6,8,6,13.0427,80.1907,253.44,34.69,False,,16.88,5.78,4.54,5.821828814319024,0.5556125994405254,93.5,8.54,20.81,0.3059141581637448,0.0,64.09,severe
0,0,8_7,8,7,13.0427,80.2107,247.77,45.02,False,,57.9,29.9,33.47,27.93632484019959,2.906272189582872,66.2,8.35,19.69,0.0,8.246324840199588,0.13,low
1,30,8_7,8,7,13.0427,80.2107,235.38,50.9,False,,74.97,46.48,43.24,50.07959933351344,3.715930117967842,56.8,8.35,19.69,0.0,30.38959933351344,4.91,low
2,60,8_7,8,7,13.0427,80.2107,228.17,51.76,False,,77.51,64.92,63.88,63.65683978480544,3.454934655749287,59.8,8.35,19.69,0.0,43.966839784805444,12.55,moderate
3,90,8_7,8,7,13.0427,80.2107,214.87,54.0,False,,70.61,77.84,75.1,77.48630550939188,2.012170448652113,76.6,8.35,19.69,0.0,57.796305509391885,23.08,high
4,120,8_7,8,7,13.0427,80.2107,215.8,55.24,False,,57.23,86.22,80.85,84.05409241841694,2.5436938504437534,70.4,8.35,19.69,0.0,64.36409241841694,35.0,severe
5,150,8_7,8,7,13.0427,80.2107,214.28,54.04,False,,67.36,83.37,75.42,79.40801175917902,2.2483871769975594,73.8,8.35,19.69,0.0,59.71801175917902,45.94,severe
6,180,8_7,8,7,13.0427,80.2107,222.48,53.15,False,,27.15,75.42,68.31,67.52046583617104,4.349337300506345,50.0,8.35,19.69,0.0,47.830465836171044,54.39,severe
7,210,8_7,8,7,13.0427,80.2107,229.71,52.11,False,,33.56,57.79,56.58,57.85870105984275,1.769012206605215,79.4,8.35,19.69,0.0,38.168701059842746,60.8,severe
8,240,8_7,8,7,13.0427,80.2107,238.64,49.76,False,,17.02,39.99,41.65,40.76278372574576,1.9886758411243115,76.9,8.35,19.69,0.0,21.07278372574576,63.63,severe
9,270,8_7,8,7,13.0427,80.2107,243.43,44.78,False,,9.92,27.05,24.84,26.5017308677792,1.8057557666418813,79.0,8.35,19.69,0.0,6.8117308677792,63.46,severe
10,300,8_7,8,7,13.0427,80.2107,252.47,41.21,False,,0.0,15.53,16.56,14.952058644467332,1.060775464232744,87.7,8.35,19.69,0.0,0.0,61.86,severe
11,330,8_7,8,7,13.0427,80.2107,255.78,37.06,False,,4.09,8.77,5.04,7.899575663978871,0.7000655405724127,91.9,8.35,19.69,0.0,0.0,60.26,severe
0,0,8_8,8,8,13.0427,80.2307,250.47,45.78,False,,49.78,22.63,33.47,26.222178134264414,3.688736745385739,57.1,5.79,18.68,0.3847494317024749,7.5421781342644145,0.14,low
1,30,8_8,8,8,13.0427,80.2307,234.62,47.8,False,,57.65,39.42,43.24,41.544484246116326,2.421058855885485,71.8,5.79,18.68,0.3847494317024749,22.864484246116326,3.8,low
2,60,8_8,8,8,13.0427,80.2307,226.18,50.49,False,,60.64,56.66,63.88,58.09343941560973,2.6799278970699487,68.8,5.79,18.68,0.3847494317024749,39.41343941560973,11.27,moderate
3,90,8_8,8,8,13.0427,80.2307,223.55,53.13,False,,75.24,71.6,75.1,70.19857407375999,3.155692303490178,63.3,5.79,18.68,0.3847494317024749,51.518574073759986,21.53,high
4,120,8_8,8,8,13.0427,80.2307,214.93,53.26,False,,65.36,81.35,80.85,80.69065315391012,1.591464330498794,81.5,5.79,18.68,0.3847494317024749,62.01065315391012,34.21,severe
5,150,8_8,8,8,13.0427,80.2307,213.09,54.66,False,,54.65,80.21,75.42,80.26867257540816,2.021142609884288,76.5,5.79,18.68,0.3847494317024749,61.58867257540816,46.78,severe
6,180,8_8,8,8,13.0427,80.2307,218.7,55.27,False,,41.86,75.91,68.31,76.1837322809933,2.52182515712811,70.7,5.79,18.68,0.3847494317024749,57.5037322809933,58.42,severe
7,210,8_8,8,8,13.0427,80.2307,224.37,52.33,False,,39.63,63.78,56.58,63.33151934179092,1.5269119399087163,82.2,5.79,18.68,0.3847494317024749,44.65151934179092,67.1,severe
8,240,8_8,8,8,13.0427,80.2307,233.75,50.06,False,,21.08,49.81,41.65,47.533299065325856,3.2009477877000405,62.8,5.79,18.68,0.3847494317024749,28.853299065325857,72.14,severe
9,270,8_8,8,8,13.0427,80.2307,240.89,49.08,False,,6.76,31.89,24.84,32.99064041689796,3.59739998760698,58.1,5.79,18.68,0.3847494317024749,14.31064041689796,73.84,severe
10,300,8_8,8,8,13.0427,80.2307,246.81,43.76,False,,0.68,21.02,16.56,20.39669936744008,2.1181905858839647,75.4,5.79,18.68,0.3847494317024749,1.7166993674400786,72.63,severe
11,330,8_8,8,8,13.0427,80.2307,257.75,38.67,False,,4.96,10.05,5.04,9.305022309598716,1.0249065597475495,88.1,5.79,18.68,0.3847494317024749,0.0,71.03,severe
0,0,8_9,8,9,13.0427,80.2507,246.26,44.42,False,,48.19,23.23,33.47,23.73126157514816,1.7374081233643672,79.8,4.25,17.91,0.13154425794917834,5.82126157514816,0.0,safe
1,30,8_9,8,9,13.0427,80.2507,242.05,47.91,False,,56.59,34.16,43.24,34.792617162251034,3.2844609785657366,61.8,4.25,17.91,0.13154425794917834,16.882617162251034,2.06,low
2,60,8_9,8,9,13.0427,80.2507,238.74,50.65,False,,66.46,47.39,63.88,44.92695391482058,3.912605496297307,54.5,4.25,17.91,0.13154425794917834,27.01695391482058,6.32,moderate
3,90,8_9,8,9,13.0427,80.2507,230.38,51.55,False,,91.13,66.09,75.1,62.64189417319547,5.746908925585993,50.0,4.25,17.91,0.13154425794917834,44.73189417319547,14.42,moderate
4,120,8_9,8,9,13.0427,80.2507,219.21,53.58,False,,58.64,77.44,80.85,79.453404412672,2.867308958309817,66.6,4.25,17.91,0.13154425794917834,61.543404412672004,26.17,high
5,150,8_9,8,9,13.0427,80.2507,211.99,53.05,False,,70.43,81.39,75.42,80.08332412366022,1.718559119447283,80.0,4.25,17.91,0.13154425794917834,62.17332412366022,38.06,severe
6,180,8_9,8,9,13.0427,80.2507,214.44,52.8,False,,51.5,80.55,68.31,78.9225918463429,2.56290616137086,70.2,4.25,17.91,0.13154425794917834,61.0125918463429,49.69,severe
7,210,8_9,8,9,13.0427,80.2507,219.88,53.0,False,,36.17,66.19,56.58,67.64880641620942,2.65498229179951,69.1,4.25,17.91,0.13154425794917834,49.73880641620943,58.88,severe
8,240,8_9,8,9,13.0427,80.2507,234.72,51.35,False,,32.47,52.03,41.65,51.38921310292303,3.136750163844753,63.5,4.25,17.91,0.13154425794917834,33.479213102923026,64.54,severe
9,270,8_9,8,9,13.0427,80.2507,238.46,47.68,False,,16.0,36.23,24.84,35.49483330250346,2.427135568645383,71.8,4.25,17.91,0.13154425794917834,17.58483330250346,66.76,severe
10,300,8_9,8,9,13.0427,80.2507,249.44,44.8,False,,21.03,22.54,16.56,22.44935325209959,1.3253699228641835,84.6,4.25,17.91,0.13154425794917834,4.539353252099591,66.14,severe
11,330,8_9,8,9,13.0427,80.2507,252.6,41.05,False,,13.65,13.88,5.04,12.017470323503682,1.3517856367070562,84.3,4.25,17.91,0.13154425794917834,0.0,64.54,severe
0,0,8_10,8,10,13.0427,80.2707,249.83,43.8,False,,43.35,15.56,9.54,17.81976575458361,2.6675497453937385,69.0,2.89,17.6,0.39098452773147674,0.2197657545836087,0.0,safe
1,30,8_10,8,10,13.0427,80.2707,252.17,45.78,False,,26.68,25.58,13.09,24.4946349711728,1.9060197756270845,77.8,2.89,17.6,0.39098452773147674,6.894634971172799,0.0,safe
2,60,8_10,8,10,13.0427,80.2707,235.26,47.26,False,,58.35,39.82,27.21,37.85247649480043,3.3342697330833206,61.2,2.89,17.6,0.39098452773147674,20.252476494800426,3.07,low
3,90,8_10,8,10,13.0427,80.2707,228.25,50.7,False,,67.79,54.28,39.47,52.47439610328272,5.222989472323182,50.0,2.89,17.6,0.39098452773147674,34.87439610328272,9.51,moderate
4,120,8_10,8,10,13.0427,80.2707,223.32,53.31,False,,71.98,68.88,49.8,67.373863183943,4.39690141868074,50.0,2.89,17.6,0.39098452773147674,49.773863183943,19.38,high
5,150,8_10,8,10,13.0427,80.2707,214.65,54.25,False,,53.24,73.72,58.93,76.13742528536044,2.4986506880136754,70.9,2.89,17.6,0.39098452773147674,58.537425285360435,31.28,severe
6,180,8_10,8,10,13.0427,80.2707,219.86,50.54,False,,46.59,72.7,64.25,70.18456584971211,3.5087269544611988,59.2,2.89,17.6,0.39098452773147674,52.584565849712114,41.8,severe
7,210,8_10,8,10,13.0427,80.2707,220.36,49.77,False,,44.24,65.3,62.71,66.6851737894274,4.496527185649538,50.0,2.89,17.6,0.39098452773147674,49.085173789427394,51.51,severe
8,240,8_10,8,10,13.0427,80.2707,232.74,50.42,False,,26.13,52.23,52.86,52.82136362612443,3.926807241110304,54.3,2.89,17.6,0.39098452773147674,35.22136362612443,58.03,severe
9,270,8_10,8,10,13.0427,80.2707,233.41,50.04,False,,8.58,40.18,36.84,43.261325848074975,4.205646469344243,51.1,2.89,17.6,0.39098452773147674,25.661325848074974,62.35,severe
10,300,8_10,8,10,13.0427,80.2707,243.83,48.22,False,,0.91,27.61,30.38,30.137231045574737,3.818383774273334,55.6,2.89,17.6,0.39098452773147674,12.537231045574735,63.64,severe
11,330,8_10,8,10,13.0427,80.2707,255.13,42.97,False,,10.34,14.93,16.8,15.064233287551572,0.8512611930536201,90.1,2.89,17.6,0.39098452773147674,0.0,62.04,severe
0,0,8_11,8,11,13.0427,80.2907,249.0,40.53,False,,11.82,11.57,9.54,12.413630577354793,1.0635200279082118,87.6,2.45,17.91,0.700028779742893,0.0,0.0,safe
1,30,8_11,8,11,13.0427,80.2907,254.03,44.98,False,,28.35,23.22,13.09,21.823283189865816,1.9005868465482307,77.9,2.45,17.91,0.700028779742893,3.9132831898658154,0.0,safe
2,60,8_11,8,11,13.0427,80.2907,248.96,45.16,False,,41.64,30.37,27.21,26.881729674403275,3.117640731079538,63.7,2.45,17.91,0.700028779742893,8.971729674403274,0.61,low
3,90,8_11,8,11,13.0427,80.2907,232.37,48.35,False,,59.42,45.79,39.47,45.84980806150325,2.8039858708260943,67.4,2.45,17.91,0.700028779742893,27.939808061503253,5.91,moderate
4,120,8_11,8,11,13.0427,80.2907,228.77,50.79,False,,45.14,58.33,49.8,57.22939105223527,1.893316345239353,78.0,2.45,17.91,0.700028779742893,39.319391052235275,14.01,moderate
5,150,8_11,8,11,13.0427,80.2907,219.75,50.51,False,,56.14,68.81,58.93,68.33404474544028,2.7747482526891827,67.7,2.45,17.91,0.700028779742893,50.424044745440284,24.85,high
6,180,8_11,8,11,13.0427,80.2907,217.96,52.33,False,,51.68,72.84,64.25,72.46837292628746,2.710845654364725,68.5,2.45,17.91,0.700028779742893,54.55837292628746,36.71,severe
7,210,8_11,8,11,13.0427,80.2907,224.94,53.26,False,,38.3,65.69,62.71,65.16577864190899,2.4380858264760232,71.6,2.45,17.91,0.700028779742893,47.25577864190899,46.78,severe
8,240,8_11,8,11,13.0427,80.2907,231.74,49.79,False,,31.06,52.65,52.86,52.59653425576792,2.5816948405304267,70.0,2.45,17.91,0.700028779742893,34.686534255767924,53.73,severe
9,270,8_11,8,11,13.0427,80.2907,237.44,47.31,False,,25.43,40.45,36.84,38.781737254701454,2.2436353541386915,73.9,2.45,17.91,0.700028779742893,20.871737254701454,57.28,severe
10,300,8_11,8,11,13.0427,80.2907,241.6,45.56,False,,27.81,28.82,30.38,29.12236526035373,1.6788160908151089,80.5,2.45,17.91,0.700028779742893,11.212365260353732,58.45,severe
11,330,8_11,8,11,13.0427,80.2907,249.9,42.44,False,,8.94,16.99,16.8,16.645603537231462,0.8851996244415257,89.7,2.45,17.91,0.700028779742893,0.0,56.85,severe
0,0,8_12,8,12,13.0427,80.3107,255.1,38.66,True,9.54,21.57,9.42,9.54,9.54680811111714,0.6475082130362655,92.5,4.41,18.68,0.33176581950061745,0.0,0.0,safe
1,30,8_12,8,12,13.0427,80.3107,256.12,43.1,True,13.09,37.09,13.08,13.09,14.255118680451474,1.901518738140572,77.9,4.41,18.68,0.33176581950061745,0.0,0.0,safe
2,60,8_12,8,12,13.0427,80.3107,244.8,43.74,True,27.21,41.99,26.36,27.21,25.33007405488302,2.37446826146804,72.4,4.41,18.68,0.33176581950061745,6.650074054883021,0.0,safe
3,90,8_12,8,12,13.0427,80.3107,240.41,47.93,True,39.47,56.19,40.75,39.47,38.74647109531114,2.01281065474968,76.6,4.41,18.68,0.33176581950061745,20.066471095311144,2.96,low
4,120,8_12,8,12,13.0427,80.3107,235.88,51.84,True,49.8,60.94,49.67,49.8,50.26817163295041,3.167475729589248,63.1,4.41,18.68,0.33176581950061745,31.588171632950413,8.55,moderate
5,150,8_12,8,12,13.0427,80.3107,227.13,50.9,True,58.93,56.39,59.47,58.93,58.72275049528091,2.38225059171537,72.3,4.41,18.68,0.33176581950061745,40.04275049528091,16.05,high
6,180,8_12,8,12,13.0427,80.3107,223.69,50.78,True,64.25,53.7,63.07,64.25,61.84509534642555,2.030412597408123,76.4,4.41,18.68,0.33176581950061745,43.16509534642555,24.27,high
7,210,8_12,8,12,13.0427,80.3107,217.54,50.61,True,62.71,54.18,65.0,62.71,67.46869140464047,3.257559733397866,62.1,4.41,18.68,0.33176581950061745,48.78869140464047,33.77,severe
8,240,8_12,8,12,13.0427,80.3107,224.51,51.74,True,52.86,15.19,52.16,52.86,55.74414688040864,5.723899884674918,50.0,4.41,18.68,0.33176581950061745,37.06414688040864,40.59,severe
9,270,8_12,8,12,13.0427,80.3107,243.04,49.03,True,36.84,21.89,37.14,36.84,37.31426858585873,2.570116315714279,70.1,4.41,18.68,0.33176581950061745,18.634268585858727,43.23,severe
10,300,8_12,8,12,13.0427,80.3107,238.37,48.3,True,30.38,19.59,31.77,30.38,34.4615372974898,4.404208077942181,50.0,4.41,18.68,0.33176581950061745,15.781537297489798,45.22,severe
11,330,8_12,8,12,13.0427,80.3107,249.55,43.09,True,16.8,17.62,16.82,16.8,17.28691104422777,1.264184029422712,85.3,4.41,18.68,0.33176581950061745,0.0,43.62,severe
0,0,8_13,8,13,13.0427,80.3307,258.31,35.91,True,4.48,19.68,5.7,4.48,5.988206725740431,0.4185885204684484,95.1,7.01,19.69,0.0,0.0,0.0,safe
1,30,8_13,8,13,13.0427,80.3307,252.62,40.07,True,10.44,15.05,11.28,10.44,11.200808894073068,0.947254276322248,89.0,7.01,19.69,0.0,0.0,0.0,safe
2,60,8_13,8,13,13.0427,80.3307,250.97,45.72,True,21.32,44.28,21.78,21.32,23.18358746161912,1.9196482086951616,77.7,7.01,19.69,0.0,3.493587461619118,0.0,safe
3,90,8_13,8,13,13.0427,80.3307,244.4,48.77,True,32.83,44.6,32.87,32.83,34.19093983262729,2.142257709495703,75.1,7.01,19.69,0.0,14.500939832627292,1.45,low
4,120,8_13,8,13,13.0427,80.3307,233.45,49.2,True,44.26,52.47,42.71,44.26,44.80801007868484,3.092515686998898,64.0,7.01,19.69,0.0,25.118010078684836,5.12,moderate
5,150,8_13,8,13,13.0427,80.3307,231.1,50.42,True,50.58,58.82,49.47,50.58,50.95562381046135,2.291245332106535,73.3,7.01,19.69,0.0,31.265623810461346,10.09,moderate
6,180,8_13,8,13,13.0427,80.3307,233.82,50.47,True,52.7,42.72,53.28,52.7,50.96300863229512,3.1810063138310105,63.0,7.01,19.69,0.0,31.27300863229512,15.05,high
7,210,8_13,8,13,13.0427,80.3307,228.18,50.07,True,54.19,36.6,55.92,54.19,55.31371058122844,2.1521124213790213,75.0,7.01,19.69,0.0,35.62371058122844,20.93,high
8,240,8_13,8,13,13.0427,80.3307,236.89,49.26,True,46.98,35.82,47.19,46.98,46.61168717708301,1.9746652154596545,77.0,7.01,19.69,0.0,26.92168717708301,24.99,high
9,270,8_13,8,13,13.0427,80.3307,240.13,47.47,True,39.42,16.74,39.55,39.42,37.44310397682018,2.583494829019453,69.9,7.01,19.69,0.0,17.75310397682018,27.12,high
10,300,8_13,8,13,13.0427,80.3307,247.76,43.11,True,26.55,15.37,27.08,26.55,20.353612123089466,1.90298188508306,77.9,7.01,19.69,0.0,0.6636121230894645,25.66,high
11,330,8_13,8,13,13.0427,80.3307,247.13,44.6,True,19.43,0.0,18.76,19.43,20.29666302557195,1.5066834087312084,82.5,7.01,19.69,0.0,0.6066630255719474,24.18,high
0,0,8_14,8,14,13.0427,80.3507,257.95,33.26,False,,19.19,4.63,4.48,4.505542794151606,0.4474378375711084,94.8,8.5,20.81,0.4068891379166555,0.0,0.0,safe
1,30,8_14,8,14,13.0427,80.3507,245.53,38.55,False,,13.54,8.65,10.44,9.59344815216184,1.2359260987348424,85.6,8.5,20.81,0.4068891379166555,0.0,0.0,safe
2,60,8_14,8,14,13.0427,80.3507,256.69,41.18,False,,50.67,12.68,21.32,12.878075538740168,1.3326209236258435,84.5,8.5,20.81,0.4068891379166555,0.0,0.0,safe
3,90,8_14,8,14,13.0427,80.3507,242.73,45.32,False,,39.04,23.77,32.83,24.84576564263831,2.0997424893216494,75.6,8.5,20.81,0.4068891379166555,4.03576564263831,0.0,safe
4,120,8_14,8,14,13.0427,80.3507,243.06,46.74,False,,36.67,33.13,44.26,32.52148479771577,2.1966047150507806,74.4,8.5,20.81,0.4068891379166555,11.711484797715773,1.11,low
5,150,8_14,8,14,13.0427,80.3507,235.31,47.96,False,,41.32,43.52,50.58,42.90400533335641,2.137701905859907,75.1,8.5,20.81,0.4068891379166555,22.09400533335641,4.62,low
6,180,8_14,8,14,13.0427,80.3507,233.41,49.74,False,,33.72,47.89,52.7,47.97569394255939,4.352475039744447,50.0,8.5,20.81,0.4068891379166555,27.16569394255939,9.31,moderate
7,210,8_14,8,14,13.0427,80.3507,227.38,50.93,False,,42.21,50.59,54.19,53.847597277689154,3.713346827025842,56.8,8.5,20.81,0.4068891379166555,33.03759727768916,15.35,high
8,240,8_14,8,14,13.0427,80.3507,236.23,49.09,False,,20.39,44.42,46.98,45.17697403924191,2.4548877915907803,71.4,8.5,20.81,0.4068891379166555,24.366974039241914,19.39,high
9,270,8_14,8,14,13.0427,80.3507,239.75,48.63,False,,18.66,40.22,39.42,39.22636772712568,2.183606742966295,74.6,8.5,20.81,0.4068891379166555,18.416367727125678,22.05,high
10,300,8_14,8,14,13.0427,80.3507,243.92,47.33,False,,24.8,28.51,26.55,29.07066809341849,1.9092726617729567,77.8,8.5,20.81,0.4068891379166555,8.260668093418492,22.36,high
11,330,8_14,8,14,13.0427,80.3507,246.74,44.66,False,,0.0,19.75,19.43,20.81648177599107,1.4955180939271946,82.6,8.5,20.81,0.4068891379166555,0.006481775991069583,20.76,high
0,0,8_15,8,15,13.0427,80.3707,259.43,33.27,False,,0.0,3.8,4.48,4.315621118146506,0.4233914908244528,95.1,10.98,22.0,0.0,0.0,0.0,safe
1,30,8_15,8,15,13.0427,80.3707,257.13,38.79,False,,18.27,6.76,10.44,8.359285530522222,1.6767262276124992,80.5,10.98,22.0,0.0,0.0,0.0,safe
2,60,8_15,8,15,13.0427,80.3707,262.31,41.49,False,,11.71,11.3,21.32,12.392018653444106,1.5723084585138003,81.7,10.98,22.0,0.0,0.0,0.0,safe
3,90,8_15,8,15,13.0427,80.3707,247.8,40.69,False,,31.85,15.83,32.83,16.126951138599935,1.763336327711,79.5,10.98,22.0,0.0,0.0,0.0,safe
4,120,8_15,8,15,13.0427,80.3707,244.32,44.67,False,,41.79,23.93,44.26,24.767955677100662,1.6214696360214351,81.1,10.98,22.0,0.0,2.7679556771006624,0.0,safe
5,150,8_15,8,15,13.0427,80.3707,240.24,45.51,False,,27.19,32.54,50.58,32.580150684563,1.901784169790828,77.9,10.98,22.0,0.0,10.580150684563002,0.62,low
6,180,8_15,8,15,13.0427,80.3707,239.52,48.82,False,,28.65,37.73,52.7,39.46889613057023,3.109460583751811,63.8,10.98,22.0,0.0,17.46889613057023,2.69,low
7,210,8_15,8,15,13.0427,80.3707,232.16,49.49,False,,28.75,41.29,54.19,45.56283562574173,5.600585457909048,50.0,10.98,22.0,0.0,23.562835625741727,6.04,moderate
8,240,8_15,8,15,13.0427,80.3707,239.57,48.78,False,,13.63,41.68,46.98,39.66496937127732,3.3978336265613183,60.5,10.98,22.0,0.0,17.664969371277323,8.15,moderate
9,270,8_15,8,15,13.0427,80.3707,240.35,49.08,False,,13.9,36.28,39.42,38.08718477682028,2.8177666255155502,67.2,10.98,22.0,0.0,16.08718477682028,9.93,moderate
10,300,8_15,8,15,13.0427,80.3707,242.62,46.93,False,,8.6,28.68,26.55,29.014909785616343,1.1665911698577949,86.4,10.98,22.0,0.0,7.014909785616343,9.8,moderate
11,330,8_15,8,15,13.0427,80.3707,248.19,45.06,False,,32.73,21.04,19.43,22.95081059902536,2.662300937679404,69.0,10.98,22.0,0.0,0.9508105990253597,8.4,moderate
0,0,8_16,8,16,13.0427,80.3907,254.88,32.01,False,,7.97,3.25,3.81,3.575493219325851,0.3015746247033365,96.5,12.24,23.22,0.0,0.0,0.0,safe
1,30,8_16,8,16,13.0427,80.3907,257.96,32.67,False,,5.38,3.4,1.41,3.755627094749723,0.4640937723516392,94.6,12.24,23.22,0.0,0.0,0.0,safe
2,60,8_16,8,16,13.0427,80.3907,258.63,36.04,False,,23.05,6.01,4.07,6.062148327301039,0.4112766345093366,95.2,12.24,23.22,0.0,0.0,0.0,safe
3,90,8_16,8,16,13.0427,80.3907,249.7,40.29,False,,29.24,13.5,5.46,12.884467001980472,1.11152862279393,87.1,12.24,23.22,0.0,0.0,0.0,safe
4,120,8_16,8,16,13.0427,80.3907,251.24,42.14,False,,28.21,17.16,5.95,15.72525475758786,1.7645603202038649,79.5,12.24,23.22,0.0,0.0,0.0,safe
5,150,8_16,8,16,13.0427,80.3907,247.48,45.23,False,,32.99,25.39,11.85,25.198359493727292,1.4286768525185485,83.4,12.24,23.22,0.0,1.978359493727293,0.0,safe
6,180,8_16,8,16,13.0427,80.3907,248.25,46.1,False,,30.06,29.01,15.4,26.720260707168435,2.3819825830164416,72.3,12.24,23.22,0.0,3.5002607071684366,0.0,safe
7,210,8_16,8,16,13.0427,80.3907,244.79,46.47,False,,19.2,30.72,20.85,29.19562157420617,1.9138667077661924,77.7,12.24,23.22,0.0,5.975621574206173,0.0,safe
8,240,8_16,8,16,13.0427,80.3907,234.79,47.4,False,,24.75,34.79,21.86,35.34292727723664,2.238965047863681,74.0,12.24,23.22,0.0,12.122927277236641,0.95,low
9,270,8_16,8,16,13.0427,80.3907,243.94,48.32,False,,19.97,31.74,22.14,32.024017707174934,3.018265883065196,64.9,12.24,23.22,0.0,8.804017707174935,1.19,low
10,300,8_16,8,16,13.0427,80.3907,246.01,44.84,False,,21.16,29.83,13.53,22.65767063738206,1.8728985092818056,78.2,12.24,23.22,0.0,0.0,0.0,safe
11,330,8_16,8,16,13.0427,80.3907,253.77,41.82,False,,17.03,16.59,10.81,15.670596249950243,1.3086656391773572,84.8,12.24,23.22,0.0,0.0,0.0,safe
0,0,8_17,8,17,13.0427,80.4107,260.5,20.17,False,,15.43,0.74,3.81,0.6533471271650602,0.1128387858788378,98.7,12.91,24.46,0.0,0.0,0.0,safe
1,30,8_17,8,17,13.0427,80.4107,256.19,19.83,False,,15.59,0.58,1.41,0.6204440602453108,0.0650117496717548,99.0,12.91,24.46,0.0,0.0,0.0,safe
2,60,8_17,8,17,13.0427,80.4107,258.27,27.09,False,,7.85,2.34,4.07,1.936199396122263,0.4340362841958777,95.0,12.91,24.46,0.0,0.0,0.0,safe
3,90,8_17,8,17,13.0427,80.4107,257.91,38.55,False,,20.38,10.89,5.46,9.81789650057314,1.3099578441801951,84.8,12.91,24.46,0.0,0.0,0.0,safe
4,120,8_17,8,17,13.0427,80.4107,254.27,39.12,False,,26.93,11.82,5.95,10.64757450073987,1.4172043190164034,83.5,12.91,24.46,0.0,0.0,0.0,safe
5,150,8_17,8,17,13.0427,80.4107,246.73,42.87,False,,33.51,20.69,11.85,19.96627596273292,1.4308319928499862,83.4,12.91,24.46,0.0,0.0,0.0,safe
6,180,8_17,8,17,13.0427,80.4107,247.05,44.03,False,,20.48,22.88,15.4,21.41281782579574,1.567791465866767,81.8,12.91,24.46,0.0,0.0,0.0,safe
7,210,8_17,8,17,13.0427,80.4107,242.77,45.85,False,,39.01,27.83,20.85,26.81569180684924,2.494658117369547,71.0,12.91,24.46,0.0,2.35569180684924,0.0,safe
8,240,8_17,8,17,13.0427,80.4107,244.87,45.32,False,,31.84,31.2,21.86,28.546487733573198,2.6842122460489355,68.8,12.91,24.46,0.0,4.086487733573197,0.0,safe
9,270,8_17,8,17,13.0427,80.4107,239.57,45.74,False,,23.09,27.92,22.14,29.32128955950666,2.748335258843322,68.0,12.91,24.46,0.0,4.861289559506659,0.0,safe
10,300,8_17,8,17,13.0427,80.4107,247.49,44.62,False,,12.47,22.82,13.53,21.81415606803449,1.1960507160499547,86.1,12.91,24.46,0.0,0.0,0.0,safe
11,330,8_17,8,17,13.0427,80.4107,245.16,40.71,False,,13.22,15.5,10.81,14.37710171998416,1.8040017979676943,79.0,12.91,24.46,0.0,0.0,0.0,safe
0,0,8_18,8,18,13.0427,80.4307,262.0,17.49,False,,14.61,0.47,3.81,0.4690221188059016,0.0548254601112177,99.0,13.01,25.72,0.8906786493009271,0.0,0.0,safe
1,30,8_18,8,18,13.0427,80.4307,256.03,16.99,False,,8.02,0.49,1.41,0.4790735869649353,0.0502245140341621,99.0,13.01,25.72,0.8906786493009271,0.0,0.0,safe
2,60,8_18,8,18,13.0427,80.4307,261.55,35.45,False,,8.14,5.12,4.07,5.400558760865952,0.5261963736345432,93.9,13.01,25.72,0.8906786493009271,0.0,0.0,safe
3,90,8_18,8,18,13.0427,80.4307,254.1,37.6,False,,16.2,7.13,5.46,7.784204677025911,1.0162407964940254,88.2,13.01,25.72,0.8906786493009271,0.0,0.0,safe
4,120,8_18,8,18,13.0427,80.4307,258.84,37.61,False,,33.38,9.43,5.95,8.686798590680816,1.1238972808293572,86.9,13.01,25.72,0.8906786493009271,0.0,0.0,safe
5,150,8_18,8,18,13.0427,80.4307,255.23,37.74,False,,16.23,10.96,11.85,9.832045290415111,1.140190026764695,86.7,13.01,25.72,0.8906786493009271,0.0,0.0,safe
6,180,8_18,8,18,13.0427,80.4307,246.11,44.51,False,,18.64,18.51,15.4,21.043722377127068,2.328002476594855,72.9,13.01,25.72,0.8906786493009271,0.0,0.0,safe
7,210,8_18,8,18,13.0427,80.4307,246.63,43.63,False,,12.02,23.96,20.85,22.43237397698087,1.8616924846292533,78.3,13.01,25.72,0.8906786493009271,0.0,0.0,safe
8,240,8_18,8,18,13.0427,80.4307,246.92,45.26,False,,8.61,22.03,21.86,23.201139478297435,1.9879088443192772,76.9,13.01,25.72,0.8906786493009271,0.0,0.0,safe
9,270,8_18,8,18,13.0427,80.4307,251.13,44.49,False,,7.69,23.75,22.14,22.04618193900769,1.814189653642204,78.9,13.01,25.72,0.8906786493009271,0.0,0.0,safe
10,300,8_18,8,18,13.0427,80.4307,248.23,45.87,False,,15.94,19.39,13.53,21.07654539249678,2.562861986092048,70.2,13.01,25.72,0.8906786493009271,0.0,0.0,safe
11,330,8_18,8,18,13.0427,80.4307,253.08,42.42,False,,16.52,16.05,10.81,16.314465830993043,1.2183549932434203,85.8,13.01,25.72,0.8906786493009271,0.0,0.0,safe
0,0,8_19,8,19,13.0427,80.4507,262.3,25.88,False,,14.37,1.86,3.81,1.6153187363967303,0.2114380862938586,97.5,14.66,26.99,0.0,0.0,0.0,safe
1,30,8_19,8,19,13.0427,80.4507,260.73,23.65,False,,19.77,1.04,1.41,1.1503203447871533,0.1745857394077326,98.0,14.66,26.99,0.0,0.0,0.0,safe
2,60,8_19,8,19,13.0427,80.4507,257.12,21.9,False,,10.72,0.95,4.07,0.9329233708407604,0.0711034865824172,99.0,14.66,26.99,0.0,0.0,0.0,safe
3,90,8_19,8,19,13.0427,80.4507,262.82,26.35,False,,15.62,2.17,5.46,2.0040801785714297,0.3517846475176748,95.9,14.66,26.99,0.0,0.0,0.0,safe
4,120,8_19,8,19,13.0427,80.4507,255.02,37.78,False,,12.09,7.34,5.95,7.723537303438908,0.8714535672018635,89.9,14.66,26.99,0.0,0.0,0.0,safe
5,150,8_19,8,19,13.0427,80.4507,251.78,38.13,False,,23.9,9.59,11.85,9.560149198421334,0.521062520726983,93.9,14.66,26.99,0.0,0.0,0.0,safe
6,180,8_19,8,19,13.0427,80.4507,254.42,39.16,False,,34.53,9.59,15.4,10.107744812365276,1.0306502873236487,88.0,14.66,26.99,0.0,0.0,0.0,safe
7,210,8_19,8,19,13.0427,80.4507,249.14,41.99,False,,11.61,13.24,20.85,14.645639774572208,1.8599298636435213,78.4,14.66,26.99,0.0,0.0,0.0,safe
8,240,8_19,8,19,13.0427,80.4507,256.9,41.86,False,,0.0,17.63,21.86,14.069560364807522,1.4770981596986774,82.8,14.66,26.99,0.0,0.0,0.0,safe
9,270,8_19,8,19,13.0427,80.4507,246.94,45.24,False,,21.45,19.18,22.14,23.362008014408254,2.3402184181136247,72.8,14.66,26.99,0.0,0.0,0.0,safe
10,300,8_19,8,19,13.0427,80.4507,245.2,41.89,False,,8.74,18.38,13.53,17.473982626910427,1.7284838962471196,79.9,14.66,26.99,0.0,0.0,0.0,safe
11,330,8_19,8,19,13.0427,80.4507,250.51,41.63,False,,3.75,14.88,10.81,14.742284957824472,1.203143593105647,86.0,14.66,26.99,0.0,0.0,0.0,safe
0,0,9_0,9,0,13.0627,80.0707,232.39,49.43,False,,61.97,38.44,38.01,47.93653920759962,4.0680352868669445,52.7,13.11,28.06,0.0,19.876539207599624,2.57,low
1,30,9_0,9,0,13.0627,80.0707,239.09,51.45,False,,42.96,43.04,47.15,43.97951513822361,2.928167649313744,65.9,13.11,28.06,0.0,15.919515138223613,4.32,low
2,60,9_0,9,0,13.0627,80.0707,234.72,49.82,False,,30.3,44.25,53.63,47.09169075770059,3.2388590158741595,62.3,13.11,28.06,0.0,19.03169075770059,6.71,moderate
3,90,9_0,9,0,13.0627,80.0707,231.5,52.25,False,,36.31,46.14,57.65,51.00960407610688,5.803759114460363,50.0,13.11,28.06,0.0,22.949604076106883,9.93,moderate
4,120,9_0,9,0,13.0627,80.0707,235.79,50.19,False,,28.76,43.58,48.04,45.9564647883564,2.4397871488252654,71.6,13.11,28.06,0.0,17.8964647883564,12.09,moderate
5,150,9_0,9,0,13.0627,80.0707,234.07,48.54,False,,14.61,36.29,40.57,38.89056533559214,3.8992703298098985,54.6,13.11,28.06,0.0,10.830565335592144,12.77,moderate
6,180,9_0,9,0,13.0627,80.0707,251.02,43.78,False,,24.65,22.73,28.6,21.87600392703116,1.39433277606869,83.8,13.11,28.06,0.0,0.0,11.17,moderate
7,210,9_0,9,0,13.0627,80.0707,252.4,40.49,False,,13.77,12.85,23.72,14.015972034350348,2.103018761173752,75.5,13.11,28.06,0.0,0.0,9.57,moderate
8,240,9_0,9,0,13.0627,80.0707,251.16,40.12,False,,1.03,11.78,9.07,12.25310456122098,1.6481163571108803,80.8,13.11,28.06,0.0,0.0,7.97,moderate
9,270,9_0,9,0,13.0627,80.0707,255.62,36.7,False,,11.05,5.85,4.87,6.560124221673569,0.658791286945712,92.3,13.11,28.06,0.0,0.0,6.37,moderate
10,300,9_0,9,0,13.0627,80.0707,260.08,-8.34,False,,6.44,0.0,3.69,0.0,0.0,99.0,13.11,28.06,0.0,0.0,4.77,low
11,330,9_0,9,0,13.0627,80.0707,258.27,29.27,False,,0.0,2.27,0.88,2.333842122191619,0.1769990962765335,97.9,13.11,28.06,0.0,0.0,3.17,low
0,0,9_1,9,1,13.0627,80.0907,236.23,48.36,True,38.01,53.43,36.74,38.01,37.89081372239095,2.244774165862165,73.9,12.58,26.77,0.0,11.120813722390952,0.74,low
1,30,9_1,9,1,13.0627,80.0907,235.62,50.96,True,47.15,33.66,46.43,47.15,47.88660877926476,2.529934326097615,70.6,12.58,26.77,0.0,21.116608779264762,3.57,low
2,60,9_1,9,1,13.0627,80.0907,233.47,50.86,True,53.63,47.63,53.32,53.63,51.58344059130917,2.9625680555637657,65.5,12.58,26.77,0.0,24.81344059130917,7.18,moderate
3,90,9_1,9,1,13.0627,80.0907,228.88,50.86,True,57.65,41.1,55.86,57.65,56.07244260244514,2.053832455931711,76.1,12.58,26.77,0.0,29.302442602445144,11.73,moderate
4,120,9_1,9,1,13.0627,80.0907,233.32,49.2,True,48.04,15.41,49.43,48.04,47.98971534233746,3.0989949409226725,63.9,12.58,26.77,0.0,21.219715342337462,14.59,moderate
5,150,9_1,9,1,13.0627,80.0907,235.38,47.34,True,40.57,35.76,40.64,40.57,37.96718174323256,3.315717227587159,61.4,12.58,26.77,0.0,11.197181743232559,15.34,high
6,180,9_1,9,1,13.0627,80.0907,240.52,47.24,True,28.6,10.33,29.56,28.6,30.44794565366905,2.448705228157109,71.5,12.58,26.77,0.0,3.677945653669049,14.51,moderate
7,210,9_1,9,1,13.0627,80.0907,248.03,44.61,True,23.72,0.0,23.22,23.72,22.72323240279695,1.2842938287019912,85.1,12.58,26.77,0.0,0.0,12.91,moderate
8,240,9_1,9,1,13.0627,80.0907,253.96,39.38,True,9.07,1.4,10.05,9.07,10.288107858926724,0.8444220684944499,90.2,12.58,26.77,0.0,0.0,11.31,moderate
9,270,9_1,9,1,13.0627,80.0907,257.14,36.82,True,4.87,0.0,6.22,4.87,6.55210360640356,0.5453841795011578,93.7,12.58,26.77,0.0,0.0,9.71,moderate
10,300,9_1,9,1,13.0627,80.0907,260.74,33.64,True,3.69,0.0,3.51,3.69,4.011201738036346,0.5520276806782651,93.6,12.58,26.77,0.0,0.0,8.11,moderate
11,330,9_1,9,1,13.0627,80.0907,259.15,-10.13,True,0.88,0.0,0.0,0.88,0.0,0.0,99.0,12.58,26.77,0.0,0.0,6.51,moderate
0,0,9_2,9,2,13.0627,80.1107,231.72,49.24,False,,32.6,42.53,38.01,45.35920473017055,3.926726255604697,54.3,11.67,25.48,0.11291235647639475,19.879204730170553,2.69,low
1,30,9_2,9,2,13.0627,80.1107,232.8,50.09,False,,42.53,50.18,47.15,51.44867701204608,3.9156478016198775,54.4,11.67,25.48,0.11291235647639475,25.968677012046083,6.7,moderate
2,60,9_2,9,2,13.0627,80.1107,231.08,51.47,False,,50.9,58.74,53.63,55.591292616248566,3.922850778234006,54.4,11.67,25.48,0.11291235647639475,30.111292616248566,11.6,moderate
3,90,9_2,9,2,13.0627,80.1107,227.13,50.43,False,,63.28,63.18,57.65,60.88173339352825,2.8618753654136904,66.7,11.67,25.48,0.11291235647639475,35.40173339352825,17.65,high
4,120,9_2,9,2,13.0627,80.1107,228.89,52.2,False,,33.67,59.31,48.04,58.511374162819536,1.9609537400259147,77.2,11.67,25.48,0.11291235647639475,33.03137416281953,23.18,high
5,150,9_2,9,2,13.0627,80.1107,233.18,50.09,False,,27.0,49.91,40.57,47.73355282876485,3.05570464065577,64.4,11.67,25.48,0.11291235647639475,22.25355282876485,26.38,high
6,180,9_2,9,2,13.0627,80.1107,236.39,48.37,False,,16.88,38.74,28.6,37.7015317855486,2.192156568257781,74.5,11.67,25.48,0.11291235647639475,12.221531785548603,27.42,high
7,210,9_2,9,2,13.0627,80.1107,241.2,48.61,False,,2.48,28.95,23.72,30.853450784901447,2.868288011177204,66.6,11.67,25.48,0.11291235647639475,5.373450784901447,26.98,high
8,240,9_2,9,2,13.0627,80.1107,254.01,43.58,False,,3.79,17.09,9.07,17.5379276525329,1.2170253428693794,85.8,11.67,25.48,0.11291235647639475,0.0,25.38,high
9,270,9_2,9,2,13.0627,80.1107,257.28,37.69,False,,10.14,8.84,4.87,8.308252087443798,0.7376471200581306,91.4,11.67,25.48,0.11291235647639475,0.0,23.78,high
10,300,9_2,9,2,13.0627,80.1107,259.91,36.43,False,,9.26,5.76,3.69,6.309213457678482,0.5221357226082268,93.9,11.67,25.48,0.11291235647639475,0.0,22.18,high
11,330,9_2,9,2,13.0627,80.1107,253.73,29.77,False,,13.6,3.15,0.88,2.854620199815707,0.4750933476909064,94.5,11.67,25.48,0.11291235647639475,0.0,20.58,high
0,0,9_3,9,3,13.0627,80.1307,240.96,48.17,False,,71.12,36.4,38.01,38.14311305618932,2.795911604674852,67.5,11.18,24.19,0.0,13.95311305618932,1.33,low
1,30,9_3,9,3,13.0627,80.1307,234.75,48.92,False,,64.24,51.92,47.15,49.507174404446495,2.9426888182386453,65.8,11.18,24.19,0.0,25.317174404446494,5.05,moderate
2,60,9_3,9,3,13.0627,80.1307,225.37,52.13,False,,51.86,62.0,53.63,63.1409765213239,1.462675119851901,83.0,11.18,24.19,0.0,38.950976521323895,11.63,moderate
3,90,9_3,9,3,13.0627,80.1307,227.69,54.17,False,,60.06,67.1,57.65,64.98398691409912,4.438038795922478,50.0,11.18,24.19,0.0,40.79398691409912,18.59,high
4,120,9_3,9,3,13.0627,80.1307,222.94,53.28,False,,44.1,67.85,48.04,66.83890914393209,3.929356896450955,54.3,11.18,24.19,0.0,42.64890914393209,25.95,high
5,150,9_3,9,3,13.0627,80.1307,228.78,48.99,False,,54.14,59.61,40.57,56.19430495627744,4.8108145831888525,50.0,11.18,24.19,0.0,32.00430495627744,31.07,severe
6,180,9_3,9,3,13.0627,80.1307,232.16,48.42,False,,17.19,48.68,28.6,46.080416119228055,3.9128993487758295,54.5,11.18,24.19,0.0,21.890416119228053,34.07,severe
7,210,9_3,9,3,13.0627,80.1307,241.91,49.92,False,,20.99,36.05,23.72,36.35349192157384,3.433154364573979,60.1,11.18,24.19,0.0,12.16349192157384,35.02,severe
8,240,9_3,9,3,13.0627,80.1307,245.4,46.57,False,,14.47,24.03,9.07,25.55502345826242,2.1010823748252303,75.6,11.18,24.19,0.0,1.3650234582624172,33.71,severe
9,270,9_3,9,3,13.0627,80.1307,250.75,44.73,False,,0.04,16.07,4.87,18.387759158158413,3.05161344280532,64.5,11.18,24.19,0.0,0.0,32.11,severe
10,300,9_3,9,3,13.0627,80.1307,254.26,37.47,False,,11.39,8.61,3.69,7.846448331684562,0.9613303042831532,88.8,11.18,24.19,0.0,0.0,30.51,severe
11,330,9_3,9,3,13.0627,80.1307,259.7,25.98,False,,0.0,1.65,0.88,1.869874215097069,0.2447170265475099,97.2,11.18,24.19,0.0,0.0,28.91,high
0,0,9_4,9,4,13.0627,80.1507,241.14,48.09,False,,47.54,34.99,25.48,34.954633556351844,3.685373619811709,57.1,9.89,22.91,0.0,12.044633556351844,0.93,low
1,30,9_4,9,4,13.0627,80.1507,232.05,50.68,False,,61.96,49.59,28.69,49.16410469732889,4.164624030785794,51.5,9.89,22.91,0.0,26.254104697328888,4.84,low
2,60,9_4,9,4,13.0627,80.1507,225.37,52.68,False,,68.8,62.17,43.81,63.24399977590544,2.038651919685138,76.3,9.89,22.91,0.0,40.33399977590544,11.71,moderate
3,90,9_4,9,4,13.0627,80.1507,220.98,52.92,False,,50.85,71.85,54.97,72.19247313672366,2.1542756106963696,74.9,9.89,22.91,0.0,49.28247313672367,20.46,high
4,120,9_4,9,4,13.0627,80.1507,222.26,53.28,False,,48.29,76.56,57.58,73.27563319711962,5.182956315685721,50.0,9.89,22.91,0.0,50.36563319711962,29.44,high
5,150,9_4,9,4,13.0627,80.1507,215.64,51.93,False,,35.6,66.7,54.75,68.07587228271733,2.7328702286773114,68.2,9.89,22.91,0.0,45.16587228271733,37.32,severe
6,180,9_4,9,4,13.0627,80.1507,228.8,49.96,False,,32.43,57.67,51.39,55.59063832174754,3.201934955608992,62.7,9.89,22.91,0.0,32.68063832174754,42.59,severe
7,210,9_4,9,4,13.0627,80.1507,234.32,49.71,False,,21.25,43.47,41.36,44.446418993074346,1.63793062896373,80.9,9.89,22.91,0.0,21.536418993074346,45.51,severe
8,240,9_4,9,4,13.0627,80.1507,243.37,45.18,False,,9.91,30.0,25.69,28.03225601290561,2.1363757410676616,75.1,9.89,22.91,0.0,5.122256012905609,44.99,severe
9,270,9_4,9,4,13.0627,80.1507,249.16,43.7,False,,29.35,16.82,16.73,18.81602032578146,1.8968402487507463,77.9,9.89,22.91,0.0,0.0,43.39,severe
10,300,9_4,9,4,13.0627,80.1507,253.16,37.95,False,,4.02,11.37,9.97,10.381477472055694,0.9260376882093568,89.2,9.89,22.91,0.0,0.0,41.79,severe
11,330,9_4,9,4,13.0627,80.1507,253.98,38.7,False,,18.03,7.76,7.07,8.357862163741647,0.8939802354666903,89.6,9.89,22.91,0.0,0.0,40.19,severe
0,0,9_5,9,5,13.0627,80.1707,242.19,47.45,False,,44.71,31.87,21.29,31.833193163081805,2.4941466530793743,71.0,8.28,21.63,0.8569594015053195,10.203193163081806,1.0,low
1,30,9_5,9,5,13.0627,80.1707,234.0,49.55,False,,39.25,46.11,29.79,45.53060608473443,2.3925568986688743,72.2,8.28,21.63,0.8569594015053195,23.90060608473443,5.5,moderate
2,60,9_5,9,5,13.0627,80.1707,229.49,52.14,False,,74.75,62.01,43.56,59.96221526977979,3.900785411468688,54.6,8.28,21.63,0.8569594015053195,38.332215269779795,13.67,moderate
3,90,9_5,9,5,13.0627,80.1707,215.79,52.65,False,,68.65,76.45,55.95,75.00088773174562,2.9279600061080586,65.9,8.28,21.63,0.8569594015053195,53.370887731745626,25.68,high
4,120,9_5,9,5,13.0627,80.1707,217.44,52.85,False,,51.06,80.6,68.3,77.54430249216259,3.281474196990699,61.8,8.28,21.63,0.8569594015053195,55.91430249216259,38.34,severe
5,150,9_5,9,5,13.0627,80.1707,217.53,53.63,False,,36.93,75.89,68.83,75.65445006251092,2.8167360290802392,67.2,8.28,21.63,0.8569594015053195,54.02445006251092,50.51,severe
6,180,9_5,9,5,13.0627,80.1707,218.88,52.05,False,,44.11,66.61,71.75,69.61337851950431,4.025163145643216,53.2,8.28,21.63,0.8569594015053195,47.98337851950431,61.15,severe
7,210,9_5,9,5,13.0627,80.1707,236.23,49.34,False,,33.69,50.0,58.68,48.220753706915794,2.488797030494524,71.0,8.28,21.63,0.8569594015053195,26.590753706915795,66.33,severe
8,240,9_5,9,5,13.0627,80.1707,239.58,47.44,False,,8.21,36.98,44.42,36.73741228521988,2.0371553507322586,76.3,8.28,21.63,0.8569594015053195,15.107412285219883,68.58,severe
9,270,9_5,9,5,13.0627,80.1707,245.91,44.68,False,,6.0,23.16,33.46,24.255207888841287,1.995858357908472,76.8,8.28,21.63,0.8569594015053195,2.625207888841288,67.65,severe
10,300,9_5,9,5,13.0627,80.1707,250.53,42.79,False,,14.69,15.66,16.3,16.438924345321144,1.0632560161333775,87.6,8.28,21.63,0.8569594015053195,0.0,66.05,severe
11,330,9_5,9,5,13.0627,80.1707,254.57,38.29,False,,0.0,6.53,13.28,9.126527074845928,1.0969501439388871,87.2,8.28,21.63,0.8569594015053195,0.0,64.45,severe
0,0,9_6,9,6,13.0627,80.1907,242.52,47.88,False,,46.86,32.1,21.29,32.80395618955952,2.632509113468516,69.4,7.7,20.36,0.047682235044083754,12.443956189559522,1.04,low
1,30,9_6,9,6,13.0627,80.1907,231.17,50.4,False,,68.97,45.07,29.79,48.933130104354696,2.4112033978267555,71.9,7.7,20.36,0.047682235044083754,28.573130104354696,5.52,moderate
2,60,9_6,9,6,13.0627,80.1907,225.29,51.79,False,,92.41,59.93,43.56,61.83302801759223,2.469931859286642,71.3,7.7,20.36,0.047682235044083754,41.47302801759223,12.73,moderate
3,90,9_6,9,6,13.0627,80.1907,221.12,54.29,False,,72.19,71.96,55.95,72.28484936689891,2.839788185094295,67.0,7.7,20.36,0.047682235044083754,51.92484936689891,22.16,high
4,120,9_6,9,6,13.0627,80.1907,216.92,54.38,False,,63.41,83.9,68.3,76.99350567688383,2.4786609959216386,71.2,7.7,20.36,0.047682235044083754,56.63350567688383,32.6,severe
5,150,9_6,9,6,13.0627,80.1907,213.78,53.9,False,,47.85,82.01,68.83,80.3429614979482,2.338422506273902,72.8,7.7,20.36,0.047682235044083754,59.982961497948196,43.75,severe
6,180,9_6,9,6,13.0627,80.1907,217.32,53.62,False,,26.23,73.15,71.75,74.982611020267,3.772139225903276,56.1,7.7,20.36,0.047682235044083754,54.622611020267,53.75,severe
7,210,9_6,9,6,13.0627,80.1907,228.36,52.88,False,,30.99,57.78,58.68,59.60477910651347,3.2552359764688825,62.1,7.7,20.36,0.047682235044083754,39.24477910651347,60.49,severe
8,240,9_6,9,6,13.0627,80.1907,239.16,48.11,False,,18.48,41.89,44.42,39.92971879203137,2.227627899152191,74.1,7.7,20.36,0.047682235044083754,19.569718792031374,63.05,severe
9,270,9_6,9,6,13.0627,80.1907,245.95,44.87,False,,7.74,27.8,33.46,24.847471837132712,2.2902459611021,73.4,7.7,20.36,0.047682235044083754,4.487471837132713,62.4,severe
10,300,9_6,9,6,13.0627,80.1907,251.67,43.72,False,,2.85,18.26,16.3,18.193703551970422,1.220998183296774,85.8,7.7,20.36,0.047682235044083754,0.0,60.8,severe
11,330,9_6,9,6,13.0627,80.1907,254.96,38.46,False,,4.33,7.58,13.28,8.872128019241664,1.161468015971458,86.5,7.7,20.36,0.047682235044083754,0.0,59.2,severe
0,0,9_7,9,7,13.0627,80.2107,250.78,44.39,False,,49.27,25.26,33.47,24.00197584784671,2.080073850498505,75.8,6.76,19.11,0.0,4.891975847846709,0.0,safe
1,30,9_7,9,7,13.0627,80.2107,239.15,48.57,False,,67.96,38.87,43.24,39.00021755789714,2.3004781187786167,73.2,6.76,19.11,0.0,19.890217557897138,2.58,low
2,60,9_7,9,7,13.0627,80.2107,227.6,50.98,False,,76.75,56.59,63.88,57.217173310306606,2.847997792992545,66.9,6.76,19.11,0.0,38.10717331030661,8.98,moderate
3,90,9_7,9,7,13.0627,80.2107,220.57,52.2,False,,66.74,69.56,75.1,70.29197905165684,3.23238239033379,62.4,6.76,19.11,0.0,51.18197905165684,18.13,high
4,120,9_7,9,7,13.0627,80.2107,213.77,54.32,False,,64.36,78.96,80.85,80.9172744899682,1.9682091006710916,77.1,6.76,19.11,0.0,61.807274489968194,29.51,high
5,150,9_7,9,7,13.0627,80.2107,216.82,54.57,False,,57.37,84.49,75.42,81.48348879538358,3.719013288068822,56.7,6.76,19.11,0.0,62.37348879538358,41.01,severe
6,180,9_7,9,7,13.0627,80.2107,214.49,53.76,False,,40.8,78.38,68.31,77.52809559628194,2.9380402436329844,65.8,6.76,19.11,0.0,58.418095596281944,51.67,severe
7,210,9_7,9,7,13.0627,80.2107,223.55,51.41,False,,33.69,63.87,56.58,63.7706249080046,1.7467201900594622,79.7,6.76,19.11,0.0,44.6606249080046,59.45,severe
8,240,9_7,9,7,13.0627,80.2107,232.52,48.71,False,,39.8,50.04,41.65,48.59291263187933,3.0271710488569994,64.8,6.76,19.11,0.0,29.48291263187933,64.04,severe
9,270,9_7,9,7,13.0627,80.2107,242.04,47.49,False,,15.95,33.3,24.84,32.53322918637002,2.81540367964511,67.2,6.76,19.11,0.0,13.423229186370023,65.26,severe
10,300,9_7,9,7,13.0627,80.2107,254.29,45.4,False,,7.77,18.23,16.56,20.061323857008052,2.7404137695197965,68.1,6.76,19.11,0.0,0.9513238570080524,63.86,severe
11,330,9_7,9,7,13.0627,80.2107,252.9,39.28,False,,5.83,12.5,5.04,11.634229864699757,1.2207444124602749,85.8,6.76,19.11,0.0,0.0,62.26,severe
0,0,9_8,9,8,13.0627,80.2307,246.51,43.39,False,,40.95,21.35,16.55,20.202220565437777,2.3882369393434244,72.2,4.33,17.91,0.23078017811335538,2.292220565437777,0.0,safe
1,30,9_8,9,8,13.0627,80.2307,240.03,46.04,False,,50.33,33.37,24.0,32.314898239248485,2.5669484663421938,70.1,4.33,17.91,0.23078017811335538,14.404898239248485,1.6,low
2,60,9_8,9,8,13.0627,80.2307,230.42,50.38,False,,67.67,50.24,39.17,49.59617196876411,1.9989665502968528,76.7,4.33,17.91,0.23078017811335538,31.68617196876411,7.04,moderate
3,90,9_8,9,8,13.0627,80.2307,224.25,51.64,False,,77.06,66.39,52.98,64.56004836498717,2.316626732871634,73.0,4.33,17.91,0.23078017811335538,46.65004836498717,15.8,high
4,120,9_8,9,8,13.0627,80.2307,218.87,52.11,False,,82.74,77.72,69.92,74.96844414605445,3.366425523627739,60.8,4.33,17.91,0.23078017811335538,57.058444146054455,26.87,high
5,150,9_8,9,8,13.0627,80.2307,216.87,54.48,False,,70.55,84.29,79.9,82.40707451150143,2.346844754904232,72.7,4.33,17.91,0.23078017811335538,64.49707451150144,39.6,severe
6,180,9_8,9,8,13.0627,80.2307,217.31,53.86,False,,58.04,82.15,81.92,80.76776472021325,1.7587867131175892,79.5,4.33,17.91,0.23078017811335538,62.857764720213254,51.96,severe
7,210,9_8,9,8,13.0627,80.2307,223.74,51.42,False,,32.83,70.32,80.25,69.30157549147391,3.2635729956198536,62.0,4.33,17.91,0.23078017811335538,51.391575491473915,61.78,severe
8,240,9_8,9,8,13.0627,80.2307,226.79,50.81,False,,14.21,57.24,68.48,59.52211745805579,6.1034316567434574,50.0,4.33,17.91,0.23078017811335538,41.61211745805579,69.42,severe
9,270,9_8,9,8,13.0627,80.2307,237.01,48.94,False,,16.58,36.75,53.36,44.99507056060848,3.200532295771895,62.8,4.33,17.91,0.23078017811335538,27.085070560608482,73.83,severe
10,300,9_8,9,8,13.0627,80.2307,246.13,45.33,False,,18.66,27.12,31.67,26.02227075601957,3.3020752902343866,61.6,4.33,17.91,0.23078017811335538,8.11227075601957,74.04,severe
11,330,9_8,9,8,13.0627,80.2307,251.89,39.63,False,,15.76,13.0,22.03,12.889745555699228,0.973075696031662,88.7,4.33,17.91,0.23078017811335538,0.0,72.44,severe
0,0,9_9,9,9,13.0627,80.2507,252.7,43.42,False,,21.32,17.62,16.55,18.05071392958937,1.150384682254933,86.6,3.18,16.84,0.0,1.210713929589371,0.0,safe
1,30,9_9,9,9,13.0627,80.2507,245.38,46.17,False,,60.38,28.38,24.0,26.832201974382123,3.658237455025268,57.4,3.18,16.84,0.0,9.992201974382123,0.5,low
2,60,9_9,9,9,13.0627,80.2507,243.94,47.86,False,,70.47,44.07,39.17,39.83614901887937,5.667893656948831,50.0,3.18,16.84,0.0,22.99614901887937,3.73,low
3,90,9_9,9,9,13.0627,80.2507,229.46,51.55,False,,70.35,59.08,52.98,58.33030718844852,3.029098063158245,64.8,3.18,16.84,0.0,41.490307188448526,10.84,moderate
4,120,9_9,9,9,13.0627,80.2507,218.8,51.75,False,,76.62,73.28,69.92,73.30890292178282,2.7484458776428946,68.0,3.18,16.84,0.0,56.468902921782814,21.1,high
5,150,9_9,9,9,13.0627,80.2507,218.8,52.65,False,,56.92,81.38,79.9,75.27841144326786,3.194930292897065,62.8,3.18,16.84,0.0,58.43841144326785,31.77,severe
6,180,9_9,9,9,13.0627,80.2507,217.55,54.02,False,,67.27,81.46,81.92,81.31919692006522,1.3705613357169089,84.1,3.18,16.84,0.0,64.47919692006522,43.71,severe
7,210,9_9,9,9,13.0627,80.2507,220.14,51.76,False,,53.97,72.1,80.25,72.95688342420694,2.4121601440568,71.9,3.18,16.84,0.0,56.11688342420693,53.9,severe
8,240,9_9,9,9,13.0627,80.2507,227.09,53.18,False,,33.8,59.69,68.48,61.42923176402204,3.1884928579972462,62.9,3.18,16.84,0.0,44.589231764022045,61.66,severe
9,270,9_9,9,9,13.0627,80.2507,232.7,48.06,False,,21.29,43.13,53.36,46.428002565359485,4.206261985622337,51.1,3.18,16.84,0.0,29.588002565359485,66.27,severe
10,300,9_9,9,9,13.0627,80.2507,244.7,47.0,False,,12.6,28.07,31.67,29.665115303442285,2.1205185574500693,75.3,3.18,16.84,0.0,12.825115303442285,67.37,severe
11,330,9_9,9,9,13.0627,80.2507,249.85,41.98,False,,8.08,15.41,22.03,15.7860511781525,1.1477746712712058,86.6,3.18,16.84,0.0,0.0,65.77,severe
0,0,9_10,9,10,13.0627,80.2707,256.55,41.52,False,,28.36,13.5,12.1,13.71150648723374,0.9542590880415452,88.9,1.55,16.3,0.6778496232127829,0.0,0.0,safe
1,30,9_10,9,10,13.0627,80.2707,247.18,42.69,False,,46.24,22.65,19.37,20.794873954554543,2.1023357679519297,75.5,1.55,16.3,0.6778496232127829,4.494873954554542,0.0,safe
2,60,9_10,9,10,13.0627,80.2707,243.64,48.44,False,,62.32,36.56,34.95,36.32162610862346,2.703601543168009,68.5,1.55,16.3,0.6778496232127829,20.02162610862346,3.32,low
3,90,9_10,9,10,13.0627,80.2707,230.71,50.22,False,,70.77,49.55,44.17,50.12333455110611,1.6443146621280078,80.9,1.55,16.3,0.6778496232127829,33.823334551106115,10.02,moderate
4,120,9_10,9,10,13.0627,80.2707,226.06,52.27,False,,68.38,66.86,65.41,66.10390502473973,2.012375925578712,76.6,1.55,16.3,0.6778496232127829,49.803905024739734,20.65,high
5,150,9_10,9,10,13.0627,80.2707,212.16,54.38,False,,73.96,77.07,74.32,77.68181136722065,1.7528759871946602,79.6,1.55,16.3,0.6778496232127829,61.38181136722065,34.13,severe
6,180,9_10,9,10,13.0627,80.2707,216.34,52.73,False,,67.43,77.17,80.68,77.51779634057198,2.3543957432601106,72.6,1.55,16.3,0.6778496232127829,61.21779634057198,47.56,severe
7,210,9_10,9,10,13.0627,80.2707,218.99,51.68,False,,47.85,75.32,81.48,74.29049691888731,3.3353208947241795,61.2,1.55,16.3,0.6778496232127829,57.99049691888732,60.21,severe
8,240,9_10,9,10,13.0627,80.2707,225.13,52.4,False,,15.85,64.29,70.38,64.89281556588348,3.4868769268567834,59.4,1.55,16.3,0.6778496232127829,48.592815565883484,70.54,severe
9,270,9_10,9,10,13.0627,80.2707,235.77,49.84,False,,22.86,47.97,56.59,48.300843478122616,2.23817320062077,74.0,1.55,16.3,0.6778496232127829,32.00084347812262,76.8,severe
10,300,9_10,9,10,13.0627,80.2707,237.4,46.61,False,,11.59,31.89,42.17,36.78412734973361,3.1626072556070413,63.2,1.55,16.3,0.6778496232127829,20.48412734973361,80.23,severe
11,330,9_10,9,10,13.0627,80.2707,247.19,42.62,False,,9.82,19.68,23.77,19.55381509379753,1.13364269869172,86.8,1.55,16.3,0.6778496232127829,3.253815093797531,79.43,severe
0,0,9_11,9,11,13.0627,80.2907,253.39,39.75,False,,41.62,10.63,9.54,11.2450024876522,1.4797449300226644,82.8,2.32,16.84,0.7292308546247455,0.0,0.0,safe
1,30,9_11,9,11,13.0627,80.2907,253.46,44.54,False,,48.38,19.63,13.09,20.096291219798708,1.333744973251232,84.5,2.32,16.84,0.7292308546247455,3.256291219798708,0.0,safe
2,60,9_11,9,11,13.0627,80.2907,241.9,48.08,False,,60.29,27.02,27.21,30.87887058561793,5.297628784948577,50.0,2.32,16.84,0.7292308546247455,14.038870585617929,1.89,low
3,90,9_11,9,11,13.0627,80.2907,232.48,50.94,False,,67.53,43.37,39.47,46.34233943473921,3.891603444275823,54.7,2.32,16.84,0.7292308546247455,29.50233943473921,7.61,moderate
4,120,9_11,9,11,13.0627,80.2907,221.77,50.14,False,,65.83,60.67,49.8,60.76164766023925,3.3367185391181917,61.2,2.32,16.84,0.7292308546247455,43.921647660239245,16.92,high
5,150,9_11,9,11,13.0627,80.2907,220.83,53.55,False,,58.09,67.65,58.93,70.705495595483,3.592563890185148,58.2,2.32,16.84,0.7292308546247455,53.865495595483,28.69,high
6,180,9_11,9,11,13.0627,80.2907,216.2,53.93,False,,56.61,73.89,64.25,75.17044140777297,2.0746661468181777,75.9,2.32,16.84,0.7292308546247455,58.330441407772966,41.57,severe
7,210,9_11,9,11,13.0627,80.2907,222.33,52.66,False,,44.95,71.98,62.71,69.86201911785106,3.8071679613057303,55.7,2.32,16.84,0.7292308546247455,53.02201911785106,53.14,severe
8,240,9_11,9,11,13.0627,80.2907,221.77,53.0,False,,23.03,63.07,52.86,64.75153092215484,3.5404945670884627,58.8,2.32,16.84,0.7292308546247455,47.91153092215484,63.43,severe
9,270,9_11,9,11,13.0627,80.2907,229.7,50.19,False,,30.93,49.73,36.84,49.96780494157813,1.9645294049580748,77.1,2.32,16.84,0.7292308546247455,33.127804941578134,70.06,severe
10,300,9_11,9,11,13.0627,80.2907,242.08,47.36,False,,9.88,36.23,30.38,34.814514386789256,2.7344063143629525,68.2,2.32,16.84,0.7292308546247455,17.974514386789256,72.92,severe
11,330,9_11,9,11,13.0627,80.2907,249.75,44.47,False,,0.15,21.99,16.8,21.242082329428627,1.503304575509968,82.5,2.32,16.84,0.7292308546247455,4.402082329428627,72.41,severe
0,0,9_12,9,12,13.0627,80.3107,258.8,35.87,False,,30.55,5.96,9.54,6.307375822950848,0.5844326931838164,93.2,5.25,17.91,0.0,0.0,0.0,safe
1,30,9_12,9,12,13.0627,80.3107,254.67,40.7,False,,33.2,13.95,13.09,13.546936509481474,0.9101299601376964,89.4,5.25,17.91,0.0,0.0,0.0,safe
2,60,9_12,9,12,13.0627,80.3107,248.37,45.65,False,,28.48,22.21,27.21,24.01892114051731,1.9834365023649596,76.9,5.25,17.91,0.0,6.10892114051731,0.0,safe
3,90,9_12,9,12,13.0627,80.3107,234.0,46.9,False,,50.54,35.19,39.47,38.66457371971594,3.01374830227092,64.9,5.25,17.91,0.0,20.75457371971594,2.76,low
4,120,9_12,9,12,13.0627,80.3107,230.52,51.64,False,,75.05,48.47,49.8,51.923744577495,4.888474687542993,50.0,5.25,17.91,0.0,34.013744577495004,8.3,moderate
5,150,9_12,9,12,13.0627,80.3107,226.99,53.07,False,,54.36,60.96,58.93,61.92460285716974,2.4930202782398827,71.0,5.25,17.91,0.0,44.014602857169734,15.94,high
6,180,9_12,9,12,13.0627,80.3107,222.0,51.6,False,,66.74,67.55,64.25,69.15736296380075,3.459554062245571,59.7,5.25,17.91,0.0,51.247362963800754,25.11,high
7,210,9_12,9,12,13.0627,80.3107,219.28,53.76,False,,55.76,70.91,62.71,71.6452810013336,2.686581146425199,68.7,5.25,17.91,0.0,53.735281001333604,34.79,severe
8,240,9_12,9,12,13.0627,80.3107,226.78,51.91,False,,49.27,60.02,52.86,60.86743482278404,2.261725973804872,73.7,5.25,17.91,0.0,42.95743482278404,42.21,severe
9,270,9_12,9,12,13.0627,80.3107,228.34,49.26,False,,21.15,52.27,36.84,52.16957697088641,2.959979531904754,65.6,5.25,17.91,0.0,34.259576970886414,47.81,severe
10,300,9_12,9,12,13.0627,80.3107,234.83,48.53,False,,13.73,39.07,30.38,38.64267187633427,4.813315495807829,50.0,5.25,17.91,0.0,20.73267187633427,50.56,severe
11,330,9_12,9,12,13.0627,80.3107,243.56,48.33,False,,11.06,24.26,16.8,27.668577296966884,5.072548680820501,50.0,5.25,17.91,0.0,9.758577296966884,51.01,severe
0,0,9_13,9,13,13.0627,80.3307,258.01,34.29,True,5.72,22.47,5.97,5.72,5.397964543439397,0.7431400386819271,91.4,6.78,19.11,0.3537039522497132,0.0,0.0,safe
1,30,9_13,9,13,13.0627,80.3307,256.82,38.76,True,7.81,23.69,9.76,7.81,9.490727291812764,0.8496751728936354,90.1,6.78,19.11,0.3537039522497132,0.0,0.0,safe
2,60,9_13,9,13,13.0627,80.3307,253.66,42.02,True,15.93,37.11,16.26,15.93,15.946434662242684,1.0765688148187933,87.5,6.78,19.11,0.3537039522497132,0.0,0.0,safe
3,90,9_13,9,13,13.0627,80.3307,250.55,46.51,True,28.49,43.83,28.29,28.49,28.256938503968023,1.259870386915655,85.3,6.78,19.11,0.3537039522497132,9.146938503968023,0.49,low
4,120,9_13,9,13,13.0627,80.3307,235.77,49.71,True,41.36,58.21,41.4,41.36,44.2859204312542,2.1832451291055266,74.6,6.78,19.11,0.3537039522497132,25.175920431254198,4.65,low
5,150,9_13,9,13,13.0627,80.3307,231.58,49.17,True,49.93,43.23,51.4,49.93,49.69283701116396,3.3773351386369272,60.7,6.78,19.11,0.3537039522497132,30.58283701116396,10.04,moderate
6,180,9_13,9,13,13.0627,80.3307,225.18,50.08,True,61.35,61.23,59.83,61.35,60.33921465594389,1.9883239885561304,76.9,6.78,19.11,0.3537039522497132,41.22921465594389,17.86,high
7,210,9_13,9,13,13.0627,80.3307,223.77,50.27,True,64.16,42.67,62.16,64.16,61.62584993925744,2.1689775019209576,74.8,6.78,19.11,0.3537039522497132,42.51584993925744,25.98,high
8,240,9_13,9,13,13.0627,80.3307,230.09,51.18,True,59.65,20.16,59.48,59.65,58.365428973731866,2.5214244035614906,70.7,6.78,19.11,0.3537039522497132,39.25542897373187,33.35,severe
9,270,9_13,9,13,13.0627,80.3307,234.6,50.13,True,50.61,26.37,50.0,50.61,48.78059922264232,2.150001014507533,75.0,6.78,19.11,0.3537039522497132,29.670599222642323,38.53,severe
10,300,9_13,9,13,13.0627,80.3307,243.48,46.6,True,36.34,11.51,35.26,36.34,33.53049131305901,2.4551979106124957,71.4,6.78,19.11,0.3537039522497132,14.42049131305901,40.23,severe
11,330,9_13,9,13,13.0627,80.3307,247.28,46.76,True,25.72,15.58,25.63,25.72,26.541448101397744,2.0916839915576624,75.7,6.78,19.11,0.3537039522497132,7.431448101397745,40.33,severe
0,0,9_14,9,14,13.0627,80.3507,252.7,30.0,False,,10.85,2.96,5.72,2.9506124097891147,0.2853217046980741,96.7,8.6,20.36,0.5416283599071061,0.0,0.0,safe
1,30,9_14,9,14,13.0627,80.3507,251.0,35.79,False,,24.0,8.16,7.81,7.241221629261934,1.0517175874735385,87.8,8.6,20.36,0.5416283599071061,0.0,0.0,safe
2,60,9_14,9,14,13.0627,80.3507,257.69,41.54,False,,30.04,11.67,15.93,13.2597282492687,1.141841673830588,86.7,8.6,20.36,0.5416283599071061,0.0,0.0,safe
3,90,9_14,9,14,13.0627,80.3507,249.04,44.37,False,,42.25,18.8,28.49,20.058256872839483,2.0664132577168,76.0,8.6,20.36,0.5416283599071061,0.0,0.0,safe
4,120,9_14,9,14,13.0627,80.3507,239.58,47.5,False,,44.42,33.55,41.36,35.57324791738979,2.7914995772237097,67.5,8.6,20.36,0.5416283599071061,15.213247917389793,2.03,low
5,150,9_14,9,14,13.0627,80.3507,237.55,49.29,False,,40.22,43.37,49.93,44.42444617990854,1.913925934308736,77.7,8.6,20.36,0.5416283599071061,24.064446179908543,6.17,moderate
6,180,9_14,9,14,13.0627,80.3507,232.07,51.39,False,,55.04,50.72,61.35,52.95075943747234,3.413010115308895,60.3,8.6,20.36,0.5416283599071061,32.59075943747234,12.34,moderate
7,210,9_14,9,14,13.0627,80.3507,233.81,50.53,False,,40.43,55.7,64.16,53.29814815775514,3.7446961328199815,56.4,8.6,20.36,0.5416283599071061,32.938148157755144,18.59,high
8,240,9_14,9,14,13.0627,80.3507,231.7,50.05,False,,38.97,54.37,59.65,53.81979244089728,1.8697280885098169,78.2,8.6,20.36,0.5416283599071061,33.45979244089728,24.97,high
9,270,9_14,9,14,13.0627,80.3507,238.98,48.45,False,,31.62,44.53,50.61,38.84679456278696,3.117015327793427,63.7,8.6,20.36,0.5416283599071061,18.48679456278696,27.78,high
10,300,9_14,9,14,13.0627,80.3507,241.84,46.13,False,,15.22,34.39,36.34,33.58910749158733,2.325771116314108,72.9,8.6,20.36,0.5416283599071061,13.229107491587328,29.33,high
11,330,9_14,9,14,13.0627,80.3507,251.69,47.01,False,,3.95,25.19,25.72,26.974763986586417,2.79579552320854,67.5,8.6,20.36,0.5416283599071061,6.614763986586418,29.31,high
0,0,9_15,9,15,13.0627,80.3707,255.33,25.39,False,,7.24,1.26,5.72,1.4333541715046636,0.2601903789639039,97.0,11.52,21.63,0.0,0.0,0.0,safe
1,30,9_15,9,15,13.0627,80.3707,260.21,32.48,False,,10.45,3.29,7.81,3.6563554121858624,0.4863574670882788,94.3,11.52,21.63,0.0,0.0,0.0,safe
2,60,9_15,9,15,13.0627,80.3707,255.18,38.32,False,,26.22,9.61,15.93,9.29267942534985,0.7454352885220517,91.3,11.52,21.63,0.0,0.0,0.0,safe
3,90,9_15,9,15,13.0627,80.3707,245.2,40.4,False,,17.83,16.1,28.49,15.98780031056358,1.411881793731553,83.6,11.52,21.63,0.0,0.0,0.0,safe
4,120,9_15,9,15,13.0627,80.3707,250.01,43.7,False,,26.51,21.23,41.36,21.04153644431344,1.614209997983991,81.2,11.52,21.63,0.0,0.0,0.0,safe
5,150,9_15,9,15,13.0627,80.3707,242.57,47.61,False,,39.05,32.12,49.93,33.79670958305152,2.812252404009936,67.3,11.52,21.63,0.0,12.166709583051524,0.96,low
6,180,9_15,9,15,13.0627,80.3707,238.59,47.5,False,,45.48,40.95,61.35,39.15189788646752,4.159873617454055,51.6,11.52,21.63,0.0,17.521897886467524,3.03,low
7,210,9_15,9,15,13.0627,80.3707,237.97,51.67,False,,39.36,48.18,64.16,48.40106233645993,3.35839761871288,60.9,11.52,21.63,0.0,26.77106233645993,7.06,moderate
8,240,9_15,9,15,13.0627,80.3707,233.35,49.8,False,,22.28,45.5,59.65,48.44136279271995,4.462363792360563,50.0,11.52,21.63,0.0,26.81136279271995,11.09,moderate
9,270,9_15,9,15,13.0627,80.3707,238.39,48.73,False,,25.93,43.37,50.61,41.88931044673328,3.3471671941005208,61.1,11.52,21.63,0.0,20.259310446733284,13.74,moderate
10,300,9_15,9,15,13.0627,80.3707,242.45,47.15,False,,29.49,37.98,36.34,34.00606146425682,2.6064617461907558,69.7,11.52,21.63,0.0,12.376061464256818,14.74,moderate
11,330,9_15,9,15,13.0627,80.3707,241.27,45.5,False,,9.19,28.92,25.72,28.869952820064388,1.7155291564407975,80.0,11.52,21.63,0.0,7.239952820064389,14.66,moderate
0,0,9_16,9,16,13.0627,80.3907,256.98,28.48,False,,16.95,1.73,3.81,2.1106420739555816,0.3092518334222128,96.4,10.79,22.91,1.1020516638758338,0.0,0.0,safe
1,30,9_16,9,16,13.0627,80.3907,257.77,31.06,False,,19.97,3.17,1.41,3.528673885361209,0.3525534837856726,95.9,10.79,22.91,1.1020516638758338,0.0,0.0,safe
2,60,9_16,9,16,13.0627,80.3907,253.35,37.98,False,,24.66,8.45,4.07,8.398422892654347,1.194410321308587,86.1,10.79,22.91,1.1020516638758338,0.0,0.0,safe
3,90,9_16,9,16,13.0627,80.3907,256.95,40.35,False,,22.67,10.82,5.46,10.991226425543603,1.1639510682962304,86.5,10.79,22.91,1.1020516638758338,0.0,0.0,safe
4,120,9_16,9,16,13.0627,80.3907,254.46,42.13,False,,41.37,17.36,5.95,16.074077870414413,1.7440573702232054,79.7,10.79,22.91,1.1020516638758338,0.0,0.0,safe
5,150,9_16,9,16,13.0627,80.3907,250.8,43.35,False,,29.74,24.48,11.85,21.57804140044922,2.8248224673903035,67.1,10.79,22.91,1.1020516638758338,0.0,0.0,safe
6,180,9_16,9,16,13.0627,80.3907,240.12,46.61,False,,32.8,35.0,15.4,31.200157579183852,3.3903285095531173,60.6,10.79,22.91,1.1020516638758338,8.290157579183852,0.62,low
7,210,9_16,9,16,13.0627,80.3907,238.89,48.31,False,,38.44,37.34,20.85,36.4390956067196,2.25676915638149,73.7,10.79,22.91,1.1020516638758338,13.529095606719597,2.64,low
8,240,9_16,9,16,13.0627,80.3907,233.52,49.01,False,,36.44,40.92,21.86,41.99499837543856,3.760931960697019,56.2,10.79,22.91,1.1020516638758338,19.084998375438563,6.16,moderate
9,270,9_16,9,16,13.0627,80.3907,241.11,49.06,False,,17.76,38.02,22.14,36.46495311003682,3.226278518312877,62.5,10.79,22.91,1.1020516638758338,13.554953110036816,8.19,moderate
10,300,9_16,9,16,13.0627,80.3907,245.76,45.42,False,,29.23,30.45,13.53,25.832802457633196,2.844117856573252,66.9,10.79,22.91,1.1020516638758338,2.922802457633196,7.37,moderate
11,330,9_16,9,16,13.0627,80.3907,247.1,44.55,False,,9.63,22.05,10.81,21.402960534264235,1.4728553980908132,82.9,10.79,22.91,1.1020516638758338,0.0,5.77,moderate
0,0,9_17,9,17,13.0627,80.4107,263.13,-9.51,False,,0.0,0.0,3.81,0.0,0.0,99.0,12.68,24.19,0.0,0.0,0.0,safe
1,30,9_17,9,17,13.0627,80.4107,264.48,24.54,False,,0.56,1.07,1.41,1.215519903017303,0.1926378078075887,97.8,12.68,24.19,0.0,0.0,0.0,safe
2,60,9_17,9,17,13.0627,80.4107,254.75,35.02,False,,16.17,5.04,4.07,5.399002695651176,0.5577784030563459,93.5,12.68,24.19,0.0,0.0,0.0,safe
3,90,9_17,9,17,13.0627,80.4107,257.34,36.97,False,,9.76,9.49,5.46,7.229873903076066,0.7491537354495357,91.3,12.68,24.19,0.0,0.0,0.0,safe
4,120,9_17,9,17,13.0627,80.4107,248.54,39.99,False,,19.36,13.78,5.95,12.8542960972959,1.375705071872794,84.0,12.68,24.19,0.0,0.0,0.0,safe
5,150,9_17,9,17,13.0627,80.4107,250.81,43.4,False,,17.12,20.01,11.85,19.969166019771983,1.9541572416256725,77.3,12.68,24.19,0.0,0.0,0.0,safe
6,180,9_17,9,17,13.0627,80.4107,245.28,44.85,False,,33.05,25.03,15.4,23.74670813893951,1.63236097967508,81.0,12.68,24.19,0.0,0.0,0.0,safe
7,210,9_17,9,17,13.0627,80.4107,239.13,44.44,False,,34.68,29.96,20.85,27.973814524175356,3.429434493184114,60.1,12.68,24.19,0.0,3.783814524175355,0.0,safe
8,240,9_17,9,17,13.0627,80.4107,237.43,47.82,False,,28.61,33.35,21.86,34.61095695150983,2.718543500009562,68.4,12.68,24.19,0.0,10.420956951509826,0.59,low
9,270,9_17,9,17,13.0627,80.4107,238.8,47.73,False,,16.82,33.89,22.14,34.665491478771735,2.079017701755637,75.8,12.68,24.19,0.0,10.475491478771733,1.19,low
10,300,9_17,9,17,13.0627,80.4107,248.53,45.33,False,,23.37,27.15,13.53,25.141281435607297,2.9439684213471518,65.7,12.68,24.19,0.0,0.9512814356072958,0.0,safe
11,330,9_17,9,17,13.0627,80.4107,252.3,43.04,False,,6.15,20.66,10.81,18.485099650357576,2.3749536072692945,72.4,12.68,24.19,0.0,0.0,0.0,safe
0,0,9_18,9,18,13.0627,80.4307,259.59,29.04,False,,0.0,2.12,3.81,2.424793702325557,0.3060855079908008,96.4,13.67,25.48,0.0,0.0,0.0,safe
1,30,9_18,9,18,13.0627,80.4307,261.43,26.26,False,,9.0,1.49,1.41,1.5706672889862006,0.2063842717672558,97.6,13.67,25.48,0.0,0.0,0.0,safe
2,60,9_18,9,18,13.0627,80.4307,257.73,24.96,False,,5.03,1.66,4.07,1.5397046835168064,0.1733564716606465,98.0,13.67,25.48,0.0,0.0,0.0,safe
3,90,9_18,9,18,13.0627,80.4307,253.74,38.27,False,,25.49,7.67,5.46,8.006105542619762,0.8461354788681036,90.2,13.67,25.48,0.0,0.0,0.0,safe
4,120,9_18,9,18,13.0627,80.4307,253.39,38.58,False,,18.72,8.41,5.95,8.403802401339966,0.7495454784357154,91.3,13.67,25.48,0.0,0.0,0.0,safe
5,150,9_18,9,18,13.0627,80.4307,250.99,41.54,False,,21.51,16.25,11.85,15.531128154838406,1.073262340458615,87.5,13.67,25.48,0.0,0.0,0.0,safe
6,180,9_18,9,18,13.0627,80.4307,246.76,42.83,False,,23.71,16.54,15.4,17.54841818719315,1.6843173600611003,80.4,13.67,25.48,0.0,0.0,0.0,safe
7,210,9_18,9,18,13.0627,80.4307,244.28,46.16,False,,26.11,25.48,20.85,26.162330750862328,1.779685242167644,79.3,13.67,25.48,0.0,0.6823307508623273,0.0,safe
8,240,9_18,9,18,13.0627,80.4307,244.43,46.28,False,,37.8,27.18,21.86,27.560429672487263,1.8091849997126883,79.0,13.67,25.48,0.0,2.080429672487263,0.0,safe
9,270,9_18,9,18,13.0627,80.4307,241.2,46.16,False,,22.08,27.17,22.14,28.36399300882375,2.14789160258047,75.0,13.67,25.48,0.0,2.883993008823751,0.0,safe
10,300,9_18,9,18,13.0627,80.4307,249.38,44.06,False,,25.06,23.35,13.53,21.3688757340042,1.8849545088667568,78.1,13.67,25.48,0.0,0.0,0.0,safe
11,330,9_18,9,18,13.0627,80.4307,248.98,44.7,False,,7.16,21.28,10.81,21.409628436602883,1.4596841322860932,83.0,13.67,25.48,0.0,0.0,0.0,safe
0,0,9_19,9,19,13.0627,80.4507,255.69,-10.21,False,,0.08,0.0,3.81,0.0,0.0,99.0,14.24,26.77,0.0,0.0,0.0,safe
1,30,9_19,9,19,13.0627,80.4507,256.6,32.32,False,,8.72,3.37,1.41,3.620363957536108,0.3127434304556814,96.4,14.24,26.77,0.0,0.0,0.0,safe
2,60,9_19,9,19,13.0627,80.4507,256.62,25.24,False,,0.73,1.43,4.07,1.4521165230328883,0.1870689592388481,97.8,14.24,26.77,0.0,0.0,0.0,safe
3,90,9_19,9,19,13.0627,80.4507,258.92,27.1,False,,1.81,2.71,5.46,2.48017602301372,0.4008594263665256,95.3,14.24,26.77,0.0,0.0,0.0,safe
4,120,9_19,9,19,13.0627,80.4507,256.86,36.57,False,,13.94,6.68,5.95,6.8406151516754505,0.4278298104400753,95.0,14.24,26.77,0.0,0.0,0.0,safe
5,150,9_19,9,19,13.0627,80.4507,254.51,40.55,False,,26.39,9.9,11.85,10.882619768294068,1.4661199619774012,82.9,14.24,26.77,0.0,0.0,0.0,safe
6,180,9_19,9,19,13.0627,80.4507,251.1,40.27,False,,22.03,15.07,15.4,14.520596405779813,1.1856197558591164,86.2,14.24,26.77,0.0,0.0,0.0,safe
7,210,9_19,9,19,13.0627,80.4507,250.65,41.46,False,,22.1,17.03,20.85,16.396899661676905,1.4619383799860783,83.0,14.24,26.77,0.0,0.0,0.0,safe
8,240,9_19,9,19,13.0627,80.4507,249.74,43.42,False,,30.42,20.83,21.86,19.432293936084044,3.0799747980719263,64.2,14.24,26.77,0.0,0.0,0.0,safe
9,270,9_19,9,19,13.0627,80.4507,245.77,43.42,False,,9.93,22.03,22.14,21.17181181011449,1.95141845544585,77.3,14.24,26.77,0.0,0.0,0.0,safe
10,300,9_19,9,19,13.0627,80.4507,245.82,43.17,False,,9.34,20.32,13.53,19.86300339480088,1.7196829499811723,80.0,14.24,26.77,0.0,0.0,0.0,safe
11,330,9_19,9,19,13.0627,80.4507,248.45,43.13,False,,17.6,16.68,10.81,17.904607030195773,2.0127707530620023,76.6,14.24,26.77,0.0,0.0,0.0,safe
0,0,10_0,10,0,13.0827,80.0707,245.99,47.01,False,,33.27,30.74,38.01,31.215475567321636,2.5840337468251127,69.9,12.48,28.0,0.5033710811106289,3.2154755673216364,0.0,safe
1,30,10_0,10,0,13.0827,80.0707,241.79,46.9,False,,27.3,35.82,47.15,35.563380089731154,2.8652003028756696,66.7,12.48,28.0,0.5033710811106289,7.5633800897311545,0.19,low
2,60,10_0,10,0,13.0827,80.0707,241.68,49.96,False,,45.38,42.09,53.63,41.62312931401912,2.433528228351798,71.7,12.48,28.0,0.5033710811106289,13.623129314019117,1.81,low
3,90,10_0,10,0,13.0827,80.0707,237.67,49.49,False,,40.12,43.5,57.65,44.72269752749125,2.521495286043306,70.7,12.48,28.0,0.5033710811106289,16.72269752749125,4.16,low
4,120,10_0,10,0,13.0827,80.0707,235.83,49.8,False,,24.33,39.83,48.04,46.42552418255269,2.775962244447621,67.7,12.48,28.0,0.5033710811106289,18.425524182552692,6.92,moderate
5,150,10_0,10,0,13.0827,80.0707,241.26,47.22,False,,18.19,31.24,40.57,33.1033667726674,2.773962197662943,67.7,12.48,28.0,0.5033710811106289,5.1033667726674,6.53,moderate
6,180,10_0,10,0,13.0827,80.0707,248.02,44.38,False,,0.0,22.9,28.6,22.508934931999796,2.326531372910356,72.9,12.48,28.0,0.5033710811106289,0.0,4.93,low
7,210,10_0,10,0,13.0827,80.0707,253.27,43.3,False,,6.76,17.29,23.72,17.81063983211834,1.6520470014634725,80.8,12.48,28.0,0.5033710811106289,0.0,3.33,low
8,240,10_0,10,0,13.0827,80.0707,250.09,39.96,False,,8.31,11.21,9.07,12.559607908458936,1.2544788899131176,85.4,12.48,28.0,0.5033710811106289,0.0,1.73,low
9,270,10_0,10,0,13.0827,80.0707,258.02,34.36,False,,0.0,4.86,4.87,4.959591328229439,0.5297269936597602,93.8,12.48,28.0,0.5033710811106289,0.0,0.13,low
10,300,10_0,10,0,13.0827,80.0707,262.29,28.12,False,,2.0,1.96,3.69,2.0283751273316573,0.191747966024514,97.8,12.48,28.0,0.5033710811106289,0.0,0.0,safe
11,330,10_0,10,0,13.0827,80.0707,259.46,24.44,False,,6.43,1.38,0.88,1.3638335661679883,0.127934262302766,98.5,12.48,28.0,0.5033710811106289,0.0,0.0,safe
0,0,10_1,10,1,13.0827,80.0907,240.23,47.37,False,,28.99,29.98,38.01,33.16645493796704,4.060684329415967,52.8,12.66,26.7,0.0,6.46645493796704,0.0,safe
1,30,10_1,10,1,13.0827,80.0907,239.97,46.99,False,,53.29,40.62,47.15,38.48281877053741,3.470138836545064,59.6,12.66,26.7,0.0,11.782818770537414,0.87,low
2,60,10_1,10,1,13.0827,80.0907,234.98,49.99,False,,23.09,42.79,53.63,47.77272508661431,3.323337092206676,61.3,12.66,26.7,0.0,21.07272508661431,3.7,low
3,90,10_1,10,1,13.0827,80.0907,233.8,49.01,False,,32.37,47.28,57.65,48.39193598082008,2.268790858571285,73.6,12.66,26.7,0.0,21.69193598082008,6.65,moderate
4,120,10_1,10,1,13.0827,80.0907,233.03,50.11,False,,33.75,47.17,48.04,48.83978567709951,2.779997294100171,67.7,12.66,26.7,0.0,22.139785677099514,9.7,moderate
5,150,10_1,10,1,13.0827,80.0907,234.28,51.46,False,,25.61,46.04,40.57,47.4539316161617,3.264378287769434,62.0,12.66,26.7,0.0,20.753931616161697,12.46,moderate
6,180,10_1,10,1,13.0827,80.0907,235.85,48.5,False,,22.53,35.13,28.6,36.74534239786596,2.810699787731959,67.3,12.66,26.7,0.0,10.045342397865962,12.97,moderate
7,210,10_1,10,1,13.0827,80.0907,246.53,44.69,False,,0.0,23.26,23.72,22.870572715517465,1.804801063733364,79.0,12.66,26.7,0.0,0.0,11.37,moderate
8,240,10_1,10,1,13.0827,80.0907,254.95,41.07,False,,15.48,12.81,9.07,11.88208402092642,1.1874097357894122,86.2,12.66,26.7,0.0,0.0,9.77,moderate
9,270,10_1,10,1,13.0827,80.0907,259.98,38.01,False,,3.87,8.69,4.87,8.49987505590365,0.7405521938542823,91.4,12.66,26.7,0.0,0.0,8.17,moderate
10,300,10_1,10,1,13.0827,80.0907,257.4,31.1,False,,9.91,3.08,3.69,3.185280971089725,0.2828844390681736,96.7,12.66,26.7,0.0,0.0,6.57,moderate
11,330,10_1,10,1,13.0827,80.0907,255.87,30.46,False,,13.7,3.14,0.88,3.115995293212974,0.2271308813992769,97.4,12.66,26.7,0.0,0.0,4.97,low
0,0,10_2,10,2,13.0827,80.1107,242.34,44.51,False,,39.94,29.23,38.01,27.28495897644016,2.617288305725431,69.5,10.79,25.4,0.5835679718570805,1.88495897644016,0.0,safe
1,30,10_2,10,2,13.0827,80.1107,237.94,47.63,False,,48.76,39.77,47.15,39.6640205487795,2.4205082424039945,71.8,10.79,25.4,0.5835679718570805,14.264020548779499,1.83,low
2,60,10_2,10,2,13.0827,80.1107,235.59,51.81,False,,42.21,50.47,53.63,50.2862193145743,2.1070906338451345,75.5,10.79,25.4,0.5835679718570805,24.886219314574305,6.22,moderate
3,90,10_2,10,2,13.0827,80.1107,229.25,51.11,False,,42.34,56.26,57.65,56.712637872301045,2.5193286663070777,70.7,10.79,25.4,0.5835679718570805,31.312637872301046,12.16,moderate
4,120,10_2,10,2,13.0827,80.1107,226.53,49.23,False,,41.44,52.99,48.04,54.4605293736818,3.423097330658506,60.2,10.79,25.4,0.5835679718570805,29.060529373681803,17.55,high
5,150,10_2,10,2,13.0827,80.1107,235.2,50.46,False,,37.08,48.43,40.57,48.0278936427917,2.220300822876489,74.2,10.79,25.4,0.5835679718570805,22.627893642791705,21.39,high
6,180,10_2,10,2,13.0827,80.1107,235.33,48.96,False,,26.89,40.81,28.6,40.36108460742871,4.060079697302848,52.8,10.79,25.4,0.5835679718570805,14.96108460742871,23.39,high
7,210,10_2,10,2,13.0827,80.1107,250.73,47.15,False,,9.64,30.28,23.72,27.96867694789403,3.1161506380864465,63.7,10.79,25.4,0.5835679718570805,2.56867694789403,22.41,high
8,240,10_2,10,2,13.0827,80.1107,249.06,42.64,False,,12.98,18.47,9.07,17.50838478338433,1.3723574984510516,84.0,10.79,25.4,0.5835679718570805,0.0,20.81,high
9,270,10_2,10,2,13.0827,80.1107,253.53,40.61,False,,14.73,10.71,4.87,11.258121556656942,0.9902878400933396,88.5,10.79,25.4,0.5835679718570805,0.0,19.21,high
10,300,10_2,10,2,13.0827,80.1107,259.31,35.5,False,,15.53,6.37,3.69,5.487437685111509,0.7246005607415416,91.6,10.79,25.4,0.5835679718570805,0.0,17.61,high
11,330,10_2,10,2,13.0827,80.1107,255.8,35.8,False,,0.0,7.24,0.88,7.0416466037546765,0.614971556903961,92.8,10.79,25.4,0.5835679718570805,0.0,16.01,high
0,0,10_3,10,3,13.0827,80.1307,245.05,46.49,False,,42.25,27.79,25.48,26.67656939177756,2.7327309348091187,68.2,9.94,24.1,0.4931451644825575,2.576569391777557,0.0,safe
1,30,10_3,10,3,13.0827,80.1307,241.9,50.32,False,,37.23,41.16,28.69,40.07102087161045,3.130892375718365,63.6,9.94,24.1,0.4931451644825575,15.971020871610449,2.17,low
2,60,10_3,10,3,13.0827,80.1307,236.73,50.49,False,,46.11,51.76,43.81,49.74091762587377,3.1184225359660696,63.7,9.94,24.1,0.4931451644825575,25.64091762587377,6.62,moderate
3,90,10_3,10,3,13.0827,80.1307,225.06,52.14,False,,57.56,60.7,54.97,63.04369282847281,1.4155498914105646,83.5,9.94,24.1,0.4931451644825575,38.943692828472805,14.2,moderate
4,120,10_3,10,3,13.0827,80.1307,221.18,51.24,False,,50.55,64.64,57.58,68.04721999725757,2.9738929770191165,65.4,9.94,24.1,0.4931451644825575,43.94721999725757,22.97,high
5,150,10_3,10,3,13.0827,80.1307,222.76,53.0,False,,33.35,60.05,54.75,62.59477261840127,3.3586436334326097,60.9,9.94,24.1,0.4931451644825575,38.49477261840127,30.45,severe
6,180,10_3,10,3,13.0827,80.1307,237.86,51.74,False,,27.27,52.76,51.39,50.54096253071011,3.7789983291000144,56.0,9.94,24.1,0.4931451644825575,26.44096253071011,35.09,severe
7,210,10_3,10,3,13.0827,80.1307,238.76,47.41,False,,14.78,35.9,41.36,36.565895370859145,1.972042266606381,77.1,9.94,24.1,0.4931451644825575,12.465895370859144,36.43,severe
8,240,10_3,10,3,13.0827,80.1307,242.29,46.88,False,,3.48,27.46,25.69,28.316570558116773,1.4733451056576312,82.9,9.94,24.1,0.4931451644825575,4.216570558116771,35.82,severe
9,270,10_3,10,3,13.0827,80.1307,259.27,40.21,False,,7.07,14.69,16.73,11.38284743012312,1.556863547873812,81.9,9.94,24.1,0.4931451644825575,0.0,34.22,severe
10,300,10_3,10,3,13.0827,80.1307,255.97,37.19,False,,4.38,7.5,9.97,7.865752963844821,0.5287901857677505,93.8,9.94,24.1,0.4931451644825575,0.0,32.62,severe
11,330,10_3,10,3,13.0827,80.1307,260.25,33.77,False,,16.38,5.13,7.07,4.917282946838715,0.4530728794765899,94.7,9.94,24.1,0.4931451644825575,0.0,31.02,severe
0,0,10_4,10,4,13.0827,80.1507,238.91,43.93,False,,42.6,28.41,25.48,27.383079930347403,2.549860190422978,70.3,9.44,22.8,0.04066266803648766,4.583079930347402,0.0,safe
1,30,10_4,10,4,13.0827,80.1507,234.74,47.89,False,,57.64,39.42,28.69,40.07747929104174,2.9622268970455066,65.5,9.44,22.8,0.04066266803648766,17.27747929104174,2.07,low
2,60,10_4,10,4,13.0827,80.1507,231.34,49.95,False,,56.45,53.42,43.81,52.24841039762812,2.078336111052093,75.8,9.44,22.8,0.04066266803648766,29.44841039762812,6.71,moderate
3,90,10_4,10,4,13.0827,80.1507,223.11,51.76,False,,45.08,63.19,54.97,63.25720395849471,1.426908099400132,83.4,9.44,22.8,0.04066266803648766,40.457203958494716,13.69,moderate
4,120,10_4,10,4,13.0827,80.1507,217.71,54.24,False,,50.94,72.1,57.58,73.65798525153701,2.545567916625596,70.4,9.44,22.8,0.04066266803648766,50.857985251537016,22.88,high
5,150,10_4,10,4,13.0827,80.1507,228.29,51.76,False,,30.78,66.81,54.75,62.74854807770179,4.641981416631103,50.0,9.44,22.8,0.04066266803648766,39.94854807770179,29.76,high
6,180,10_4,10,4,13.0827,80.1507,228.66,51.79,False,,33.59,58.56,51.39,58.389675225373495,2.718830578859616,68.4,9.44,22.8,0.04066266803648766,35.5896752253735,35.71,severe
7,210,10_4,10,4,13.0827,80.1507,233.17,49.71,False,,14.58,46.49,41.36,46.372447923099536,3.309050319672197,61.5,9.44,22.8,0.04066266803648766,23.572447923099535,39.11,severe
8,240,10_4,10,4,13.0827,80.1507,240.08,45.8,False,,23.88,32.99,25.69,31.05461047836255,2.4631722982672657,71.3,9.44,22.8,0.04066266803648766,8.254610478362551,39.26,severe
9,270,10_4,10,4,13.0827,80.1507,246.67,44.17,False,,1.3,22.48,16.73,21.48460455470825,1.439295308899456,83.3,9.44,22.8,0.04066266803648766,0.0,37.66,severe
10,300,10_4,10,4,13.0827,80.1507,256.37,42.82,False,,10.26,14.16,9.97,14.44212848165722,0.9434720089213235,89.0,9.44,22.8,0.04066266803648766,0.0,36.06,severe
11,330,10_4,10,4,13.0827,80.1507,258.85,36.02,False,,6.81,5.75,7.07,6.560337927912309,0.5841999303828642,93.2,9.44,22.8,0.04066266803648766,0.0,34.46,severe
0,0,10_5,10,5,13.0827,80.1707,244.69,45.45,False,,55.49,24.3,21.29,24.61438029163768,3.699074622479336,57.0,9.03,21.5,0.0,3.11438029163768,0.0,safe
1,30,10_5,10,5,13.0827,80.1707,239.54,46.61,False,,51.18,38.2,29.79,36.4449697501705,3.23445444289429,62.4,9.03,21.5,0.0,14.9449697501705,1.54,low
2,60,10_5,10,5,13.0827,80.1707,228.72,50.04,False,,62.28,52.32,43.56,52.70477322229628,2.6537315391724063,69.1,9.03,21.5,0.0,31.204773222296282,6.49,moderate
3,90,10_5,10,5,13.0827,80.1707,225.16,52.04,False,,59.96,65.53,55.95,63.784029888990965,1.51619994169572,82.4,9.03,21.5,0.0,42.284029888990965,13.77,moderate
4,120,10_5,10,5,13.0827,80.1707,221.21,53.81,False,,52.37,74.47,68.3,74.25579043368585,2.473251946250176,71.2,9.03,21.5,0.0,52.755790433685846,23.25,high
5,150,10_5,10,5,13.0827,80.1707,219.65,51.6,False,,57.91,74.32,68.83,72.82199493093478,2.9011169751120525,66.2,9.03,21.5,0.0,51.32199493093478,32.43,severe
6,180,10_5,10,5,13.0827,80.1707,215.68,52.13,False,,27.38,68.67,71.75,70.31193058598294,3.7791173205473303,56.0,9.03,21.5,0.0,48.811930585982935,41.08,severe
7,210,10_5,10,5,13.0827,80.1707,231.58,49.61,False,,21.94,54.03,58.68,53.431524753450816,2.5579808137217626,70.2,9.03,21.5,0.0,31.931524753450816,46.18,severe
8,240,10_5,10,5,13.0827,80.1707,237.92,47.66,False,,22.03,42.67,44.42,41.02381353007922,2.3375477462476746,72.8,9.03,21.5,0.0,19.523813530079217,48.68,severe
9,270,10_5,10,5,13.0827,80.1707,241.32,46.18,False,,21.86,27.02,33.46,29.14562974984661,2.9916239644273723,65.2,9.03,21.5,0.0,7.645629749846609,48.69,severe
10,300,10_5,10,5,13.0827,80.1707,245.32,42.73,False,,0.0,15.81,16.3,16.669585070251365,1.58249287053085,81.6,9.03,21.5,0.0,0.0,47.09,severe
11,330,10_5,10,5,13.0827,80.1707,261.12,36.24,False,,11.49,7.75,13.28,7.657270638694051,0.4823314222885115,94.4,9.03,21.5,0.0,0.0,45.49,severe
0,0,10_6,10,6,13.0827,80.1907,251.11,43.13,False,,46.78,21.62,21.29,19.80488593293922,2.586242827450607,69.9,7.39,20.2,0.0,0.0,0.0,safe
1,30,10_6,10,6,13.0827,80.1907,240.84,49.27,False,,65.15,35.25,29.79,36.85908234155193,2.894671099569977,66.3,7.39,20.2,0.0,16.659082341551933,1.9,low
2,60,10_6,10,6,13.0827,80.1907,236.67,48.86,False,,57.92,49.12,43.56,46.45913241838365,3.6946801525543216,57.0,7.39,20.2,0.0,26.259132418383654,5.81,moderate
3,90,10_6,10,6,13.0827,80.1907,222.66,53.63,False,,76.88,64.82,55.95,70.35773733696088,6.168969302221297,50.0,7.39,20.2,0.0,50.15773733696088,14.75,moderate
4,120,10_6,10,6,13.0827,80.1907,218.04,53.66,False,,48.74,79.7,68.3,76.91961917558214,2.972356828184382,65.4,7.39,20.2,0.0,56.71961917558214,25.06,high
5,150,10_6,10,6,13.0827,80.1907,214.15,54.79,False,,60.0,80.24,68.83,79.55126257283428,1.7754468464209603,79.3,7.39,20.2,0.0,59.35126257283427,35.92,severe
6,180,10_6,10,6,13.0827,80.1907,215.61,52.37,False,,39.0,75.75,71.75,74.0163824813071,2.8644922207374752,66.7,7.39,20.2,0.0,53.8163824813071,45.62,severe
7,210,10_6,10,6,13.0827,80.1907,227.04,52.85,False,,33.53,64.03,58.68,61.37544170448155,2.9498458657366493,65.7,7.39,20.2,0.0,41.17544170448156,52.67,severe
8,240,10_6,10,6,13.0827,80.1907,235.29,49.5,False,,19.88,47.71,44.42,47.27794647601097,2.094256593153083,75.6,7.39,20.2,0.0,27.07794647601097,56.76,severe
9,270,10_6,10,6,13.0827,80.1907,243.5,46.55,False,,17.17,33.67,33.46,33.2682897977868,1.161743270542302,86.5,7.39,20.2,0.0,13.0682897977868,57.9,severe
10,300,10_6,10,6,13.0827,80.1907,248.04,43.83,False,,14.01,19.4,16.3,20.292645399998197,1.356102933788317,84.2,7.39,20.2,0.0,0.09264539999819732,56.32,severe
11,330,10_6,10,6,13.0827,80.1907,257.51,39.69,False,,16.1,12.33,13.28,11.551045303162589,1.55190996090382,81.9,7.39,20.2,0.0,0.0,54.72,severe
0,0,10_7,10,7,13.0827,80.2107,245.22,42.09,False,,42.28,18.5,16.55,17.30117512768792,1.8758110775007344,78.2,5.27,18.9,0.0,0.0,0.0,safe
1,30,10_7,10,7,13.0827,80.2107,241.95,46.36,False,,57.93,31.02,24.0,30.98806705710594,2.09060694783649,75.7,5.27,18.9,0.0,12.088067057105942,0.94,low
2,60,10_7,10,7,13.0827,80.2107,240.49,49.45,False,,66.88,45.76,39.17,43.1374654160585,3.2131018073597746,62.6,5.27,18.9,0.0,24.237465416058498,4.43,low
3,90,10_7,10,7,13.0827,80.2107,228.3,51.09,False,,60.47,62.79,52.98,59.307108550699525,3.83211029144622,55.4,5.27,18.9,0.0,40.407108550699526,11.31,moderate
4,120,10_7,10,7,13.0827,80.2107,212.0,54.78,False,,74.22,77.64,69.92,77.7481184637316,2.831674513922329,67.1,5.27,18.9,0.0,58.8481184637316,22.07,high
5,150,10_7,10,7,13.0827,80.2107,215.75,53.13,False,,59.64,81.03,79.9,80.38715617483844,2.0797225201514804,75.8,5.27,18.9,0.0,61.48715617483844,33.38,severe
6,180,10_7,10,7,13.0827,80.2107,218.26,54.95,False,,42.85,80.19,81.92,81.34133583329456,2.1519305498819143,75.0,5.27,18.9,0.0,62.441335833294566,44.9,severe
7,210,10_7,10,7,13.0827,80.2107,222.24,52.23,False,,39.16,73.24,80.25,70.08981460970402,3.809069674509765,55.7,5.27,18.9,0.0,51.18981460970402,54.05,severe
8,240,10_7,10,7,13.0827,80.2107,232.17,51.38,False,,32.29,56.74,68.48,55.68517821003502,3.5783308930360747,58.4,5.27,18.9,0.0,36.78517821003502,60.17,severe
9,270,10_7,10,7,13.0827,80.2107,243.01,49.81,False,,28.88,40.04,53.36,40.7750480230338,2.227219777844719,74.1,5.27,18.9,0.0,21.8750480230338,63.17,severe
10,300,10_7,10,7,13.0827,80.2107,242.81,46.15,False,,6.84,28.26,31.67,28.050539479419,1.574373221446589,81.7,5.27,18.9,0.0,9.150539479419002,63.49,severe
11,330,10_7,10,7,13.0827,80.2107,247.64,41.64,False,,14.87,14.53,22.03,15.488178391835174,1.457684803290427,83.0,5.27,18.9,0.0,0.0,61.89,severe
0,0,10_8,10,8,13.0827,80.2307,254.82,41.73,False,,34.35,13.86,16.55,14.193869432610226,0.7035091835508727,91.8,2.52,17.6,0.40968972019824035,0.0,0.0,safe
1,30,10_8,10,8,13.0827,80.2307,251.31,45.12,False,,51.22,25.03,24.0,24.00412556437394,2.057072040196555,76.1,2.52,17.6,0.40968972019824035,6.404125564373938,0.0,safe
2,60,10_8,10,8,13.0827,80.2307,240.79,49.06,False,,81.24,41.63,39.17,40.68972650112825,2.869171431378597,66.6,2.52,17.6,0.40968972019824035,23.089726501128247,3.75,low
3,90,10_8,10,8,13.0827,80.2307,228.27,51.35,False,,68.54,56.66,52.98,56.77233208077636,3.155035039345443,63.3,2.52,17.6,0.40968972019824035,39.17233208077636,11.21,moderate
4,120,10_8,10,8,13.0827,80.2307,217.0,54.28,False,,57.81,75.94,69.92,76.30159462514243,1.9559735847149395,77.2,2.52,17.6,0.40968972019824035,58.70159462514243,23.2,high
5,150,10_8,10,8,13.0827,80.2307,215.79,53.35,False,,70.02,81.96,79.9,81.32800505244825,2.446023009274899,71.5,2.52,17.6,0.40968972019824035,63.728005052448246,36.36,severe
6,180,10_8,10,8,13.0827,80.2307,218.05,52.97,False,,40.43,85.3,81.92,82.72289359878948,4.161487335016023,51.6,2.52,17.6,0.40968972019824035,65.12289359878949,49.83,severe
7,210,10_8,10,8,13.0827,80.2307,214.33,51.59,False,,46.8,77.78,80.25,79.07560918563536,4.202074833889107,51.1,2.52,17.6,0.40968972019824035,61.475609185635356,62.47,severe
8,240,10_8,10,8,13.0827,80.2307,228.09,51.38,False,,30.01,59.37,68.48,57.91385631791308,3.740058787397347,56.5,2.52,17.6,0.40968972019824035,40.31385631791308,70.2,severe
9,270,10_8,10,8,13.0827,80.2307,236.45,49.84,False,,2.83,45.37,53.36,46.73620127304226,3.337371872855328,61.2,2.52,17.6,0.40968972019824035,29.13620127304226,75.34,severe
10,300,10_8,10,8,13.0827,80.2307,243.15,48.83,False,,6.69,33.83,31.67,34.99942996360787,4.682693271870136,50.0,2.52,17.6,0.40968972019824035,17.399429963607865,77.77,severe
11,330,10_8,10,8,13.0827,80.2307,245.45,42.69,False,,12.39,20.21,22.03,19.76402736718885,1.2083586695285002,85.9,2.52,17.6,0.40968972019824035,2.1640273671888473,76.67,severe
0,0,10_9,10,9,13.0827,80.2507,251.46,39.66,True,16.55,18.64,15.66,16.55,14.597088477025324,1.3865134741121403,83.9,0.76,16.3,0.9161228116257754,0.0,0.0,safe
1,30,10_9,10,9,13.0827,80.2507,246.1,45.88,True,24.0,67.83,23.51,24.0,24.144590442542555,2.665018459926233,69.0,0.76,16.3,0.9161228116257754,7.844590442542554,0.42,low
2,60,10_9,10,9,13.0827,80.2507,238.21,50.1,True,39.17,71.46,39.04,39.17,40.701281216871536,2.460796716964213,71.4,0.76,16.3,0.9161228116257754,24.401281216871535,5.12,moderate
3,90,10_9,10,9,13.0827,80.2507,227.66,51.25,True,52.98,68.44,51.49,52.98,54.5862622534676,3.364443132084347,60.9,0.76,16.3,0.9161228116257754,38.2862622534676,13.4,moderate
4,120,10_9,10,9,13.0827,80.2507,216.62,51.06,True,69.92,73.61,68.54,69.92,70.5362604541414,2.921228765158771,66.0,0.76,16.3,0.9161228116257754,54.2362604541414,25.8,high
5,150,10_9,10,9,13.0827,80.2507,220.29,53.4,True,79.9,74.26,79.38,79.9,77.89198668177342,3.115384345173715,63.8,0.76,16.3,0.9161228116257754,61.59198668177342,40.1,severe
6,180,10_9,10,9,13.0827,80.2507,210.44,54.3,True,81.92,77.31,84.14,81.92,82.02139718249754,3.2440805743644807,62.3,0.76,16.3,0.9161228116257754,65.72139718249754,55.46,severe
7,210,10_9,10,9,13.0827,80.2507,220.77,52.47,True,80.25,40.57,79.51,80.25,75.89752673359338,4.267598755416709,50.3,0.76,16.3,0.9161228116257754,59.597526733593384,69.24,severe
8,240,10_9,10,9,13.0827,80.2507,223.58,52.41,True,68.48,32.03,67.54,68.48,65.8144409977092,2.317720443957404,73.0,0.76,16.3,0.9161228116257754,49.5144409977092,80.42,severe
9,270,10_9,10,9,13.0827,80.2507,236.74,49.85,True,53.36,18.24,52.64,53.36,49.085964519622856,3.95269044449494,54.0,0.76,16.3,0.9161228116257754,32.78596451962285,87.28,severe
10,300,10_9,10,9,13.0827,80.2507,237.11,47.07,True,31.67,4.17,33.85,31.67,34.321054164975095,3.126781392876372,63.6,0.76,16.3,0.9161228116257754,18.021054164975094,90.34,severe
11,330,10_9,10,9,13.0827,80.2507,246.74,43.81,True,22.03,11.11,22.3,22.03,21.303797268098428,1.5998458366807051,81.4,0.76,16.3,0.9161228116257754,5.0037972680984275,90.03,severe
0,0,10_10,10,10,13.0827,80.2707,258.47,40.8,True,12.1,27.64,12.46,12.1,12.436746526688784,0.9820975386847806,88.6,0.5,15.0,1.1537764752752349,0.0,0.0,safe
1,30,10_10,10,10,13.0827,80.2707,245.61,43.24,True,19.37,34.59,18.34,19.37,19.337255957748667,1.698152129724367,80.2,0.5,15.0,1.1537764752752349,4.337255957748667,0.0,safe
2,60,10_10,10,10,13.0827,80.2707,242.26,48.53,True,34.95,60.74,34.18,34.95,35.43877074654438,3.6989965643680622,57.0,0.5,15.0,1.1537764752752349,20.438770746544378,3.93,low
3,90,10_10,10,10,13.0827,80.2707,239.49,50.31,True,44.17,64.04,44.2,44.17,43.77492249129397,2.0832233316558035,75.8,0.5,15.0,1.1537764752752349,28.77492249129397,10.12,moderate
4,120,10_10,10,10,13.0827,80.2707,232.09,52.36,True,65.41,68.91,64.14,65.41,60.729693725082896,4.853268902190653,50.0,0.5,15.0,1.1537764752752349,45.729693725082896,20.89,high
5,150,10_10,10,10,13.0827,80.2707,212.14,50.31,True,74.32,75.1,74.65,74.32,74.50956254402672,3.3422634736139973,61.1,0.5,15.0,1.1537764752752349,59.50956254402672,35.39,severe
6,180,10_10,10,10,13.0827,80.2707,216.71,53.51,True,80.68,65.73,79.26,80.68,80.98197833323593,2.238379447425843,74.0,0.5,15.0,1.1537764752752349,65.98197833323593,51.64,severe
7,210,10_10,10,10,13.0827,80.2707,213.67,53.89,True,81.48,52.24,80.18,81.48,81.93690664330846,1.9968731974360243,76.8,0.5,15.0,1.1537764752752349,66.93690664330846,68.16,severe
8,240,10_10,10,10,13.0827,80.2707,221.01,53.8,True,70.38,19.83,69.08,70.38,70.9248838692342,3.7911492751944382,55.9,0.5,15.0,1.1537764752752349,55.92488386923419,81.69,severe
9,270,10_10,10,10,13.0827,80.2707,225.53,51.9,True,56.59,28.4,56.3,56.59,63.023370531462334,3.296915359512523,61.6,0.5,15.0,1.1537764752752349,48.023370531462334,93.08,severe
10,300,10_10,10,10,13.0827,80.2707,242.16,48.99,True,42.17,19.3,42.24,42.17,40.11468706697352,3.809565968899289,55.7,0.5,15.0,1.1537764752752349,25.114687066973516,98.28,severe
11,330,10_10,10,10,13.0827,80.2707,247.78,45.74,True,23.77,20.55,22.99,23.77,23.796126705406195,3.1487593238275866,63.4,0.5,15.0,1.1537764752752349,8.796126705406195,99.06,severe
0,0,10_11,10,11,13.0827,80.2907,258.33,36.57,False,,20.65,6.92,12.1,6.992110103374583,0.8116531333963123,90.6,2.96,16.3,0.06102595354316653,0.0,0.0,safe
1,30,10_11,10,11,13.0827,80.2907,249.18,40.93,False,,27.79,14.4,19.37,15.119929916635668,1.310858429934614,84.7,2.96,16.3,0.06102595354316653,0.0,0.0,safe
2,60,10_11,10,11,13.0827,80.2907,245.69,46.11,False,,37.68,23.32,34.95,25.115379025435267,2.878106432321992,66.5,2.96,16.3,0.06102595354316653,8.815379025435266,0.28,low
3,90,10_11,10,11,13.0827,80.2907,240.79,48.1,False,,57.81,39.08,44.17,38.6727373578297,1.8855833156390207,78.1,2.96,16.3,0.06102595354316653,22.372737357829703,3.45,low
4,120,10_11,10,11,13.0827,80.2907,232.29,50.79,False,,67.45,54.79,65.41,54.28324406238156,2.574387855595027,70.0,2.96,16.3,0.06102595354316653,37.98324406238156,9.95,moderate
5,150,10_11,10,11,13.0827,80.2907,218.91,53.23,False,,81.6,68.15,74.32,73.77987597630936,4.084331417821724,52.5,2.96,16.3,0.06102595354316653,57.47987597630936,20.6,high
6,180,10_11,10,11,13.0827,80.2907,217.17,51.59,False,,65.66,74.08,80.68,74.92634672270322,2.700289956871284,68.6,2.96,16.3,0.06102595354316653,58.62634672270322,31.5,severe
7,210,10_11,10,11,13.0827,80.2907,218.34,52.42,False,,41.89,78.81,81.48,77.12333725386789,4.570272085101939,50.0,2.96,16.3,0.06102595354316653,60.82333725386789,42.87,severe
8,240,10_11,10,11,13.0827,80.2907,215.23,53.08,False,,46.66,71.83,70.38,74.65360181077364,2.996736181771806,65.1,2.96,16.3,0.06102595354316653,58.35360181077364,53.71,severe
9,270,10_11,10,11,13.0827,80.2907,223.85,51.68,False,,26.96,60.07,56.59,62.64002209339001,3.128720685304578,63.6,2.96,16.3,0.06102595354316653,46.340022093390004,61.99,severe
10,300,10_11,10,11,13.0827,80.2907,230.38,50.5,False,,21.61,49.26,42.17,50.115585652714735,2.28226504683115,73.4,2.96,16.3,0.06102595354316653,33.81558565271473,67.6,severe
11,330,10_11,10,11,13.0827,80.2907,235.86,47.92,False,,22.42,31.85,23.77,33.49195539783177,3.356837437796014,60.9,2.96,16.3,0.06102595354316653,17.191955397831766,69.67,severe
0,0,10_12,10,12,13.0827,80.3107,249.93,38.21,False,,29.46,9.6,4.25,9.26971139560822,0.9505913018157712,88.9,5.66,17.6,0.0,0.0,0.0,safe
1,30,10_12,10,12,13.0827,80.3107,248.15,40.66,False,,43.61,12.94,11.67,13.923744884972862,1.8205228009972385,78.8,5.66,17.6,0.0,0.0,0.0,safe
2,60,10_12,10,12,13.0827,80.3107,251.27,43.61,False,,43.33,22.17,18.08,19.734168823832853,2.819966882889663,67.2,5.66,17.6,0.0,2.1341688238328516,0.0,safe
3,90,10_12,10,12,13.0827,80.3107,246.92,46.12,False,,55.5,31.16,27.29,27.05854349402318,2.861637727216947,66.7,5.66,17.6,0.0,9.458543494023179,0.39,low
4,120,10_12,10,12,13.0827,80.3107,231.2,49.96,False,,64.19,46.77,41.82,50.37702793623964,2.13188611953152,75.2,5.66,17.6,0.0,32.77702793623964,5.67,moderate
5,150,10_12,10,12,13.0827,80.3107,227.74,51.76,False,,78.0,58.78,58.88,59.880432868656456,3.303308613186056,61.6,5.66,17.6,0.0,42.280432868656455,12.95,moderate
6,180,10_12,10,12,13.0827,80.3107,219.62,52.42,False,,54.81,71.6,69.46,72.07123976806577,2.7121090028614376,68.4,5.66,17.6,0.0,54.471239768065765,22.79,high
7,210,10_12,10,12,13.0827,80.3107,216.08,53.26,False,,59.55,74.39,74.97,76.69309826011458,2.2040026276178297,74.4,5.66,17.6,0.0,59.09309826011458,33.6,severe
8,240,10_12,10,12,13.0827,80.3107,225.1,51.04,False,,48.48,69.99,77.91,67.51757611111097,4.572816613389549,50.0,5.66,17.6,0.0,49.91757611111097,42.48,severe
9,270,10_12,10,12,13.0827,80.3107,222.69,50.85,False,,33.8,59.62,66.21,60.82661896620526,2.599538209732692,69.8,5.66,17.6,0.0,43.22661896620526,49.96,severe
10,300,10_12,10,12,13.0827,80.3107,235.81,49.42,False,,38.13,47.19,54.07,48.08577653984639,2.28656425135743,73.4,5.66,17.6,0.0,30.48577653984639,54.76,severe
11,330,10_12,10,12,13.0827,80.3107,245.73,46.99,False,,0.88,31.62,40.49,31.490484191575295,2.0770168748261844,75.8,5.66,17.6,0.0,13.890484191575293,56.08,severe
0,0,10_13,10,13,13.0827,80.3307,261.32,26.76,False,,16.65,2.79,5.72,2.443574177766683,0.5136287673559409,94.0,7.66,18.9,0.050361649055740365,0.0,0.0,safe
1,30,10_13,10,13,13.0827,80.3307,250.53,39.26,False,,27.4,8.79,7.81,10.124588049928764,1.76297377344196,79.5,7.66,18.9,0.050361649055740365,0.0,0.0,safe
2,60,10_13,10,13,13.0827,80.3307,252.33,41.81,False,,36.48,15.56,15.93,15.669886153268727,0.9072408584900788,89.4,7.66,18.9,0.050361649055740365,0.0,0.0,safe
3,90,10_13,10,13,13.0827,80.3307,246.38,45.68,False,,42.92,24.14,28.49,24.443861160043188,2.243995638468712,73.9,7.66,18.9,0.050361649055740365,5.543861160043189,0.0,safe
4,120,10_13,10,13,13.0827,80.3307,241.35,50.27,False,,55.13,36.15,41.36,41.45723169466606,3.93195527615016,54.3,7.66,18.9,0.050361649055740365,22.557231694666065,3.2,low
5,150,10_13,10,13,13.0827,80.3307,228.05,51.09,False,,72.63,51.2,49.93,54.23745558669213,3.7653034532114593,56.2,7.66,18.9,0.050361649055740365,35.33745558669213,9.11,moderate
6,180,10_13,10,13,13.0827,80.3307,226.87,50.98,False,,60.62,60.92,61.35,59.72579233388163,2.35182375038942,72.6,7.66,18.9,0.050361649055740365,40.82579233388163,16.19,high
7,210,10_13,10,13,13.0827,80.3307,222.78,51.94,False,,51.48,66.87,64.16,66.75934969442297,2.9079861786750256,66.2,7.66,18.9,0.050361649055740365,47.85934969442297,24.77,high
8,240,10_13,10,13,13.0827,80.3307,220.34,53.7,False,,32.96,66.94,59.65,68.00996316845354,2.4216285166470737,71.8,7.66,18.9,0.050361649055740365,49.10996316845354,33.61,severe
9,270,10_13,10,13,13.0827,80.3307,227.56,51.49,False,,34.23,58.62,50.61,57.5714620322889,2.3666925901373386,72.5,7.66,18.9,0.050361649055740365,38.6714620322889,40.24,severe
10,300,10_13,10,13,13.0827,80.3307,238.0,48.66,False,,21.71,44.92,36.34,42.398628337317085,3.109401008707028,63.8,7.66,18.9,0.050361649055740365,23.498628337317086,43.63,severe
11,330,10_13,10,13,13.0827,80.3307,240.88,46.86,False,,22.78,33.3,25.72,32.08979511599549,2.185941170960682,74.6,7.66,18.9,0.050361649055740365,13.189795115995494,44.84,severe
0,0,10_14,10,14,13.0827,80.3507,259.46,30.38,False,,14.53,2.63,5.72,3.0719636666582666,0.3530324034720283,95.9,9.78,20.2,0.0,0.0,0.0,safe
1,30,10_14,10,14,13.0827,80.3507,253.22,31.68,False,,19.64,3.6,7.81,3.7612840349415055,0.4732733805161079,94.5,9.78,20.2,0.0,0.0,0.0,safe
2,60,10_14,10,14,13.0827,80.3507,257.68,41.63,False,,19.68,12.67,15.93,13.227197091676295,1.1437854529843796,86.7,9.78,20.2,0.0,0.0,0.0,safe
3,90,10_14,10,14,13.0827,80.3507,248.1,44.42,False,,36.21,17.45,28.49,19.764099346154527,2.7774141272669177,67.7,9.78,20.2,0.0,0.0,0.0,safe
4,120,10_14,10,14,13.0827,80.3507,248.47,46.0,False,,43.57,31.45,41.36,29.88752749586865,2.8433349912394834,66.9,9.78,20.2,0.0,9.68752749586865,0.43,low
5,150,10_14,10,14,13.0827,80.3507,239.95,49.13,False,,41.22,40.2,49.93,41.49317855069005,1.9619908862447888,77.2,9.78,20.2,0.0,21.293178550690048,3.31,low
6,180,10_14,10,14,13.0827,80.3507,229.86,51.0,False,,47.46,51.47,61.35,54.02465072234353,2.934920634710943,65.9,9.78,20.2,0.0,33.824650722343534,8.81,moderate
7,210,10_14,10,14,13.0827,80.3507,231.42,51.93,False,,57.87,57.55,64.16,56.68036747033303,3.823020361539571,55.5,9.78,20.2,0.0,36.480367470333036,14.87,moderate
8,240,10_14,10,14,13.0827,80.3507,229.12,50.71,False,,49.57,60.09,59.65,55.46103248518573,3.069077158942099,64.3,9.78,20.2,0.0,35.26103248518574,20.67,high
9,270,10_14,10,14,13.0827,80.3507,227.04,50.67,False,,18.4,54.11,50.61,54.875299025468045,3.221280723959253,62.5,9.78,20.2,0.0,34.67529902546805,26.36,high
10,300,10_14,10,14,13.0827,80.3507,233.12,49.55,False,,20.78,45.06,36.34,46.18107587712756,3.0525354962474966,64.5,9.78,20.2,0.0,25.981075877127562,30.21,severe
11,330,10_14,10,14,13.0827,80.3507,236.97,49.29,False,,20.01,36.4,25.72,39.03231846267458,4.0336296696463405,53.1,9.78,20.2,0.0,18.832318462674582,32.57,severe
0,0,10_15,10,15,13.0827,80.3707,259.46,24.31,False,,1.59,1.25,5.72,1.2788309097277415,0.1174614129548533,98.6,10.25,21.5,0.5779437149851123,0.0,0.0,safe
1,30,10_15,10,15,13.0827,80.3707,255.68,34.56,False,,10.87,6.41,7.81,5.962024849205419,0.6886798856146935,92.0,10.25,21.5,0.5779437149851123,0.0,0.0,safe
2,60,10_15,10,15,13.0827,80.3707,251.63,37.91,False,,23.66,8.48,15.93,9.154606834154007,0.8413845154915314,90.2,10.25,21.5,0.5779437149851123,0.0,0.0,safe
3,90,10_15,10,15,13.0827,80.3707,254.99,40.01,False,,27.44,13.13,28.49,12.434092332826795,1.2032156079875402,86.0,10.25,21.5,0.5779437149851123,0.0,0.0,safe
4,120,10_15,10,15,13.0827,80.3707,244.88,42.76,False,,22.3,21.36,41.36,20.847063377382423,1.048411454646826,87.8,10.25,21.5,0.5779437149851123,0.0,0.0,safe
5,150,10_15,10,15,13.0827,80.3707,238.81,48.71,False,,45.16,33.24,49.93,37.16029774840553,4.1794378170559146,51.4,10.25,21.5,0.5779437149851123,15.660297748405533,2.16,low
6,180,10_15,10,15,13.0827,80.3707,235.56,48.8,False,,45.39,44.4,61.35,45.26039854480506,2.068466103183924,75.9,10.25,21.5,0.5779437149851123,23.760398544805057,6.27,moderate
7,210,10_15,10,15,13.0827,80.3707,236.65,50.48,False,,48.09,47.87,64.16,48.717439643672485,3.86670273104586,55.0,10.25,21.5,0.5779437149851123,27.217439643672485,11.22,moderate
8,240,10_15,10,15,13.0827,80.3707,237.26,49.58,False,,48.05,51.08,59.65,48.23420332293583,2.981120955979489,65.3,10.25,21.5,0.5779437149851123,26.734203322935826,16.04,high
9,270,10_15,10,15,13.0827,80.3707,232.61,48.9,False,,36.16,51.01,50.61,49.55814658073347,3.014030448225792,64.9,10.25,21.5,0.5779437149851123,28.05814658073347,21.18,high
10,300,10_15,10,15,13.0827,80.3707,236.98,49.74,False,,20.88,45.87,36.34,44.2844548804646,2.614788227917575,69.6,10.25,21.5,0.5779437149851123,22.7844548804646,25.06,high
11,330,10_15,10,15,13.0827,80.3707,240.88,47.43,False,,12.75,34.49,25.72,33.98821727911677,1.9805658610300927,77.0,10.25,21.5,0.5779437149851123,12.488217279116768,26.46,high
0,0,10_16,10,16,13.0827,80.3907,260.83,-9.07,False,,0.0,0.0,5.72,0.0,0.0,99.0,11.13,22.8,0.13869603811191134,0.0,0.0,safe
1,30,10_16,10,16,13.0827,80.3907,259.24,23.0,False,,0.07,1.42,7.81,1.2972711321278882,0.171022836390927,98.0,11.13,22.8,0.13869603811191134,0.0,0.0,safe
2,60,10_16,10,16,13.0827,80.3907,255.74,34.8,False,,13.57,4.47,15.93,5.195486924747431,0.833484457188404,90.3,11.13,22.8,0.13869603811191134,0.0,0.0,safe
3,90,10_16,10,16,13.0827,80.3907,256.73,38.88,False,,30.92,10.8,28.49,10.616685734256109,1.1090868585940836,87.1,11.13,22.8,0.13869603811191134,0.0,0.0,safe
4,120,10_16,10,16,13.0827,80.3907,251.18,39.89,False,,27.95,13.55,41.36,13.867666416897864,1.3949793927789382,83.8,11.13,22.8,0.13869603811191134,0.0,0.0,safe
5,150,10_16,10,16,13.0827,80.3907,247.03,46.92,False,,35.1,26.8,49.93,28.96868549019613,3.621546053294184,57.9,11.13,22.8,0.13869603811191134,6.168685490196129,0.0,safe
6,180,10_16,10,16,13.0827,80.3907,238.79,46.96,False,,38.84,32.51,61.35,33.82423813311345,2.54075699013346,70.4,11.13,22.8,0.13869603811191134,11.024238133113446,0.8,low
7,210,10_16,10,16,13.0827,80.3907,237.4,48.41,False,,44.78,41.26,64.16,41.9220398113116,2.706109818822782,68.5,11.13,22.8,0.13869603811191134,19.1220398113116,3.35,low
8,240,10_16,10,16,13.0827,80.3907,234.81,51.28,False,,32.47,46.94,59.65,51.31784049483404,4.468810811252681,50.0,11.13,22.8,0.13869603811191134,28.517840494834036,7.95,moderate
9,270,10_16,10,16,13.0827,80.3907,237.45,49.86,False,,29.28,46.37,50.61,46.41925162963302,2.280329663749047,73.5,11.13,22.8,0.13869603811191134,23.619251629633016,11.48,moderate
10,300,10_16,10,16,13.0827,80.3907,230.24,48.83,False,,29.33,40.9,36.34,44.09658425770886,4.876041752000116,50.0,11.13,22.8,0.13869603811191134,21.29658425770886,14.51,moderate
11,330,10_16,10,16,13.0827,80.3907,243.66,46.74,False,,13.36,30.64,25.72,29.74414897426333,1.478712158225531,82.8,11.13,22.8,0.13869603811191134,6.944148974263328,14.41,moderate
0,0,10_17,10,17,13.0827,80.4107,257.28,24.89,False,,3.88,1.68,3.81,1.573492485849063,0.1570079551037405,98.2,12.27,24.1,0.0,0.0,0.0,safe
1,30,10_17,10,17,13.0827,80.4107,258.46,25.93,False,,7.45,1.53,1.41,1.5754653897319408,0.096042177167592,98.9,12.27,24.1,0.0,0.0,0.0,safe
2,60,10_17,10,17,13.0827,80.4107,256.87,33.94,False,,11.11,4.81,4.07,4.848687942377139,0.3216422166753637,96.3,12.27,24.1,0.0,0.0,0.0,safe
3,90,10_17,10,17,13.0827,80.4107,256.16,31.48,False,,19.04,3.61,5.46,3.5567688494182583,0.4065109927328044,95.3,12.27,24.1,0.0,0.0,0.0,safe
4,120,10_17,10,17,13.0827,80.4107,258.62,41.26,False,,37.68,11.27,5.95,11.464039904595266,1.2498331459792666,85.5,12.27,24.1,0.0,0.0,0.0,safe
5,150,10_17,10,17,13.0827,80.4107,247.46,42.67,False,,22.34,18.06,11.85,18.438030113675897,1.3385047270603632,84.4,12.27,24.1,0.0,0.0,0.0,safe
6,180,10_17,10,17,13.0827,80.4107,250.84,45.38,False,,34.43,26.9,15.4,25.27163574781192,1.9210747812082607,77.6,12.27,24.1,0.0,1.1716357478119193,0.0,safe
7,210,10_17,10,17,13.0827,80.4107,243.51,48.65,False,,45.58,33.45,20.85,34.479783397336334,3.2344574010985725,62.4,12.27,24.1,0.0,10.379783397336332,0.58,low
8,240,10_17,10,17,13.0827,80.4107,239.02,46.6,False,,32.41,36.98,21.86,34.08948570872585,3.888023334189589,54.8,12.27,24.1,0.0,9.989485708725852,1.08,low
9,270,10_17,10,17,13.0827,80.4107,237.67,48.12,False,,47.53,39.83,22.14,37.76021252582432,3.2233168512988706,62.5,12.27,24.1,0.0,13.66021252582432,2.35,low
10,300,10_17,10,17,13.0827,80.4107,241.86,47.3,False,,28.3,34.91,13.53,33.26976437067748,2.562687621033194,70.2,12.27,24.1,0.0,9.169764370677477,2.67,low
11,330,10_17,10,17,13.0827,80.4107,244.36,45.51,False,,18.81,29.4,10.81,27.862078534629543,2.6910926957783,68.7,12.27,24.1,0.0,3.7620785346295413,1.86,low
0,0,10_18,10,18,13.0827,80.4307,256.29,28.26,False,,18.31,1.71,3.81,1.9348219778671885,0.2631489502471472,96.9,13.07,25.4,0.2072310819913934,0.0,0.0,safe
1,30,10_18,10,18,13.0827,80.4307,260.72,22.5,False,,16.57,1.03,1.41,1.0049731932682595,0.081610528887244,99.0,13.07,25.4,0.2072310819913934,0.0,0.0,safe
2,60,10_18,10,18,13.0827,80.4307,261.31,27.86,False,,10.23,1.74,4.07,1.9678549808821757,0.2860260728578614,96.7,13.07,25.4,0.2072310819913934,0.0,0.0,safe
3,90,10_18,10,18,13.0827,80.4307,249.94,34.83,False,,22.61,6.36,5.46,6.300349352229346,0.5244810173499699,93.9,13.07,25.4,0.2072310819913934,0.0,0.0,safe
4,120,10_18,10,18,13.0827,80.4307,253.3,37.14,False,,21.25,8.63,5.95,7.914886793210865,0.6859897289303263,92.0,13.07,25.4,0.2072310819913934,0.0,0.0,safe
5,150,10_18,10,18,13.0827,80.4307,254.03,41.58,False,,19.74,12.36,11.85,13.335922934121893,1.4334453548119588,83.3,13.07,25.4,0.2072310819913934,0.0,0.0,safe
6,180,10_18,10,18,13.0827,80.4307,249.41,45.8,False,,47.78,24.45,15.4,24.577689399304816,1.8206790579141443,78.8,13.07,25.4,0.2072310819913934,0.0,0.0,safe
7,210,10_18,10,18,13.0827,80.4307,241.77,45.19,False,,30.39,26.81,20.85,28.017624496097856,3.475095713599172,59.6,13.07,25.4,0.2072310819913934,2.617624496097857,0.0,safe
8,240,10_18,10,18,13.0827,80.4307,236.44,46.95,False,,16.58,29.74,21.86,31.23423535309488,2.962790787932113,65.5,13.07,25.4,0.2072310819913934,5.834235353094883,0.0,safe
9,270,10_18,10,18,13.0827,80.4307,241.81,45.51,False,,24.37,32.13,22.14,30.224184744687,2.5005724778446674,70.9,13.07,25.4,0.2072310819913934,4.8241847446870025,0.0,safe
10,300,10_18,10,18,13.0827,80.4307,242.47,47.3,False,,32.72,30.46,13.53,30.56713830393036,2.573290767930275,70.1,13.07,25.4,0.2072310819913934,5.167138303930361,0.0,safe
11,330,10_18,10,18,13.0827,80.4307,246.48,46.93,False,,21.81,27.66,10.81,27.29177590917829,1.744488309002703,79.7,13.07,25.4,0.2072310819913934,1.8917759091782926,0.0,safe
0,0,10_19,10,19,13.0827,80.4507,258.22,-9.5,False,,12.88,0.0,3.81,0.0,0.0,99.0,14.28,26.7,0.0,0.0,0.0,safe
1,30,10_19,10,19,13.0827,80.4507,263.82,20.6,False,,2.01,0.87,1.41,0.8166131372426598,0.0819636417769866,99.0,14.28,26.7,0.0,0.0,0.0,safe
2,60,10_19,10,19,13.0827,80.4507,257.36,-10.45,False,,0.0,0.0,4.07,0.0,0.0,99.0,14.28,26.7,0.0,0.0,0.0,safe
3,90,10_19,10,19,13.0827,80.4507,262.22,18.69,False,,20.86,0.54,5.46,0.5458756284651022,0.0692959228180853,99.0,14.28,26.7,0.0,0.0,0.0,safe
4,120,10_19,10,19,13.0827,80.4507,254.74,34.85,False,,23.66,6.58,5.95,6.300839803921852,0.4600684689411123,94.6,14.28,26.7,0.0,0.0,0.0,safe
5,150,10_19,10,19,13.0827,80.4507,253.35,38.29,False,,18.36,9.43,11.85,9.614501599780333,0.5812439622840067,93.2,14.28,26.7,0.0,0.0,0.0,safe
6,180,10_19,10,19,13.0827,80.4507,250.02,40.47,False,,14.01,12.04,15.4,14.347779159589049,1.3320655144566098,84.5,14.28,26.7,0.0,0.0,0.0,safe
7,210,10_19,10,19,13.0827,80.4507,247.98,44.45,False,,26.21,20.18,20.85,20.50860858509222,1.3714814227151504,84.0,14.28,26.7,0.0,0.0,0.0,safe
8,240,10_19,10,19,13.0827,80.4507,240.44,46.6,False,,26.04,24.74,21.86,27.09956288178161,3.5928320223839085,58.2,14.28,26.7,0.0,0.39956288178160904,0.0,safe
9,270,10_19,10,19,13.0827,80.4507,248.72,46.86,False,,14.49,27.71,22.14,27.08523167894022,1.88408393615206,78.1,14.28,26.7,0.0,0.38523167894022237,0.0,safe
10,300,10_19,10,19,13.0827,80.4507,245.24,45.14,False,,17.81,25.2,13.53,24.44997995463457,2.0507891061449284,76.1,14.28,26.7,0.0,0.0,0.0,safe
11,330,10_19,10,19,13.0827,80.4507,248.67,45.9,False,,21.68,20.11,10.81,21.900670969589004,3.026911615253623,64.8,14.28,26.7,0.0,0.0,0.0,safe
0,0,11_0,11,0,13.1027,80.0707,250.2,46.04,False,,24.49,21.5,38.01,28.048613769216896,2.997994645251337,65.1,13.17,28.06,0.0,0.0,0.0,safe
1,30,11_0,11,0,13.1027,80.0707,248.24,46.1,False,,36.81,29.13,47.15,28.64989268954905,2.225136874826016,74.1,13.17,28.06,0.0,0.5898926895490497,0.0,safe
2,60,11_0,11,0,13.1027,80.0707,244.51,48.08,False,,35.6,33.79,53.63,33.04535172181647,4.475656139476329,50.0,13.17,28.06,0.0,4.985351721816475,0.0,safe
3,90,11_0,11,0,13.1027,80.0707,245.61,46.27,False,,38.01,33.46,57.65,30.15769630976121,3.174983167018287,63.1,13.17,28.06,0.0,2.0976963097612114,0.0,safe
4,120,11_0,11,0,13.1027,80.0707,242.14,46.92,False,,12.5,32.95,48.04,32.96206208250291,2.1147991197172464,75.4,13.17,28.06,0.0,4.902062082502912,0.0,safe
5,150,11_0,11,0,13.1027,80.0707,246.21,45.34,False,,27.24,31.77,40.57,30.013999692938288,2.7725487471566157,67.7,13.17,28.06,0.0,1.9539996929382895,0.0,safe
6,180,11_0,11,0,13.1027,80.0707,249.18,43.48,False,,22.16,21.68,28.6,21.12799918100256,2.072452837443153,75.9,13.17,28.06,0.0,0.0,0.0,safe
7,210,11_0,11,0,13.1027,80.0707,249.0,42.72,False,,9.34,18.26,23.72,18.60419218453709,1.0879494381813806,87.3,13.17,28.06,0.0,0.0,0.0,safe
8,240,11_0,11,0,13.1027,80.0707,248.5,40.0,False,,21.78,13.03,9.07,12.819048759210787,0.8681119361664846,89.9,13.17,28.06,0.0,0.0,0.0,safe
9,270,11_0,11,0,13.1027,80.0707,256.14,32.82,False,,14.76,4.8,4.87,4.584468042291526,0.4111330101641784,95.2,13.17,28.06,0.0,0.0,0.0,safe
10,300,11_0,11,0,13.1027,80.0707,260.35,22.52,False,,18.58,0.91,3.69,0.9581876345318616,0.0976779665434837,98.9,13.17,28.06,0.0,0.0,0.0,safe
11,330,11_0,11,0,13.1027,80.0707,258.32,23.35,False,,22.44,1.18,0.88,1.1245624850453744,0.1036475706817683,98.8,13.17,28.06,0.0,0.0,0.0,safe
0,0,11_1,11,1,13.1027,80.0907,243.68,44.57,False,,36.15,22.49,38.01,23.819566466311382,2.4594117649972818,71.4,12.9,26.77,0.0,0.0,0.0,safe
1,30,11_1,11,1,13.1027,80.0907,246.53,49.45,False,,33.44,30.24,47.15,39.09477748214741,3.901647962020296,54.6,12.9,26.77,0.0,12.324777482147407,0.99,low
2,60,11_1,11,1,13.1027,80.0907,244.92,49.22,False,,37.31,37.61,53.63,38.189675484276016,2.8554109584764378,66.8,12.9,26.77,0.0,11.419675484276016,1.79,low
3,90,11_1,11,1,13.1027,80.0907,240.46,49.48,False,,32.45,42.43,57.65,42.34703691716198,2.086795142001244,75.7,12.9,26.77,0.0,15.57703691716198,3.46,low
4,120,11_1,11,1,13.1027,80.0907,238.23,50.28,False,,23.25,42.81,48.04,43.03864288128373,1.8286402332681695,78.7,12.9,26.77,0.0,16.26864288128373,5.27,moderate
5,150,11_1,11,1,13.1027,80.0907,238.51,49.18,False,,16.99,39.02,40.57,40.2277492594712,2.1759033301560056,74.7,12.9,26.77,0.0,13.457749259471203,6.5,moderate
6,180,11_1,11,1,13.1027,80.0907,241.87,47.02,False,,20.16,30.84,28.6,30.53016680047056,1.8339558320526463,78.7,12.9,26.77,0.0,3.760166800470561,5.69,moderate
7,210,11_1,11,1,13.1027,80.0907,247.49,47.02,False,,16.69,23.42,23.72,25.56775890598218,2.7217524327157085,68.3,12.9,26.77,0.0,0.0,4.09,low
8,240,11_1,11,1,13.1027,80.0907,249.93,40.53,False,,9.45,14.18,9.07,13.116418597967142,1.1130351718611595,87.1,12.9,26.77,0.0,0.0,2.49,low
9,270,11_1,11,1,13.1027,80.0907,260.24,37.07,False,,9.33,7.85,4.87,7.35642032312634,0.5997157493267429,93.0,12.9,26.77,0.0,0.0,0.89,low
10,300,11_1,11,1,13.1027,80.0907,255.06,36.91,False,,0.0,7.7,3.69,7.541780890956989,0.6255679977675126,92.7,12.9,26.77,0.0,0.0,0.0,safe
11,330,11_1,11,1,13.1027,80.0907,260.17,30.06,False,,0.0,2.51,0.88,2.734643526551062,0.4572221174202065,94.7,12.9,26.77,0.0,0.0,0.0,safe
0,0,11_2,11,2,13.1027,80.1107,246.66,45.9,False,,34.5,22.13,25.48,22.94332813624992,1.2743279837059431,85.2,11.21,25.48,0.2544694835102579,0.0,0.0,safe
1,30,11_2,11,2,13.1027,80.1107,246.68,47.91,False,,26.76,31.59,28.69,31.924824607407096,2.3805051826100363,72.3,11.21,25.48,0.2544694835102579,6.444824607407096,0.0,safe
2,60,11_2,11,2,13.1027,80.1107,233.18,48.2,False,,42.44,42.74,43.81,43.38926030591987,3.1866797230375083,62.9,11.21,25.48,0.2544694835102579,17.90926030591987,2.4,low
3,90,11_2,11,2,13.1027,80.1107,233.67,48.85,False,,43.04,49.36,54.97,48.50533527338513,2.156373952540686,74.9,11.21,25.48,0.2544694835102579,23.025335273385128,5.94,moderate
4,120,11_2,11,2,13.1027,80.1107,232.07,50.94,False,,39.19,51.37,57.58,53.3794441808849,2.202434065002305,74.4,11.21,25.48,0.2544694835102579,27.899444180884903,10.57,moderate
5,150,11_2,11,2,13.1027,80.1107,228.91,49.77,False,,24.47,47.27,54.75,50.46700710154425,4.32579255312476,50.0,11.21,25.48,0.2544694835102579,24.987007101544247,14.56,moderate
6,180,11_2,11,2,13.1027,80.1107,234.81,49.84,False,,29.28,43.51,51.39,48.20150002933342,3.1360231375480545,63.5,11.21,25.48,0.2544694835102579,22.721500029333416,18.03,high
7,210,11_2,11,2,13.1027,80.1107,242.56,45.44,False,,21.91,28.9,41.36,29.668926160767384,3.0274233905110286,64.8,11.21,25.48,0.2544694835102579,4.188926160767384,17.37,high
8,240,11_2,11,2,13.1027,80.1107,243.03,45.6,False,,0.0,25.1,25.69,26.37675944706963,1.870330113546399,78.2,11.21,25.48,0.2544694835102579,0.8967594470696305,15.97,high
9,270,11_2,11,2,13.1027,80.1107,254.56,42.1,False,,11.55,14.27,16.73,14.311613474840106,1.0033366529281056,88.3,11.21,25.48,0.2544694835102579,0.0,14.37,moderate
10,300,11_2,11,2,13.1027,80.1107,257.38,36.13,False,,3.41,7.7,9.97,7.435554671628851,0.6870466229874767,92.0,11.21,25.48,0.2544694835102579,0.0,12.77,moderate
11,330,11_2,11,2,13.1027,80.1107,261.29,35.71,False,,19.5,5.85,7.07,6.128925748300138,0.5681836026558185,93.4,11.21,25.48,0.2544694835102579,0.0,11.17,moderate
0,0,11_3,11,3,13.1027,80.1307,247.87,44.06,True,25.48,37.18,24.54,25.48,23.126848170638187,1.9904437609598065,76.8,10.31,24.19,0.0,0.0,0.0,safe
1,30,11_3,11,3,13.1027,80.1307,245.65,47.3,True,28.69,49.23,29.62,28.69,29.62069180471026,1.7516694680520288,79.6,10.31,24.19,0.0,5.430691804710257,0.0,safe
2,60,11_3,11,3,13.1027,80.1307,233.09,50.65,True,43.81,37.74,44.12,43.81,46.381253638587296,3.9376225822849737,54.2,10.31,24.19,0.0,22.191253638587295,3.06,low
3,90,11_3,11,3,13.1027,80.1307,233.03,53.95,True,54.97,55.1,55.0,54.97,55.63803714324391,3.824101169230959,55.5,10.31,24.19,0.0,31.448037143243912,8.06,moderate
4,120,11_3,11,3,13.1027,80.1307,231.6,52.33,True,57.58,49.8,56.22,57.58,55.8830399435202,3.3790150556312586,60.7,10.31,24.19,0.0,31.6930399435202,13.12,moderate
5,150,11_3,11,3,13.1027,80.1307,231.84,51.07,True,54.75,33.76,55.42,54.75,54.431066710729056,2.6032372969748074,69.7,10.31,24.19,0.0,30.241066710729054,17.87,high
6,180,11_3,11,3,13.1027,80.1307,230.39,51.96,True,51.39,26.14,53.38,51.39,54.773873836146485,2.554612618432169,70.3,10.31,24.19,0.0,30.583873836146484,22.69,high
7,210,11_3,11,3,13.1027,80.1307,237.57,48.45,True,41.36,22.98,40.16,41.36,39.4972263243361,2.247827516804809,73.8,10.31,24.19,0.0,15.307226324336096,24.31,high
8,240,11_3,11,3,13.1027,80.1307,248.22,47.03,True,25.69,13.87,25.32,25.69,26.67201456552148,2.7125172524329253,68.4,10.31,24.19,0.0,2.482014565521478,23.23,high
9,270,11_3,11,3,13.1027,80.1307,249.85,43.0,True,16.73,8.33,17.51,16.73,16.939397430744986,0.8770825303683398,89.8,10.31,24.19,0.0,0.0,21.63,high
10,300,11_3,11,3,13.1027,80.1307,258.15,36.55,True,9.97,14.34,8.23,9.97,7.635400201567093,0.6907921014763282,92.0,10.31,24.19,0.0,0.0,20.03,high
11,330,11_3,11,3,13.1027,80.1307,260.62,36.19,True,7.07,6.39,6.54,7.07,6.74611892733044,0.4938256539168564,94.3,10.31,24.19,0.0,0.0,18.43,high
0,0,11_4,11,4,13.1027,80.1507,245.35,42.73,False,,41.53,19.07,25.48,19.13990966673444,1.3400614160687494,84.4,9.08,22.91,0.4766769173542098,0.0,0.0,safe
1,30,11_4,11,4,13.1027,80.1507,245.02,46.0,False,,58.92,32.52,28.69,30.010321878056647,3.932128176280132,54.3,9.08,22.91,0.4766769173542098,7.100321878056647,0.07,low
2,60,11_4,11,4,13.1027,80.1507,236.7,49.75,False,,68.11,44.24,43.81,47.43970858236438,3.603337211961586,58.1,9.08,22.91,0.4766769173542098,24.529708582364382,4.23,low
3,90,11_4,11,4,13.1027,80.1507,230.91,50.88,False,,51.95,57.2,54.97,55.38955662845291,2.4952969573394084,71.0,9.08,22.91,0.4766769173542098,32.47955662845291,10.27,moderate
4,120,11_4,11,4,13.1027,80.1507,225.15,52.62,False,,57.65,62.13,57.58,63.1802603068554,1.3488247829805564,84.3,9.08,22.91,0.4766769173542098,40.270260306855405,18.13,high
5,150,11_4,11,4,13.1027,80.1507,224.57,51.9,False,,46.82,63.34,54.75,63.21136676458714,0.9763876519198166,88.6,9.08,22.91,0.4766769173542098,40.301366764587144,26.0,high
6,180,11_4,11,4,13.1027,80.1507,220.04,50.19,False,,15.55,60.6,51.39,62.36638750000008,3.456557876861568,59.8,9.08,22.91,0.4766769173542098,39.456387500000076,33.68,severe
7,210,11_4,11,4,13.1027,80.1507,232.85,50.51,False,,33.68,47.57,41.36,49.104605943152784,2.9771463293173,65.4,9.08,22.91,0.4766769173542098,26.194605943152784,38.23,severe
8,240,11_4,11,4,13.1027,80.1507,236.54,47.24,False,,7.97,36.03,25.69,35.090932127294415,3.020972526214816,64.9,9.08,22.91,0.4766769173542098,12.180932127294415,39.5,severe
9,270,11_4,11,4,13.1027,80.1507,244.65,46.27,False,,0.39,25.92,16.73,27.67881604638348,2.722782740667528,68.3,9.08,22.91,0.4766769173542098,4.768816046383481,39.02,severe
10,300,11_4,11,4,13.1027,80.1507,251.12,41.31,False,,8.96,15.49,9.97,14.303722515690914,1.7652301920336553,79.5,9.08,22.91,0.4766769173542098,0.0,37.42,severe
11,330,11_4,11,4,13.1027,80.1507,258.18,37.69,False,,0.0,7.19,7.07,7.5175524272588605,0.775865145604787,91.0,9.08,22.91,0.4766769173542098,0.0,35.82,severe
0,0,11_5,11,5,13.1027,80.1707,246.23,45.39,True,21.29,43.36,22.53,21.29,23.297403705974883,1.9343693333251135,77.5,8.61,21.63,0.0,1.667403705974884,0.0,safe
1,30,11_5,11,5,13.1027,80.1707,240.63,46.23,True,29.79,53.95,29.73,29.79,31.73297469721048,3.769433580354356,56.1,8.61,21.63,0.0,10.102974697210481,0.52,low
2,60,11_5,11,5,13.1027,80.1707,229.56,50.02,True,43.56,63.91,43.0,43.56,51.77294812418826,2.468538644994049,71.3,8.61,21.63,0.0,30.142948124188262,5.25,moderate
3,90,11_5,11,5,13.1027,80.1707,232.07,50.0,True,55.95,61.01,55.7,55.95,53.163355603037125,3.681034790445977,57.2,8.61,21.63,0.0,31.533355603037126,10.27,moderate
4,120,11_5,11,5,13.1027,80.1707,228.1,52.94,True,68.3,54.35,68.39,68.3,66.06332439121071,3.580945213675569,58.3,8.61,21.63,0.0,44.43332439121072,18.0,high
5,150,11_5,11,5,13.1027,80.1707,216.85,52.87,True,68.83,60.91,69.04,68.83,76.35662399226705,2.5305904976506137,70.6,8.61,21.63,0.0,54.72662399226705,27.9,high
6,180,11_5,11,5,13.1027,80.1707,226.03,52.51,True,71.75,33.7,69.51,71.75,68.23559750968342,2.262290170887613,73.7,8.61,21.63,0.0,46.60559750968342,36.08,severe
7,210,11_5,11,5,13.1027,80.1707,230.52,52.03,True,58.68,28.9,59.58,58.68,57.52994514835485,2.7080864190094966,68.5,8.61,21.63,0.0,35.899945148354846,42.02,severe
8,240,11_5,11,5,13.1027,80.1707,233.31,48.7,True,44.42,29.9,44.21,44.42,44.71516914799274,4.045894162583448,52.9,8.61,21.63,0.0,23.08516914799274,45.27,severe
9,270,11_5,11,5,13.1027,80.1707,242.03,47.36,True,33.46,8.97,31.83,33.46,34.82640238248948,3.5165931794233334,59.1,8.61,21.63,0.0,13.196402382489484,46.44,severe
10,300,11_5,11,5,13.1027,80.1707,249.63,41.92,True,16.3,11.02,16.94,16.3,16.47663542414721,1.1251872464281334,86.9,8.61,21.63,0.0,0.0,44.84,severe
11,330,11_5,11,5,13.1027,80.1707,249.58,40.82,True,13.28,18.79,11.47,13.28,12.703905485695715,1.4461881885265249,83.2,8.61,21.63,0.0,0.0,43.24,severe
0,0,11_6,11,6,13.1027,80.1907,252.68,43.73,False,,32.93,18.91,21.29,18.322083742726672,1.4206189303983328,83.5,6.47,20.36,0.0,0.0,0.0,safe
1,30,11_6,11,6,13.1027,80.1907,243.82,46.6,False,,45.32,29.21,29.79,30.93737568195036,3.024237359830036,64.8,6.47,20.36,0.0,10.577375681950361,0.62,low
2,60,11_6,11,6,13.1027,80.1907,233.54,47.88,False,,71.53,40.91,43.56,42.011249308244345,2.7098173086177955,68.5,6.47,20.36,0.0,21.651249308244346,3.57,low
3,90,11_6,11,6,13.1027,80.1907,232.91,51.58,False,,85.42,56.68,55.95,54.43968148370318,3.9767595881678113,53.7,6.47,20.36,0.0,34.07968148370318,9.12,moderate
4,120,11_6,11,6,13.1027,80.1907,219.29,52.66,False,,63.98,68.52,68.3,71.25845270787573,3.29853296541967,61.6,6.47,20.36,0.0,50.898452707875734,18.21,high
5,150,11_6,11,6,13.1027,80.1907,214.89,53.18,False,,43.29,75.65,68.83,76.35030381653586,2.100651992351274,75.6,6.47,20.36,0.0,55.99030381653586,28.37,high
6,180,11_6,11,6,13.1027,80.1907,216.61,53.43,False,,47.5,75.01,71.75,76.32300307595587,2.0184211203524907,76.5,6.47,20.36,0.0,55.96300307595587,38.52,severe
7,210,11_6,11,6,13.1027,80.1907,220.67,51.22,False,,38.75,66.3,58.68,66.90819615636721,2.2456817901465493,73.9,6.47,20.36,0.0,46.54819615636721,46.7,severe
8,240,11_6,11,6,13.1027,80.1907,231.59,50.84,False,,25.68,54.05,44.42,53.06791715203357,2.47649386308007,71.2,6.47,20.36,0.0,32.70791715203357,51.97,severe
9,270,11_6,11,6,13.1027,80.1907,236.94,48.39,False,,12.53,36.51,33.46,39.74727048148299,3.447016917883636,59.9,6.47,20.36,0.0,19.387270481482993,54.44,severe
10,300,11_6,11,6,13.1027,80.1907,245.69,45.98,False,,2.18,25.2,16.3,25.675605154908595,2.291046392025222,73.3,6.47,20.36,0.0,5.315605154908596,53.96,severe
11,330,11_6,11,6,13.1027,80.1907,251.94,39.29,False,,6.28,11.1,13.28,11.766828447320483,1.058145922117259,87.7,6.47,20.36,0.0,0.0,52.36,severe
0,0,11_7,11,7,13.1027,80.2107,251.79,41.72,False,,40.89,14.44,21.29,16.025470363558338,1.6176128475790357,81.2,3.5,19.11,0.5293027912461858,0.0,0.0,safe
1,30,11_7,11,7,13.1027,80.2107,244.69,44.91,False,,45.09,26.05,29.79,25.88263678520965,1.810359771219037,78.9,3.5,19.11,0.5293027912461858,6.772636785209652,0.01,safe
2,60,11_7,11,7,13.1027,80.2107,238.32,48.15,False,,63.2,41.06,43.56,39.720864069217086,3.748440407387202,56.4,3.5,19.11,0.5293027912461858,20.610864069217087,3.31,low
3,90,11_7,11,7,13.1027,80.2107,223.41,49.34,False,,70.33,56.99,55.95,61.24779740580296,4.959980733936254,50.0,3.5,19.11,0.5293027912461858,42.137797405802964,11.73,moderate
4,120,11_7,11,7,13.1027,80.2107,227.31,51.64,False,,65.29,69.31,68.3,66.15329550507572,4.684322836658357,50.0,3.5,19.11,0.5293027912461858,47.04329550507572,21.32,high
5,150,11_7,11,7,13.1027,80.2107,213.6,53.63,False,,70.27,80.56,68.83,79.58477621862174,2.1213326396899315,75.3,3.5,19.11,0.5293027912461858,60.47477621862174,34.1,severe
6,180,11_7,11,7,13.1027,80.2107,217.71,53.18,False,,45.33,80.74,71.75,76.96889393679936,2.891419183526556,66.4,3.5,19.11,0.5293027912461858,57.85889393679936,46.26,severe
7,210,11_7,11,7,13.1027,80.2107,220.53,52.13,False,,48.14,77.45,58.68,68.32941883836675,2.742205539552391,68.1,3.5,19.11,0.5293027912461858,49.21941883836675,56.36,severe
8,240,11_7,11,7,13.1027,80.2107,226.32,51.1,False,,25.66,61.77,44.42,59.69786759242588,4.305366698150791,50.0,3.5,19.11,0.5293027912461858,40.58786759242588,64.41,severe
9,270,11_7,11,7,13.1027,80.2107,232.06,48.85,False,,9.22,47.05,33.46,45.91472551837868,2.879061543851979,66.5,3.5,19.11,0.5293027912461858,26.80472551837868,69.19,severe
10,300,11_7,11,7,13.1027,80.2107,236.76,45.87,False,,6.47,31.35,16.3,30.71756869550459,2.7930695681064197,67.5,3.5,19.11,0.5293027912461858,11.60756869550459,70.35,severe
11,330,11_7,11,7,13.1027,80.2107,251.76,42.28,False,,4.99,15.44,13.28,15.865881999158216,1.1840518890691236,86.2,3.5,19.11,0.5293027912461858,0.0,68.75,severe
0,0,11_8,11,8,13.1027,80.2307,252.53,39.35,False,,28.25,13.05,16.55,12.41049712140849,1.196621069865614,86.1,1.38,17.91,0.4944498693152857,0.0,0.0,safe
1,30,11_8,11,8,13.1027,80.2307,250.52,44.68,False,,55.21,24.17,24.0,23.34229933406575,2.210995771084922,74.3,1.38,17.91,0.4944498693152857,5.43229933406575,0.0,safe
2,60,11_8,11,8,13.1027,80.2307,238.88,48.27,False,,56.33,33.76,39.17,36.80751657009998,2.349570114808769,72.7,1.38,17.91,0.4944498693152857,18.897516570099977,2.86,low
3,90,11_8,11,8,13.1027,80.2307,240.21,51.35,False,,60.08,49.76,52.98,47.12333681216151,3.747944928187243,56.4,1.38,17.91,0.4944498693152857,29.21333681216151,8.15,moderate
4,120,11_8,11,8,13.1027,80.2307,224.43,52.8,False,,71.47,63.98,69.92,65.93447558355123,3.665095556297007,57.4,1.38,17.91,0.4944498693152857,48.02447558355124,17.88,high
5,150,11_8,11,8,13.1027,80.2307,215.27,55.59,False,,76.61,76.91,79.9,81.89953131414491,3.822083550875577,55.5,1.38,17.91,0.4944498693152857,63.98953131414491,31.38,severe
6,180,11_8,11,8,13.1027,80.2307,210.75,52.08,False,,66.83,84.1,81.92,82.92909957515363,2.238540456379734,74.0,1.38,17.91,0.4944498693152857,65.01909957515363,45.12,severe
7,210,11_8,11,8,13.1027,80.2307,212.1,52.99,False,,32.14,78.52,80.25,79.31017765531726,3.007863020691373,65.0,1.38,17.91,0.4944498693152857,61.400177655317265,58.01,severe
8,240,11_8,11,8,13.1027,80.2307,225.42,50.64,False,,43.14,70.28,68.48,66.77961511551482,5.4809492933517605,50.0,1.38,17.91,0.4944498693152857,48.86961511551482,67.94,severe
9,270,11_8,11,8,13.1027,80.2307,228.55,51.45,False,,15.47,54.94,53.36,57.364060519904,3.1848135128361346,62.9,1.38,17.91,0.4944498693152857,39.454060519904004,75.65,severe
10,300,11_8,11,8,13.1027,80.2307,238.98,48.1,False,,12.0,39.7,31.67,37.24712064797247,3.7217519832566,56.7,1.38,17.91,0.4944498693152857,19.337120647972473,78.62,severe
11,330,11_8,11,8,13.1027,80.2307,252.52,43.96,False,,5.87,21.48,22.03,20.01056291572796,2.0574795155297227,76.1,1.38,17.91,0.4944498693152857,2.1005629157279593,77.51,severe
0,0,11_9,11,9,13.1027,80.2507,254.56,39.08,False,,37.13,9.73,16.55,10.536867202894818,1.413152025530866,83.6,0.5,16.84,0.49719755801075793,0.0,0.0,safe
1,30,11_9,11,9,13.1027,80.2507,249.55,45.07,False,,53.04,18.57,24.0,21.52157051733978,3.248207332291676,62.2,0.5,16.84,0.49719755801075793,4.681570517339779,0.0,safe
2,60,11_9,11,9,13.1027,80.2507,244.26,46.22,False,,63.24,29.58,39.17,30.23329186892429,2.9958966769704687,65.1,0.5,16.84,0.49719755801075793,13.39329186892429,1.56,low
3,90,11_9,11,9,13.1027,80.2507,234.81,48.79,False,,54.87,42.77,52.98,44.94810668538814,2.7917078667576987,67.5,0.5,16.84,0.49719755801075793,28.10810668538814,6.6,moderate
4,120,11_9,11,9,13.1027,80.2507,227.62,50.06,False,,80.7,61.91,69.92,59.52194821212672,3.272751619626676,61.9,0.5,16.84,0.49719755801075793,42.68194821212673,15.08,high
5,150,11_9,11,9,13.1027,80.2507,218.65,53.73,False,,64.25,76.33,79.9,77.81199758127103,2.3734252716822564,72.4,0.5,16.84,0.49719755801075793,60.971997581271026,27.87,high
6,180,11_9,11,9,13.1027,80.2507,213.11,54.98,False,,58.64,85.27,81.92,84.66259786002314,1.2514887835440247,85.4,0.5,16.84,0.49719755801075793,67.82259786002314,42.28,severe
7,210,11_9,11,9,13.1027,80.2507,216.8,53.73,False,,47.31,82.1,80.25,81.19383528331223,1.7570210337474284,79.6,0.5,16.84,0.49719755801075793,64.35383528331222,55.88,severe
8,240,11_9,11,9,13.1027,80.2507,216.19,54.3,False,,53.4,75.57,68.48,76.37616252806805,1.9866752527351004,76.9,0.5,16.84,0.49719755801075793,59.53616252806805,68.34,severe
9,270,11_9,11,9,13.1027,80.2507,228.71,50.67,False,,14.68,58.39,53.36,56.98008658453157,3.1497796648030887,63.4,0.5,16.84,0.49719755801075793,40.14008658453157,76.21,severe
10,300,11_9,11,9,13.1027,80.2507,241.36,47.56,False,,13.09,41.39,31.67,35.67893352562615,3.560373526100184,58.6,0.5,16.84,0.49719755801075793,18.83893352562615,79.06,severe
11,330,11_9,11,9,13.1027,80.2507,245.57,47.09,False,,4.56,29.95,22.03,28.606207090015538,1.8997624231873087,77.9,0.5,16.84,0.49719755801075793,11.766207090015538,80.24,severe
0,0,11_10,11,10,13.1027,80.2707,255.01,38.72,False,,21.17,9.58,12.1,9.581003480945958,0.8392728356705998,90.2,1.35,16.3,0.4150815195074118,0.0,0.0,safe
1,30,11_10,11,10,13.1027,80.2707,251.31,42.81,False,,32.87,16.01,19.37,16.99621157758053,1.9462380253291476,77.4,1.35,16.3,0.4150815195074118,0.6962115775805309,0.0,safe
2,60,11_10,11,10,13.1027,80.2707,246.48,45.64,False,,39.29,23.81,34.95,25.137641152133696,2.7766327423699653,67.7,1.35,16.3,0.4150815195074118,8.837641152133695,0.45,low
3,90,11_10,11,10,13.1027,80.2707,238.84,49.04,False,,69.06,42.01,44.17,42.40179277970019,2.399267201431183,72.1,1.35,16.3,0.4150815195074118,26.101792779700187,4.9,low
4,120,11_10,11,10,13.1027,80.2707,224.95,50.97,False,,80.56,58.64,65.41,59.5536017765619,2.257262257504906,73.7,1.35,16.3,0.4150815195074118,43.253601776561894,13.32,moderate
5,150,11_10,11,10,13.1027,80.2707,217.25,53.49,False,,74.03,73.81,74.32,75.22625102312153,2.627787221129351,69.4,1.35,16.3,0.4150815195074118,58.92625102312154,25.38,high
6,180,11_10,11,10,13.1027,80.2707,215.97,53.73,False,,76.46,78.94,80.68,79.40709438551049,2.414220820800752,71.9,1.35,16.3,0.4150815195074118,63.10709438551049,38.41,severe
7,210,11_10,11,10,13.1027,80.2707,214.68,53.73,False,,73.96,84.16,81.48,82.53098256703305,2.1389018878150825,75.1,1.35,16.3,0.4150815195074118,66.23098256703305,52.16,severe
8,240,11_10,11,10,13.1027,80.2707,220.74,53.77,False,,44.9,76.72,70.38,75.22290438176907,2.5965150591536665,69.8,1.35,16.3,0.4150815195074118,58.92290438176907,64.22,severe
9,270,11_10,11,10,13.1027,80.2707,223.97,53.13,False,,38.28,64.77,56.59,63.96856190624382,1.5653260835650027,81.8,1.35,16.3,0.4150815195074118,47.66856190624382,73.67,severe
10,300,11_10,11,10,13.1027,80.2707,230.42,51.34,False,,18.54,49.85,42.17,51.17519659466435,2.968696095737463,65.5,1.35,16.3,0.4150815195074118,34.875196594664345,80.15,severe
11,330,11_10,11,10,13.1027,80.2707,239.8,47.75,False,,5.52,31.23,23.77,32.519602778312304,2.43908018606601,71.6,1.35,16.3,0.4150815195074118,16.219602778312304,82.31,severe
0,0,11_11,11,11,13.1027,80.2907,254.19,31.97,True,5.94,20.56,4.69,5.94,4.248397332670855,0.503446237250933,94.1,3.6,16.84,0.3024492426748462,0.0,0.0,safe
1,30,11_11,11,11,13.1027,80.2907,253.99,38.58,True,12.52,47.67,13.07,12.52,11.295587760725295,2.178441132084898,74.7,3.6,16.84,0.3024492426748462,0.0,0.0,safe
2,60,11_11,11,11,13.1027,80.2907,251.87,44.64,True,20.0,47.14,20.39,20.0,20.81113871135326,1.513314057973865,82.4,3.6,16.84,0.3024492426748462,3.971138711353259,0.0,safe
3,90,11_11,11,11,13.1027,80.2907,239.73,46.85,True,35.65,56.48,33.59,35.65,35.40595548840525,2.9360172877322688,65.8,3.6,16.84,0.3024492426748462,18.565955488405248,2.59,low
4,120,11_11,11,11,13.1027,80.2907,233.43,50.07,True,47.19,69.86,48.03,47.19,48.4514472829438,2.4172816167479,71.9,3.6,16.84,0.3024492426748462,31.611447282943804,8.13,moderate
5,150,11_11,11,11,13.1027,80.2907,220.76,53.86,True,64.51,70.73,65.01,64.51,68.43464448097771,4.217660387333526,50.9,3.6,16.84,0.3024492426748462,51.594644480977706,18.19,high
6,180,11_11,11,11,13.1027,80.2907,217.84,53.32,True,77.64,73.47,77.31,77.64,76.9328818474046,1.745043271365417,79.7,3.6,16.84,0.3024492426748462,60.0928818474046,30.16,severe
7,210,11_11,11,11,13.1027,80.2907,214.55,54.24,True,85.48,62.59,84.24,85.48,83.40279849099724,1.4931179688774965,82.6,3.6,16.84,0.3024492426748462,66.56279849099724,43.6,severe
8,240,11_11,11,11,13.1027,80.2907,210.94,54.61,True,76.12,40.73,77.83,76.12,80.332880048259,3.7226308386962734,56.7,3.6,16.84,0.3024492426748462,63.492880048258996,56.34,severe
9,270,11_11,11,11,13.1027,80.2907,222.55,51.23,True,69.03,31.32,69.38,69.03,68.61713083032724,2.7426403645304966,68.1,3.6,16.84,0.3024492426748462,51.77713083032724,66.43,severe
10,300,11_11,11,11,13.1027,80.2907,232.28,50.15,True,51.08,17.62,50.91,51.08,51.69136221606799,3.3758311416189675,60.7,3.6,16.84,0.3024492426748462,34.851362216068,72.71,severe
11,330,11_11,11,11,13.1027,80.2907,240.99,46.67,True,37.74,26.7,36.64,37.74,35.69565542557652,1.866514520114051,78.3,3.6,16.84,0.3024492426748462,18.85565542557652,75.37,severe
0,0,11_12,11,12,13.1027,80.3107,257.85,31.93,True,4.25,19.28,4.08,4.25,3.8502428644832194,0.3232498362768124,96.2,6.59,17.91,0.0,0.0,0.0,safe
1,30,11_12,11,12,13.1027,80.3107,252.28,39.38,True,11.67,34.03,10.39,11.67,10.896586785209148,1.0200534011082452,88.1,6.59,17.91,0.0,0.0,0.0,safe
2,60,11_12,11,12,13.1027,80.3107,248.98,41.34,True,18.08,24.29,18.36,18.08,15.351749220229117,1.7349730596883983,79.8,6.59,17.91,0.0,0.0,0.0,safe
3,90,11_12,11,12,13.1027,80.3107,244.79,47.2,True,27.29,47.81,27.66,27.29,28.06835436966479,1.6733540913570315,80.5,6.59,17.91,0.0,10.158354369664789,0.53,low
4,120,11_12,11,12,13.1027,80.3107,236.78,49.63,True,41.82,39.45,42.2,41.82,43.544968707620434,2.303477032734265,73.2,6.59,17.91,0.0,25.634968707620434,4.32,low
5,150,11_12,11,12,13.1027,80.3107,230.22,51.21,True,58.88,62.73,59.72,58.88,57.63617132292363,2.8174475560422203,67.2,6.59,17.91,0.0,39.72617132292363,11.06,moderate
6,180,11_12,11,12,13.1027,80.3107,223.87,55.07,True,69.46,64.49,70.35,69.46,70.01348572923676,2.6617776264634267,69.0,6.59,17.91,0.0,52.103485729236766,20.4,high
7,210,11_12,11,12,13.1027,80.3107,215.26,53.14,True,74.97,58.95,77.59,74.97,76.91917702059806,2.419260467040925,71.9,6.59,17.91,0.0,59.00917702059806,31.19,severe
8,240,11_12,11,12,13.1027,80.3107,214.75,54.52,True,77.91,60.44,76.11,77.91,77.9690770428108,2.701031788479841,68.6,6.59,17.91,0.0,60.0590770428108,42.21,severe
9,270,11_12,11,12,13.1027,80.3107,218.61,53.14,True,66.21,42.94,67.27,66.21,70.66681535863803,3.957308362732304,54.0,6.59,17.91,0.0,52.756815358638036,51.68,severe
10,300,11_12,11,12,13.1027,80.3107,235.62,49.67,True,54.07,27.76,54.46,54.07,50.21113706310027,3.494770990822204,59.3,6.59,17.91,0.0,32.30113706310027,56.87,severe
11,330,11_12,11,12,13.1027,80.3107,235.36,48.98,True,40.49,12.62,40.12,40.49,41.2258775496483,4.07638880108276,52.6,6.59,17.91,0.0,23.315877549648302,60.16,severe
0,0,11_13,11,13,13.1027,80.3307,261.94,26.74,False,,7.71,1.72,4.25,1.888259757729644,0.5256224844537953,93.9,8.64,19.11,0.0,0.0,0.0,safe
1,30,11_13,11,13,13.1027,80.3307,252.9,36.58,False,,10.36,7.24,11.67,7.586062950046671,0.8621391458539074,90.0,8.64,19.11,0.0,0.0,0.0,safe
2,60,11_13,11,13,13.1027,80.3307,246.85,41.71,False,,30.89,12.35,18.08,14.021970564126333,2.0802823952279987,75.8,8.64,19.11,0.0,0.0,0.0,safe
3,90,11_13,11,13,13.1027,80.3307,248.61,42.77,False,,47.4,20.33,27.29,19.46887533435374,1.352164472958986,84.3,8.64,19.11,0.0,0.3588753343537405,0.0,safe
4,120,11_13,11,13,13.1027,80.3307,240.26,48.94,False,,49.35,34.01,41.82,38.90581689201309,4.005636033002019,53.4,8.64,19.11,0.0,19.795816892013093,2.56,low
5,150,11_13,11,13,13.1027,80.3307,233.67,48.47,False,,67.5,49.11,58.88,45.54575872964714,2.7411851911392597,68.1,8.64,19.11,0.0,26.43575872964714,6.51,moderate
6,180,11_13,11,13,13.1027,80.3307,229.64,49.87,False,,53.35,59.3,69.46,56.03321105822793,3.616585880912997,57.9,8.64,19.11,0.0,36.92321105822793,12.66,moderate
7,210,11_13,11,13,13.1027,80.3307,225.24,55.09,False,,64.49,69.89,74.97,70.81648063131308,2.98028841378924,65.3,8.64,19.11,0.0,51.706480631313084,21.92,high
8,240,11_13,11,13,13.1027,80.3307,218.67,52.53,False,,53.03,73.69,77.91,74.20632086601258,2.101644305730868,75.5,8.64,19.11,0.0,55.096320866012576,31.89,severe
9,270,11_13,11,13,13.1027,80.3307,220.25,52.95,False,,34.46,69.24,66.21,69.28343143129608,3.785341937000735,56.0,8.64,19.11,0.0,50.17343143129608,40.83,severe
10,300,11_13,11,13,13.1027,80.3307,230.86,51.77,False,,33.63,56.53,54.07,55.74926365277855,3.27712187271778,61.9,8.64,19.11,0.0,36.63926365277855,46.92,severe
11,330,11_13,11,13,13.1027,80.3307,238.76,49.3,False,,13.8,43.99,40.49,42.121797975169066,2.781492101447185,67.6,8.64,19.11,0.0,23.011797975169067,50.15,severe
0,0,11_14,11,14,13.1027,80.3507,258.97,26.69,False,,10.93,1.51,4.25,1.6233800662581048,0.2373114865783257,97.2,9.66,20.36,0.06635482066458742,0.0,0.0,safe
1,30,11_14,11,14,13.1027,80.3507,255.63,31.26,False,,32.85,2.95,11.67,3.2906080562599533,0.492118789115597,94.3,9.66,20.36,0.06635482066458742,0.0,0.0,safe
2,60,11_14,11,14,13.1027,80.3507,249.82,37.62,False,,42.8,9.17,18.08,9.504133439849632,1.2406419666798394,85.6,9.66,20.36,0.06635482066458742,0.0,0.0,safe
3,90,11_14,11,14,13.1027,80.3507,252.33,43.64,False,,37.0,15.65,27.29,19.668599106757764,2.6993919692503874,68.6,9.66,20.36,0.06635482066458742,0.0,0.0,safe
4,120,11_14,11,14,13.1027,80.3507,243.62,45.79,False,,43.76,25.29,41.82,26.829637526983856,2.454904676342708,71.4,9.66,20.36,0.06635482066458742,6.469637526983856,0.0,safe
5,150,11_14,11,14,13.1027,80.3507,239.39,49.67,False,,53.3,39.36,58.88,41.617895919349,3.094022311983497,64.0,9.66,20.36,0.06635482066458742,21.257895919349004,2.94,low
6,180,11_14,11,14,13.1027,80.3507,230.5,49.93,False,,56.95,49.06,69.46,51.27735545589852,3.049607857505159,64.5,9.66,20.36,0.06635482066458742,30.917355455898523,7.94,moderate
7,210,11_14,11,14,13.1027,80.3507,222.65,52.62,False,,55.13,62.19,74.97,65.08399185544748,4.524210073833789,50.0,9.66,20.36,0.06635482066458742,44.72399185544748,15.89,high
8,240,11_14,11,14,13.1027,80.3507,227.57,52.44,False,,37.96,68.39,77.91,66.26994398796083,4.045573316728526,52.9,9.66,20.36,0.06635482066458742,45.90994398796083,24.09,high
9,270,11_14,11,14,13.1027,80.3507,223.36,53.89,False,,44.57,62.59,66.21,65.47809561877727,3.79147373656919,55.9,9.66,20.36,0.06635482066458742,45.118095618777275,32.12,severe
10,300,11_14,11,14,13.1027,80.3507,231.93,51.58,False,,17.52,56.44,54.07,55.25987219018999,2.504588733983476,70.9,9.66,20.36,0.06635482066458742,34.89987219018999,37.97,severe
11,330,11_14,11,14,13.1027,80.3507,238.31,52.26,False,,12.86,44.28,40.49,44.42346483161101,5.102248326600472,50.0,9.66,20.36,0.06635482066458742,24.063464831611007,41.51,severe
0,0,11_15,11,15,13.1027,80.3707,257.99,33.16,False,,8.84,4.91,5.72,4.4981326162507935,0.5924357154226466,93.1,10.87,21.63,0.0,0.0,0.0,safe
1,30,11_15,11,15,13.1027,80.3707,260.64,29.15,False,,10.5,2.88,7.81,2.6755057199350345,0.2578786988543711,97.0,10.87,21.63,0.0,0.0,0.0,safe
2,60,11_15,11,15,13.1027,80.3707,257.73,33.97,False,,17.05,4.91,15.93,4.8347919542590185,0.4135451400480101,95.2,10.87,21.63,0.0,0.0,0.0,safe
3,90,11_15,11,15,13.1027,80.3707,255.81,37.84,False,,21.17,11.2,28.49,10.498517945115442,1.0411605248085545,87.9,10.87,21.63,0.0,0.0,0.0,safe
4,120,11_15,11,15,13.1027,80.3707,247.68,45.36,False,,46.47,22.89,41.36,27.35841730539697,3.372415703312883,60.8,10.87,21.63,0.0,5.72841730539697,0.0,safe
5,150,11_15,11,15,13.1027,80.3707,243.39,46.96,False,,54.4,32.78,49.93,33.202285048714764,1.546814982514923,82.0,10.87,21.63,0.0,11.572285048714765,0.83,low
6,180,11_15,11,15,13.1027,80.3707,237.39,48.56,False,,58.14,44.42,61.35,44.36994722855498,2.514349756157727,70.7,10.87,21.63,0.0,22.73994722855498,4.01,low
7,210,11_15,11,15,13.1027,80.3707,230.71,50.88,False,,55.23,53.5,64.16,54.36163115610884,3.4976818220407964,59.3,10.87,21.63,0.0,32.73163115610885,9.28,moderate
8,240,11_15,11,15,13.1027,80.3707,226.83,51.27,False,,50.31,57.61,59.65,59.84031248731275,4.506061327790812,50.0,10.87,21.63,0.0,38.21031248731275,15.7,high
9,270,11_15,11,15,13.1027,80.3707,232.84,50.66,False,,45.07,59.54,50.61,56.50388625012406,3.8017648769003936,55.8,10.87,21.63,0.0,34.87388625012406,21.43,high
10,300,11_15,11,15,13.1027,80.3707,236.13,50.7,False,,34.94,50.42,36.34,49.55558907313153,2.975611018771362,65.4,10.87,21.63,0.0,27.92558907313153,25.69,high
11,330,11_15,11,15,13.1027,80.3707,241.17,50.21,False,,34.67,43.94,25.72,42.93854738168495,3.0470926219791776,64.5,10.87,21.63,0.0,21.30854738168495,28.57,high
0,0,11_16,11,16,13.1027,80.3907,262.92,-9.5,False,,0.0,0.0,1.01,0.0,0.0,99.0,11.76,22.91,0.0,0.0,0.0,safe
1,30,11_16,11,16,13.1027,80.3907,261.83,18.69,False,,11.08,0.58,1.54,0.5732243662550894,0.0401396972515331,99.0,11.76,22.91,0.0,0.0,0.0,safe
2,60,11_16,11,16,13.1027,80.3907,255.75,33.7,False,,26.21,4.53,3.48,4.599042641075808,0.6061412442704439,92.9,11.76,22.91,0.0,0.0,0.0,safe
3,90,11_16,11,16,13.1027,80.3907,254.07,37.86,False,,29.25,9.07,3.88,8.462948202273179,1.1683989250268103,86.4,11.76,22.91,0.0,0.0,0.0,safe
4,120,11_16,11,16,13.1027,80.3907,249.16,41.0,False,,48.39,17.53,3.64,16.21942855612447,2.1087477476692347,75.5,11.76,22.91,0.0,0.0,0.0,safe
5,150,11_16,11,16,13.1027,80.3907,245.05,46.49,False,,43.96,25.47,12.16,26.630875932762866,1.9301434631121197,77.5,11.76,22.91,0.0,3.7208759327628655,0.0,safe
6,180,11_16,11,16,13.1027,80.3907,236.57,46.7,False,,59.83,35.57,16.08,34.85946925967829,2.293475972153925,73.3,11.76,22.91,0.0,11.949469259678292,0.91,low
7,210,11_16,11,16,13.1027,80.3907,236.98,48.18,False,,50.71,45.05,26.6,38.443593120557054,3.2591621766788443,62.1,11.76,22.91,0.0,15.533593120557054,2.57,low
8,240,11_16,11,16,13.1027,80.3907,232.96,50.74,False,,38.17,52.9,35.32,51.91311645156157,3.2345503779054137,62.4,11.76,22.91,0.0,29.00311645156157,7.06,moderate
9,270,11_16,11,16,13.1027,80.3907,234.98,49.25,False,,44.51,49.96,43.76,47.73443458396878,2.5355170306031525,70.5,11.76,22.91,0.0,24.824434583968777,10.68,moderate
10,300,11_16,11,16,13.1027,80.3907,237.65,50.19,False,,30.53,46.87,50.43,45.75666370713984,2.4740432207955414,71.2,11.76,22.91,0.0,22.846663707139843,13.87,moderate
11,330,11_16,11,16,13.1027,80.3907,235.61,48.35,False,,31.29,39.21,46.93,40.33309012921288,3.1446887552178757,63.4,11.76,22.91,0.0,17.423090129212877,15.93,high
0,0,11_17,11,17,13.1027,80.4107,258.57,21.93,False,,13.99,0.86,1.01,0.8859923929542681,0.0722346629380402,99.0,12.06,24.19,0.13320155372494824,0.0,0.0,safe
1,30,11_17,11,17,13.1027,80.4107,258.36,-7.47,False,,11.79,0.0,1.54,0.0,0.0,99.0,12.06,24.19,0.13320155372494824,0.0,0.0,safe
2,60,11_17,11,17,13.1027,80.4107,261.18,28.37,False,,10.92,1.51,3.48,1.8074932735508429,0.3313093051375899,96.1,12.06,24.19,0.13320155372494824,0.0,0.0,safe
3,90,11_17,11,17,13.1027,80.4107,257.12,36.84,False,,9.64,5.67,3.88,6.540652507467689,0.7431479313708063,91.4,12.06,24.19,0.13320155372494824,0.0,0.0,safe
4,120,11_17,11,17,13.1027,80.4107,255.34,40.03,False,,29.76,11.5,3.64,11.0401187664666,1.5955085355704814,81.4,12.06,24.19,0.13320155372494824,0.0,0.0,safe
5,150,11_17,11,17,13.1027,80.4107,249.37,40.48,False,,40.45,16.44,12.16,15.244061028945694,1.7849904213522745,79.2,12.06,24.19,0.13320155372494824,0.0,0.0,safe
6,180,11_17,11,17,13.1027,80.4107,243.71,46.62,False,,42.8,29.24,16.08,29.371385523798004,2.068803892361502,75.9,12.06,24.19,0.13320155372494824,5.181385523798003,0.0,safe
7,210,11_17,11,17,13.1027,80.4107,240.45,47.92,False,,49.34,35.34,26.6,35.609452566783546,2.409386460484784,72.0,12.06,24.19,0.13320155372494824,11.419452566783544,0.88,low
8,240,11_17,11,17,13.1027,80.4107,238.48,48.42,False,,38.79,41.93,35.32,38.467333519849696,3.207380062127485,62.7,12.06,24.19,0.13320155372494824,14.277333519849694,2.38,low
9,270,11_17,11,17,13.1027,80.4107,233.19,48.66,False,,37.83,46.23,43.76,45.86625058864762,2.7080357151281507,68.5,12.06,24.19,0.13320155372494824,21.676250588647616,5.48,moderate
10,300,11_17,11,17,13.1027,80.4107,239.29,49.54,False,,28.6,44.05,50.43,42.89650243676491,2.0389893632285703,76.3,12.06,24.19,0.13320155372494824,18.70650243676491,7.94,moderate
11,330,11_17,11,17,13.1027,80.4107,237.67,47.47,False,,21.79,39.99,46.93,38.42922309812755,3.2361797344370973,62.3,12.06,24.19,0.13320155372494824,14.23922309812755,9.43,moderate
0,0,11_18,11,18,13.1027,80.4307,255.02,-10.23,False,,11.75,0.0,1.01,0.0,0.0,99.0,12.89,25.48,0.20740688559397924,0.0,0.0,safe
1,30,11_18,11,18,13.1027,80.4307,256.81,-8.4,False,,5.93,0.0,1.54,0.0,0.0,99.0,12.89,25.48,0.20740688559397924,0.0,0.0,safe
2,60,11_18,11,18,13.1027,80.4307,263.53,28.53,False,,9.23,2.24,3.48,1.9276584799692085,0.353843911661102,95.9,12.89,25.48,0.20740688559397924,0.0,0.0,safe
3,90,11_18,11,18,13.1027,80.4307,260.87,37.16,False,,0.0,6.46,3.88,6.971135496612578,0.6868788844556388,92.0,12.89,25.48,0.20740688559397924,0.0,0.0,safe
4,120,11_18,11,18,13.1027,80.4307,253.43,37.84,False,,24.82,6.76,3.64,7.457916521218687,0.9267245122827402,89.2,12.89,25.48,0.20740688559397924,0.0,0.0,safe
5,150,11_18,11,18,13.1027,80.4307,250.86,42.39,False,,20.6,17.51,12.16,16.865720103015338,1.019074848380803,88.1,12.89,25.48,0.20740688559397924,0.0,0.0,safe
6,180,11_18,11,18,13.1027,80.4307,247.31,42.86,False,,24.85,17.45,16.08,17.626216174891713,1.131294222206541,86.8,12.89,25.48,0.20740688559397924,0.0,0.0,safe
7,210,11_18,11,18,13.1027,80.4307,240.32,46.85,False,,16.55,28.44,26.6,29.009363335709416,2.675454191359023,68.9,12.89,25.48,0.20740688559397924,3.529363335709416,0.0,safe
8,240,11_18,11,18,13.1027,80.4307,239.91,46.66,False,,31.89,35.44,35.32,34.959434484967126,2.006045446040815,76.7,12.89,25.48,0.20740688559397924,9.479434484967125,0.49,low
9,270,11_18,11,18,13.1027,80.4307,237.03,47.96,False,,26.18,37.36,43.76,38.12248339296551,2.072029716358589,75.9,12.89,25.48,0.20740688559397924,12.642483392965513,1.69,low
10,300,11_18,11,18,13.1027,80.4307,237.58,48.08,False,,34.72,35.63,50.43,37.12531818662826,1.888174770358838,78.0,12.89,25.48,0.20740688559397924,11.645318186628263,2.66,low
11,330,11_18,11,18,13.1027,80.4307,245.23,47.77,False,,10.31,33.29,46.93,33.31129353672311,4.001364960563206,53.4,12.89,25.48,0.20740688559397924,7.831293536723113,2.79,low
0,0,11_19,11,19,13.1027,80.4507,259.56,-9.35,False,,0.0,0.0,1.01,0.0,0.0,99.0,14.11,26.77,0.0,0.0,0.0,safe
1,30,11_19,11,19,13.1027,80.4507,257.92,20.0,False,,13.33,0.75,1.54,0.7002941098680302,0.0792625568957187,99.0,14.11,26.77,0.0,0.0,0.0,safe
2,60,11_19,11,19,13.1027,80.4507,254.73,30.46,False,,3.76,2.57,3.48,2.843142126183348,0.3391673790129788,96.1,14.11,26.77,0.0,0.0,0.0,safe
3,90,11_19,11,19,13.1027,80.4507,262.15,30.19,False,,18.07,3.33,3.88,3.146898149979093,0.2976379990114595,96.5,14.11,26.77,0.0,0.0,0.0,safe
4,120,11_19,11,19,13.1027,80.4507,251.36,38.49,False,,8.2,8.06,3.64,8.36703400192076,0.9189952379729646,89.3,14.11,26.77,0.0,0.0,0.0,safe
5,150,11_19,11,19,13.1027,80.4507,252.93,40.97,False,,11.2,9.17,12.16,10.59466979889181,1.7126305729337026,80.1,14.11,26.77,0.0,0.0,0.0,safe
6,180,11_19,11,19,13.1027,80.4507,250.91,39.82,False,,37.5,13.17,16.08,13.32889510681732,1.063809186428282,87.6,14.11,26.77,0.0,0.0,0.0,safe
7,210,11_19,11,19,13.1027,80.4507,246.34,42.49,False,,41.44,16.94,26.6,17.55766981310273,1.5428935604827283,82.0,14.11,26.77,0.0,0.0,0.0,safe
8,240,11_19,11,19,13.1027,80.4507,245.48,44.64,False,,25.0,26.53,35.32,25.504440528499263,2.5386278553496653,70.5,14.11,26.77,0.0,0.0,0.0,safe
9,270,11_19,11,19,13.1027,80.4507,240.8,47.59,False,,23.45,30.55,43.76,37.59335533746477,2.907127023040907,66.2,14.11,26.77,0.0,10.823355337464772,0.67,low
10,300,11_19,11,19,13.1027,80.4507,245.64,47.48,False,,20.38,33.7,50.43,32.97226987070963,3.539564310723974,58.8,14.11,26.77,0.0,6.202269870709632,0.38,low
11,330,11_19,11,19,13.1027,80.4507,246.83,45.82,False,,22.4,25.22,46.93,25.91049362253882,2.391047155279645,72.2,14.11,26.77,0.0,0.0,0.0,safe
0,0,12_0,12,0,13.1227,80.0707,251.77,42.85,False,,23.18,16.6,13.8,16.625263490278698,1.510189632671561,82.4,13.1,28.26,0.0,0.0,0.0,safe
1,30,12_0,12,0,13.1227,80.0707,247.8,43.52,False,,26.64,21.1,16.27,20.298995452946517,1.6309272678672926,81.0,13.1,28.26,0.0,0.0,0.0,safe
2,60,12_0,12,0,13.1227,80.0707,245.44,46.01,False,,32.85,25.49,25.27,25.52137461969573,1.805069699514664,79.0,13.1,28.26,0.0,0.0,0.0,safe
3,90,12_0,12,0,13.1227,80.0707,245.98,48.01,False,,23.4,30.93,28.28,31.701429495657404,2.4345419737616765,71.7,13.1,28.26,0.0,3.4414294956574025,0.0,safe
4,120,12_0,12,0,13.1227,80.0707,238.74,46.27,False,,27.46,31.63,32.72,31.993929802324907,2.778811523689325,67.7,13.1,28.26,0.0,3.733929802324905,0.0,safe
5,150,12_0,12,0,13.1227,80.0707,243.93,45.9,False,,20.09,29.25,33.12,28.32794631480634,2.234222322877345,74.0,13.1,28.26,0.0,0.06794631480633839,0.0,safe
6,180,12_0,12,0,13.1227,80.0707,249.4,44.31,False,,11.65,22.37,29.7,22.511311449994604,1.3147164731872,84.7,13.1,28.26,0.0,0.0,0.0,safe
7,210,12_0,12,0,13.1227,80.0707,249.49,43.53,False,,6.3,18.81,21.21,18.79656182527723,1.3504351212900167,84.3,13.1,28.26,0.0,0.0,0.0,safe
8,240,12_0,12,0,13.1227,80.0707,252.69,41.15,False,,8.45,15.27,17.39,14.933287069061864,1.330185903261792,84.5,13.1,28.26,0.0,0.0,0.0,safe
9,270,12_0,12,0,13.1227,80.0707,249.08,37.66,False,,2.08,9.96,8.57,9.415033660598285,0.9646193993623676,88.8,13.1,28.26,0.0,0.0,0.0,safe
10,300,12_0,12,0,13.1227,80.0707,264.28,39.21,False,,0.4,8.14,11.16,9.53809012833852,1.3421277979947424,84.4,13.1,28.26,0.0,0.0,0.0,safe
11,330,12_0,12,0,13.1227,80.0707,258.95,13.19,False,,12.08,0.25,6.49,0.2400249999999999,0.0211636989389326,99.0,13.1,28.26,0.0,0.0,0.0,safe
0,0,12_1,12,1,13.1227,80.0907,249.26,39.68,False,,35.75,14.22,13.8,13.7332004479555,1.0738576658025725,87.5,11.5,26.99,1.1574461925612276,0.0,0.0,safe
1,30,12_1,12,1,13.1227,80.0907,244.36,46.35,False,,29.58,23.58,16.27,25.06977656927232,2.5860183918336066,69.9,11.5,26.99,1.1574461925612276,0.0,0.0,safe
2,60,12_1,12,1,13.1227,80.0907,244.92,45.78,False,,39.79,29.13,25.27,24.873549885956404,2.370534019022497,72.4,11.5,26.99,1.1574461925612276,0.0,0.0,safe
3,90,12_1,12,1,13.1227,80.0907,239.31,47.83,False,,35.77,36.31,28.28,35.925726184996776,2.225331001816934,74.1,11.5,26.99,1.1574461925612276,8.935726184996778,0.82,low
4,120,12_1,12,1,13.1227,80.0907,236.8,46.86,False,,19.24,38.38,32.72,36.971832766828776,2.665098230787033,69.0,11.5,26.99,1.1574461925612276,9.981832766828777,1.92,low
5,150,12_1,12,1,13.1227,80.0907,245.19,47.48,False,,12.83,35.76,33.12,34.21004565124858,2.505079819938879,70.9,11.5,26.99,1.1574461925612276,7.220045651248579,2.28,low
6,180,12_1,12,1,13.1227,80.0907,248.21,47.26,False,,10.69,31.6,29.7,30.3860018970908,2.130162553648407,75.2,11.5,26.99,1.1574461925612276,3.3960018970908017,1.6,low
7,210,12_1,12,1,13.1227,80.0907,247.72,44.82,False,,0.0,23.59,21.21,22.53073412070497,1.6003712721601255,81.4,11.5,26.99,1.1574461925612276,0.0,0.0,safe
8,240,12_1,12,1,13.1227,80.0907,254.05,43.68,False,,11.79,16.56,17.39,17.685416308280555,1.560215250813051,81.8,11.5,26.99,1.1574461925612276,0.0,0.0,safe
9,270,12_1,12,1,13.1227,80.0907,252.07,41.38,False,,10.86,11.78,8.57,12.903234975015277,1.702795453994556,80.2,11.5,26.99,1.1574461925612276,0.0,0.0,safe
10,300,12_1,12,1,13.1227,80.0907,257.92,36.87,False,,11.93,7.01,11.16,7.608832338262769,0.7997794068613931,90.7,11.5,26.99,1.1574461925612276,0.0,0.0,safe
11,330,12_1,12,1,13.1227,80.0907,262.8,27.79,False,,14.22,2.21,6.49,2.09959250941118,0.2298454565320915,97.3,11.5,26.99,1.1574461925612276,0.0,0.0,safe
0,0,12_2,12,2,13.1227,80.1107,251.08,43.92,False,,32.26,17.56,9.11,17.90952169015527,1.6102763090476824,81.3,11.87,25.72,0.0,0.0,0.0,safe
1,30,12_2,12,2,13.1227,80.1107,249.51,43.95,False,,35.84,23.71,17.61,19.870780502942612,2.144005192315916,75.1,11.87,25.72,0.0,0.0,0.0,safe
2,60,12_2,12,2,13.1227,80.1107,238.49,47.48,False,,36.47,32.54,25.14,34.33795881958318,3.557023470692875,58.6,11.87,25.72,0.0,8.61795881958318,0.21,low
3,90,12_2,12,2,13.1227,80.1107,241.91,47.79,False,,52.15,39.81,31.28,37.047566601108166,3.4159845672809817,60.3,11.87,25.72,0.0,11.327566601108167,0.99,low
4,120,12_2,12,2,13.1227,80.1107,239.0,51.18,False,,41.31,44.26,36.96,43.29166539903409,2.7390273501235542,68.1,11.87,25.72,0.0,17.57166539903409,3.08,low
5,150,12_2,12,2,13.1227,80.1107,235.62,49.98,False,,41.89,44.91,42.12,44.94697762732287,1.972487550049619,77.1,11.87,25.72,0.0,19.226977627322874,5.52,moderate
6,180,12_2,12,2,13.1227,80.1107,241.08,48.76,False,,19.68,39.88,35.95,36.99293350229575,3.566693413148836,58.5,11.87,25.72,0.0,11.27293350229575,6.28,moderate
7,210,12_2,12,2,13.1227,80.1107,240.56,48.53,False,,15.29,34.23,31.1,35.50146344884041,2.559864556849312,70.2,11.87,25.72,0.0,9.781463448840412,6.74,moderate
8,240,12_2,12,2,13.1227,80.1107,241.34,47.23,False,,12.98,26.14,21.73,28.413155348947875,2.852772617597364,66.8,11.87,25.72,0.0,2.693155348947876,5.7,moderate
9,270,12_2,12,2,13.1227,80.1107,249.57,42.18,False,,15.4,14.56,15.47,15.606974243119144,1.484033470995262,82.7,11.87,25.72,0.0,0.0,4.1,low
10,300,12_2,12,2,13.1227,80.1107,256.91,37.16,False,,18.22,8.22,9.85,7.890109320084695,0.5023611774683672,94.2,11.87,25.72,0.0,0.0,2.5,low
11,330,12_2,12,2,13.1227,80.1107,257.65,37.17,False,,14.88,7.89,6.64,7.463090794457485,0.6015931047154814,93.0,11.87,25.72,0.0,0.0,0.9,low
0,0,12_3,12,3,13.1227,80.1307,256.16,41.7,False,,37.22,14.22,25.48,14.49875372961464,1.127765853729875,86.9,10.48,24.46,0.24521832799760546,0.0,0.0,safe
1,30,12_3,12,3,13.1227,80.1307,251.17,45.12,False,,29.44,22.47,28.69,23.39950193207189,1.9989550741353792,76.7,10.48,24.46,0.24521832799760546,0.0,0.0,safe
2,60,12_3,12,3,13.1227,80.1307,237.03,48.35,False,,35.38,37.49,43.81,38.56235073889868,1.9855964861493285,76.9,10.48,24.46,0.24521832799760546,14.102350738898679,1.54,low
3,90,12_3,12,3,13.1227,80.1307,240.06,49.12,False,,41.52,43.44,54.97,42.27594538649304,2.150896246947076,75.0,10.48,24.46,0.24521832799760546,17.81594538649304,3.91,low
4,120,12_3,12,3,13.1227,80.1307,233.26,48.75,False,,59.52,51.27,57.58,49.886579602848144,2.402059054594563,72.1,10.48,24.46,0.24521832799760546,25.426579602848143,7.98,moderate
5,150,12_3,12,3,13.1227,80.1307,232.75,50.94,False,,30.43,53.66,54.75,53.8170351774746,2.654579056580185,69.1,10.48,24.46,0.24521832799760546,29.3570351774746,12.92,moderate
6,180,12_3,12,3,13.1227,80.1307,229.56,50.18,False,,30.57,47.16,51.39,49.73775446646995,3.606118459974285,58.0,10.48,24.46,0.24521832799760546,25.27775446646995,16.96,high
7,210,12_3,12,3,13.1227,80.1307,238.26,48.52,False,,20.86,40.92,41.36,38.92089998222971,3.873422111375489,54.9,10.48,24.46,0.24521832799760546,14.460899982229712,18.58,high
8,240,12_3,12,3,13.1227,80.1307,242.15,47.86,False,,15.68,32.07,25.69,33.2544212965127,2.7174946271482665,68.4,10.48,24.46,0.24521832799760546,8.794421296512702,18.94,high
9,270,12_3,12,3,13.1227,80.1307,250.81,46.16,False,,9.05,21.45,16.73,23.262923910827617,2.9184380952420432,66.0,10.48,24.46,0.24521832799760546,0.0,17.34,high
10,300,12_3,12,3,13.1227,80.1307,250.52,39.01,False,,0.0,12.69,9.97,12.183233382544415,1.1130301698949543,87.1,10.48,24.46,0.24521832799760546,0.0,15.74,high
11,330,12_3,12,3,13.1227,80.1307,258.17,36.72,False,,8.29,6.81,7.07,6.90581045238067,0.461060533472171,94.6,10.48,24.46,0.24521832799760546,0.0,14.14,moderate
0,0,12_4,12,4,13.1227,80.1507,249.48,42.5,False,,39.35,15.75,25.48,17.26984366992859,1.6677567107510578,80.6,9.88,23.22,0.0,0.0,0.0,safe
1,30,12_4,12,4,13.1227,80.1507,242.21,45.26,False,,38.7,25.96,28.69,26.11301943383673,2.167679685516077,74.8,9.88,23.22,0.0,2.8930194338367308,0.0,safe
2,60,12_4,12,4,13.1227,80.1507,240.82,49.2,False,,71.06,35.93,43.81,40.89963004008214,2.9517369202443606,65.7,9.88,23.22,0.0,17.679630040082138,2.11,low
3,90,12_4,12,4,13.1227,80.1507,240.31,48.0,False,,54.1,46.52,54.97,38.97934071931691,3.946754643279239,54.1,9.88,23.22,0.0,15.75934071931691,3.82,low
4,120,12_4,12,4,13.1227,80.1507,230.9,49.54,False,,56.57,53.22,57.58,52.427834647998864,3.3746708590229435,60.7,9.88,23.22,0.0,29.207834647998865,8.36,moderate
5,150,12_4,12,4,13.1227,80.1507,223.06,50.56,False,,37.5,62.0,54.75,61.30280631688411,2.06750829534799,75.9,9.88,23.22,0.0,38.08280631688411,14.75,moderate
6,180,12_4,12,4,13.1227,80.1507,232.62,51.12,False,,37.4,57.69,51.39,54.90722078316493,3.074005652283535,64.2,9.88,23.22,0.0,31.687220783164932,19.81,high
7,210,12_4,12,4,13.1227,80.1507,229.91,50.05,False,,15.33,52.21,41.36,50.83521536496713,2.195344673754269,74.5,9.88,23.22,0.0,27.615215364967128,24.01,high
8,240,12_4,12,4,13.1227,80.1507,236.65,47.39,False,,0.84,38.43,25.69,36.6549710832328,3.0198018686542905,64.9,9.88,23.22,0.0,13.434971083232803,25.23,high
9,270,12_4,12,4,13.1227,80.1507,244.25,45.67,False,,4.61,27.2,16.73,26.76326342765612,1.9988923254953663,76.7,9.88,23.22,0.0,3.5432634276561217,24.37,high
10,300,12_4,12,4,13.1227,80.1507,252.29,44.75,False,,14.2,18.0,9.97,19.78948399011785,2.3966012489916264,72.1,9.88,23.22,0.0,0.0,22.77,high
11,330,12_4,12,4,13.1227,80.1507,255.94,38.01,False,,9.22,8.98,7.07,8.604423727771326,0.5593703315544276,93.5,9.88,23.22,0.0,0.0,21.17,high
0,0,12_5,12,5,13.1227,80.1707,252.68,43.32,False,,24.64,15.68,21.29,17.169900334119884,1.573843239436385,81.7,7.47,22.0,0.614474554593123,0.0,0.0,safe
1,30,12_5,12,5,13.1227,80.1707,253.48,43.38,False,,39.96,22.82,29.79,21.452250721477007,2.3774027780076183,72.3,7.47,22.0,0.614474554593123,0.0,0.0,safe
2,60,12_5,12,5,13.1227,80.1707,247.44,47.04,False,,55.26,36.71,43.56,34.66017913043479,3.5410833967123296,58.8,7.47,22.0,0.614474554593123,12.660179130434791,1.47,low
3,90,12_5,12,5,13.1227,80.1707,233.06,49.45,False,,67.25,48.54,55.95,48.731240868480405,2.448890517459024,71.5,7.47,22.0,0.614474554593123,26.731240868480405,6.34,moderate
4,120,12_5,12,5,13.1227,80.1707,223.09,49.95,False,,51.91,59.58,68.3,60.534519314221406,2.4982477265710785,70.9,7.47,22.0,0.614474554593123,38.534519314221406,14.08,moderate
5,150,12_5,12,5,13.1227,80.1707,224.16,52.71,False,,62.33,64.21,68.83,66.43646897628042,3.5971410266139547,58.1,7.47,22.0,0.614474554593123,44.43646897628042,23.24,high
6,180,12_5,12,5,13.1227,80.1707,224.11,53.19,False,,52.81,65.21,71.75,67.4459529969742,3.552681010997909,58.7,7.47,22.0,0.614474554593123,45.4459529969742,32.65,severe
7,210,12_5,12,5,13.1227,80.1707,227.43,52.33,False,,40.76,59.57,58.68,60.36039914155409,2.756844307139772,67.9,7.47,22.0,0.614474554593123,38.36039914155409,40.35,severe
8,240,12_5,12,5,13.1227,80.1707,237.88,48.86,False,,20.65,46.54,44.42,45.232033838216175,2.265215184680632,73.6,7.47,22.0,0.614474554593123,23.232033838216175,44.37,severe
9,270,12_5,12,5,13.1227,80.1707,244.98,46.07,False,,18.21,32.02,33.46,30.58510002989265,2.361645151912461,72.5,7.47,22.0,0.614474554593123,8.58510002989265,44.85,severe
10,300,12_5,12,5,13.1227,80.1707,250.5,45.2,False,,16.77,23.29,16.3,22.96506871025996,1.9411167831168177,77.4,7.47,22.0,0.614474554593123,0.9650687102599598,43.49,severe
11,330,12_5,12,5,13.1227,80.1707,250.24,38.99,False,,17.75,14.83,13.28,13.329871491202328,1.8076073720520176,79.0,7.47,22.0,0.614474554593123,0.0,41.89,severe
0,0,12_6,12,6,13.1227,80.1907,259.78,41.93,False,,36.22,14.72,6.63,14.373581282645471,1.0051796755479658,88.3,6.09,20.81,0.0,0.0,0.0,safe
1,30,12_6,12,6,13.1227,80.1907,249.1,45.4,False,,49.21,22.0,16.7,23.30233587097598,2.00262878094154,76.7,6.09,20.81,0.0,2.4923358709759817,0.0,safe
2,60,12_6,12,6,13.1227,80.1907,242.4,46.59,False,,55.35,33.48,26.58,31.60411101288136,2.721420070085659,68.3,6.09,20.81,0.0,10.794111012881363,0.67,low
3,90,12_6,12,6,13.1227,80.1907,231.88,49.75,False,,62.29,50.37,39.65,49.956261045781936,2.178075676448216,74.7,6.09,20.81,0.0,29.146261045781937,5.19,moderate
4,120,12_6,12,6,13.1227,80.1907,226.58,50.51,False,,64.72,60.98,53.41,59.78763678804136,2.7727641758401576,67.7,6.09,20.81,0.0,38.977636788041366,11.77,moderate
5,150,12_6,12,6,13.1227,80.1907,221.29,52.53,False,,58.97,71.94,63.96,71.84583212549201,2.136033938463021,75.1,6.09,20.81,0.0,51.03583212549201,20.89,high
6,180,12_6,12,6,13.1227,80.1907,218.84,53.34,False,,54.14,73.34,70.12,74.73055056965546,2.3383712642790018,72.8,6.09,20.81,0.0,53.92055056965546,30.61,severe
7,210,12_6,12,6,13.1227,80.1907,229.2,51.49,False,,46.09,67.85,68.7,58.80079545011973,4.241117995645356,50.7,6.09,20.81,0.0,37.990795450119734,36.99,severe
8,240,12_6,12,6,13.1227,80.1907,230.51,50.25,False,,24.36,55.83,56.53,54.48990596292599,2.166536685521816,74.8,6.09,20.81,0.0,33.679905962925986,42.46,severe
9,270,12_6,12,6,13.1227,80.1907,232.61,49.33,False,,22.43,44.99,45.83,49.48235366411251,4.225372118884772,50.8,6.09,20.81,0.0,28.67235366411251,46.89,severe
10,300,12_6,12,6,13.1227,80.1907,242.98,45.88,False,,8.71,28.18,31.14,27.649903553564595,1.639064902058656,80.9,6.09,20.81,0.0,6.8399035535645965,46.72,severe
11,330,12_6,12,6,13.1227,80.1907,251.97,43.48,False,,15.18,17.58,20.8,17.927827596996924,1.09135578634924,87.3,6.09,20.81,0.0,0.0,45.12,severe
0,0,12_7,12,7,13.1227,80.2107,256.77,41.07,False,,30.47,12.01,6.63,12.012062002042596,0.8535236144172165,90.1,3.01,19.69,0.47637582103956433,0.0,0.0,safe
1,30,12_7,12,7,13.1227,80.2107,244.02,45.44,False,,40.86,20.38,16.7,22.539471135046988,2.875045695082638,66.6,3.01,19.69,0.47637582103956433,2.8494711350469863,0.0,safe
2,60,12_7,12,7,13.1227,80.2107,239.31,46.42,False,,55.13,33.27,26.58,33.06472606510557,4.130864402150047,51.9,3.01,19.69,0.47637582103956433,13.374726065105566,1.54,low
3,90,12_7,12,7,13.1227,80.2107,230.4,49.69,False,,69.26,49.24,39.65,49.68494787291653,2.259193554946506,73.7,3.01,19.69,0.47637582103956433,29.99494787291653,6.99,moderate
4,120,12_7,12,7,13.1227,80.2107,224.96,51.29,False,,79.4,63.2,53.41,63.83278676586507,1.9400994388714676,77.4,3.01,19.69,0.47637582103956433,44.14278676586507,15.77,high
5,150,12_7,12,7,13.1227,80.2107,219.23,52.16,False,,73.47,73.83,63.96,72.33986731772217,2.55971238456966,70.2,3.01,19.69,0.47637582103956433,52.64986731772217,26.54,high
6,180,12_7,12,7,13.1227,80.2107,214.95,53.71,False,,52.13,77.69,70.12,77.25917380124822,1.8970636525029207,77.9,3.01,19.69,0.47637582103956433,57.569173801248226,38.47,severe
7,210,12_7,12,7,13.1227,80.2107,216.13,53.25,False,,41.71,75.43,68.7,75.87488607205924,2.647109121264343,69.2,3.01,19.69,0.47637582103956433,56.18488607205924,50.07,severe
8,240,12_7,12,7,13.1227,80.2107,220.46,52.11,False,,36.65,67.0,56.53,67.64195658946632,2.108985889403208,75.5,3.01,19.69,0.47637582103956433,47.95195658946632,59.74,severe
9,270,12_7,12,7,13.1227,80.2107,233.46,51.42,False,,19.55,51.69,45.83,51.325874419061385,3.594434210151407,58.2,3.01,19.69,0.47637582103956433,31.635874419061384,65.58,severe
10,300,12_7,12,7,13.1227,80.2107,238.62,48.98,False,,17.82,37.71,31.14,39.11700066884285,4.07419698910418,52.6,3.01,19.69,0.47637582103956433,19.427000668842847,68.54,severe
11,330,12_7,12,7,13.1227,80.2107,237.27,45.58,False,,13.3,24.33,20.8,26.54163302803473,3.4737717904788497,59.6,3.01,19.69,0.47637582103956433,6.85163302803473,68.55,severe
0,0,12_8,12,8,13.1227,80.2307,254.07,41.12,False,,16.45,10.81,16.55,13.814959440590943,1.3216286089282634,84.6,0.96,18.68,0.5174744598726568,0.0,0.0,safe
1,30,12_8,12,8,13.1227,80.2307,247.37,43.76,False,,22.9,18.01,24.0,19.689606031429445,2.0222438684242205,76.5,0.96,18.68,0.5174744598726568,1.0096060314294455,0.0,safe
2,60,12_8,12,8,13.1227,80.2307,243.63,45.78,False,,57.96,30.28,39.17,29.69175141774892,2.2105552571732114,74.3,0.96,18.68,0.5174744598726568,11.011751417748922,1.01,low
3,90,12_8,12,8,13.1227,80.2307,238.24,48.36,False,,49.2,42.14,52.98,39.9634300416121,3.28067325486557,61.8,0.96,18.68,0.5174744598726568,21.2834300416121,4.46,low
4,120,12_8,12,8,13.1227,80.2307,224.07,51.62,False,,84.09,58.88,69.92,62.1308002548594,3.898968369544615,54.6,0.96,18.68,0.5174744598726568,43.4508002548594,13.16,moderate
5,150,12_8,12,8,13.1227,80.2307,217.01,52.27,False,,72.81,74.02,79.9,75.18796915737788,2.5132986895705303,70.8,0.96,18.68,0.5174744598726568,56.50796915737788,24.97,high
6,180,12_8,12,8,13.1227,80.2307,219.84,53.68,False,,64.85,82.15,81.92,81.22789838142334,2.1742472044854497,74.7,0.96,18.68,0.5174744598726568,62.547898381423344,38.2,severe
7,210,12_8,12,8,13.1227,80.2307,215.61,52.47,False,,49.36,78.33,80.25,78.63757217199306,3.522611542791376,59.0,0.96,18.68,0.5174744598726568,59.95757217199306,50.82,severe
8,240,12_8,12,8,13.1227,80.2307,219.6,54.7,False,,50.49,72.63,68.48,74.39806932230823,2.531849995273219,70.5,0.96,18.68,0.5174744598726568,55.71806932230823,62.44,severe
9,270,12_8,12,8,13.1227,80.2307,219.65,51.41,False,,26.71,61.22,53.36,63.82183633546995,3.950170747647321,54.0,0.96,18.68,0.5174744598726568,45.141836335469954,71.54,severe
10,300,12_8,12,8,13.1227,80.2307,232.79,48.62,False,,18.05,41.93,31.67,43.54345606379738,2.9676649789300096,65.5,0.96,18.68,0.5174744598726568,24.86345606379738,75.84,severe
11,330,12_8,12,8,13.1227,80.2307,244.66,45.6,False,,22.64,28.0,22.03,27.440389511927023,2.709661025008286,68.5,0.96,18.68,0.5174744598726568,8.760389511927023,76.32,severe
0,0,12_9,12,9,13.1227,80.2507,257.76,34.84,False,,22.2,6.23,16.55,6.087113062828696,0.5180204865446424,94.0,0.5,17.91,1.0696066145908785,0.0,0.0,safe
1,30,12_9,12,9,13.1227,80.2507,251.97,42.23,False,,30.94,15.56,24.0,15.952634247517793,1.196865609724355,86.1,0.5,17.91,1.0696066145908785,0.0,0.0,safe
2,60,12_9,12,9,13.1227,80.2507,246.63,46.3,False,,65.7,24.3,39.17,31.78582249490704,3.878295316071565,54.9,0.5,17.91,1.0696066145908785,13.875822494907041,2.09,low
3,90,12_9,12,9,13.1227,80.2507,238.82,48.2,False,,67.02,37.27,52.98,38.0000938714264,1.796746661199972,79.1,0.5,17.91,1.0696066145908785,20.0900938714264,5.84,moderate
4,120,12_9,12,9,13.1227,80.2507,232.09,51.14,False,,74.2,54.16,69.92,54.60321192674339,4.724201774742182,50.0,0.5,17.91,1.0696066145908785,36.69321192674339,14.01,moderate
5,150,12_9,12,9,13.1227,80.2507,221.63,51.99,False,,81.75,69.49,79.9,70.27429538335839,2.4209072995551018,71.8,0.5,17.91,1.0696066145908785,52.364295383358396,26.34,high
6,180,12_9,12,9,13.1227,80.2507,216.35,55.13,False,,70.01,79.17,81.92,81.2157627274199,2.296410886739489,73.3,0.5,17.91,1.0696066145908785,63.3057627274199,41.59,severe
7,210,12_9,12,9,13.1227,80.2507,211.5,54.9,False,,50.89,87.0,80.25,85.51475890106452,1.9959065620105176,76.8,0.5,17.91,1.0696066145908785,67.60475890106453,57.99,severe
8,240,12_9,12,9,13.1227,80.2507,214.37,52.86,False,,52.11,77.64,68.48,78.17010079037719,2.297826417351193,73.3,0.5,17.91,1.0696066145908785,60.260100790377194,72.42,severe
9,270,12_9,12,9,13.1227,80.2507,223.17,50.89,False,,24.98,67.77,53.36,64.44560460706336,3.8285271046181553,55.5,0.5,17.91,1.0696066145908785,46.53560460706336,83.21,severe
10,300,12_9,12,9,13.1227,80.2507,232.76,50.46,False,,30.44,49.61,31.67,49.36206043188503,2.206715786954814,74.3,0.5,17.91,1.0696066145908785,31.452060431885027,89.98,severe
11,330,12_9,12,9,13.1227,80.2507,234.68,49.78,False,,0.0,34.67,22.03,36.89836451399023,3.6820593540575817,57.2,0.5,17.91,1.0696066145908785,18.98836451399023,93.43,severe
0,0,12_10,12,10,13.1227,80.2707,257.1,34.22,False,,23.38,3.88,5.94,4.620646634952892,0.7815764949588453,90.9,2.48,17.6,0.10816057106733856,0.0,0.0,safe
1,30,12_10,12,10,13.1227,80.2707,250.41,40.12,False,,31.21,12.41,12.52,12.521249590548184,0.9366751547890632,89.1,2.48,17.6,0.10816057106733856,0.0,0.0,safe
2,60,12_10,12,10,13.1227,80.2707,250.52,42.65,False,,51.18,18.99,20.0,18.537980784404866,1.4358554922472937,83.3,2.48,17.6,0.10816057106733856,0.9379807844048642,0.0,safe
3,90,12_10,12,10,13.1227,80.2707,241.29,45.31,False,,58.77,31.99,35.65,31.90400538961033,2.3580761893070177,72.6,2.48,17.6,0.10816057106733856,14.304005389610328,1.49,low
4,120,12_10,12,10,13.1227,80.2707,235.95,48.69,False,,76.31,51.56,47.19,48.71980960361342,3.794802290205211,55.8,2.48,17.6,0.10816057106733856,31.11980960361342,6.6,moderate
5,150,12_10,12,10,13.1227,80.2707,223.54,52.65,False,,81.95,63.29,64.51,64.65427625529897,2.850808544754635,66.8,2.48,17.6,0.10816057106733856,47.054276255298966,15.15,high
6,180,12_10,12,10,13.1227,80.2707,218.72,53.85,False,,59.42,78.56,77.64,77.34550794850084,2.088335224214754,75.7,2.48,17.6,0.10816057106733856,59.74550794850084,26.43,high
7,210,12_10,12,10,13.1227,80.2707,214.23,52.56,False,,57.01,85.6,85.48,83.68895138247962,3.115900611212787,63.7,2.48,17.6,0.10816057106733856,66.08895138247962,39.09,severe
8,240,12_10,12,10,13.1227,80.2707,210.96,53.64,False,,48.47,82.5,76.12,81.0456039860376,3.348702836706257,61.0,2.48,17.6,0.10816057106733856,63.445603986037604,51.17,severe
9,270,12_10,12,10,13.1227,80.2707,222.85,53.94,False,,45.27,72.81,69.03,71.68962311978059,2.453443196017547,71.5,2.48,17.6,0.10816057106733856,54.08962311978059,61.24,severe
10,300,12_10,12,10,13.1227,80.2707,234.63,51.27,False,,16.31,55.27,51.08,48.77094020304627,5.222356011546892,50.0,2.48,17.6,0.10816057106733856,31.17094020304627,66.36,severe
11,330,12_10,12,10,13.1227,80.2707,242.63,47.78,False,,11.0,40.54,37.74,37.9506987529316,3.7503290181964166,56.4,2.48,17.6,0.10816057106733856,20.3506987529316,69.15,severe
0,0,12_11,12,11,13.1227,80.2907,257.1,32.64,False,,38.16,3.94,5.94,4.122867808734304,0.781411512155841,90.9,4.69,17.91,0.185237196195156,0.0,0.0,safe
1,30,12_11,12,11,13.1227,80.2907,257.51,37.5,False,,26.28,8.33,12.52,7.971065291534103,0.8141030819329139,90.5,4.69,17.91,0.185237196195156,0.0,0.0,safe
2,60,12_11,12,11,13.1227,80.2907,247.57,42.99,False,,39.98,18.44,20.0,18.87762295136327,1.2386764487430668,85.6,4.69,17.91,0.185237196195156,0.9676229513632713,0.0,safe
3,90,12_11,12,11,13.1227,80.2907,243.02,47.88,False,,55.46,30.47,35.65,33.80511666303382,4.08462584570206,52.5,4.69,17.91,0.185237196195156,15.895116663033821,1.89,low
4,120,12_11,12,11,13.1227,80.2907,230.77,49.26,False,,66.56,45.23,47.19,47.55500966154828,3.136563817537461,63.5,4.69,17.91,0.185237196195156,29.645009661548283,6.81,moderate
5,150,12_11,12,11,13.1227,80.2907,229.15,48.67,False,,72.65,56.41,64.51,54.28712357591992,4.332774896619181,50.0,4.69,17.91,0.185237196195156,36.377123575919924,13.2,moderate
6,180,12_11,12,11,13.1227,80.2907,217.79,52.03,False,,73.79,73.23,77.64,73.92477527006159,2.229067865068384,74.1,4.69,17.91,0.185237196195156,56.01477527006159,23.91,high
7,210,12_11,12,11,13.1227,80.2907,210.03,52.73,False,,68.6,82.88,85.48,82.96068064176245,1.7239137064738783,79.9,4.69,17.91,0.185237196195156,65.05068064176245,36.6,severe
8,240,12_11,12,11,13.1227,80.2907,212.61,54.63,False,,67.92,82.47,76.12,81.41914593121811,2.2791759199830155,73.5,4.69,17.91,0.185237196195156,63.509145931218114,48.95,severe
9,270,12_11,12,11,13.1227,80.2907,218.75,53.84,False,,42.33,77.32,69.03,76.45071958485686,2.5705800870260487,70.1,4.69,17.91,0.185237196195156,58.54071958485686,60.22,severe
10,300,12_11,12,11,13.1227,80.2907,223.73,50.96,False,,31.35,59.79,51.08,60.78133830636075,2.0772222932874995,75.8,4.69,17.91,0.185237196195156,42.871338306360755,68.04,severe
11,330,12_11,12,11,13.1227,80.2907,239.81,50.7,False,,17.14,45.98,37.74,44.30032171989569,2.629135482161309,69.4,4.69,17.91,0.185237196195156,26.39032171989569,72.24,severe
0,0,12_12,12,12,13.1227,80.3107,258.76,30.76,False,,3.82,2.61,4.25,2.985864439903466,0.4295734325645775,95.0,7.04,18.68,0.05820013807507962,0.0,0.0,safe
1,30,12_12,12,12,13.1227,80.3107,257.36,36.55,False,,27.98,5.89,11.67,6.481074628781857,0.7138282779842072,91.7,7.04,18.68,0.05820013807507962,0.0,0.0,safe
2,60,12_12,12,12,13.1227,80.3107,249.58,40.78,False,,25.33,13.67,18.08,15.481694603843865,1.6260694324638174,81.1,7.04,18.68,0.05820013807507962,0.0,0.0,safe
3,90,12_12,12,12,13.1227,80.3107,242.68,46.02,False,,57.25,24.68,27.29,26.860876300192466,3.042388756561518,64.6,7.04,18.68,0.05820013807507962,8.180876300192466,0.14,low
4,120,12_12,12,12,13.1227,80.3107,245.87,46.6,False,,43.82,36.25,41.82,34.282475279592205,2.754194695666673,68.0,7.04,18.68,0.05820013807507962,15.602475279592205,1.87,low
5,150,12_12,12,12,13.1227,80.3107,229.66,49.59,False,,61.25,51.62,58.88,53.96043868839693,4.121304036960397,52.1,7.04,18.68,0.05820013807507962,35.28043868839693,7.78,moderate
6,180,12_12,12,12,13.1227,80.3107,228.21,52.12,False,,59.16,67.44,69.46,64.99453614953062,4.292792165867221,50.1,7.04,18.68,0.05820013807507962,46.31453614953062,16.05,high
7,210,12_12,12,12,13.1227,80.3107,217.51,52.26,False,,63.76,78.29,74.97,75.46453005556076,3.1537632717280104,63.3,7.04,18.68,0.05820013807507962,56.78453005556076,26.55,high
8,240,12_12,12,12,13.1227,80.3107,224.9,53.43,False,,53.13,77.55,77.91,74.26338438464298,4.740324052609355,50.0,7.04,18.68,0.05820013807507962,55.583384384642976,36.79,severe
9,270,12_12,12,12,13.1227,80.3107,219.85,53.93,False,,43.3,75.44,66.21,74.0113662936453,2.8064703647213816,67.3,7.04,18.68,0.05820013807507962,55.331366293645296,46.98,severe
10,300,12_12,12,12,13.1227,80.3107,217.34,52.41,False,,31.25,64.2,54.07,69.81503572594073,3.648077198527463,57.6,7.04,18.68,0.05820013807507962,51.13503572594073,56.28,severe
11,330,12_12,12,12,13.1227,80.3107,228.67,50.56,False,,27.18,48.64,40.49,50.29247895154285,3.59320718753446,58.2,7.04,18.68,0.05820013807507962,31.612478951542847,61.41,severe
0,0,12_13,12,13,13.1227,80.3307,260.07,29.88,False,,0.0,2.89,4.25,2.8102434199654827,0.3173745124443768,96.3,8.89,19.69,0.0,0.0,0.0,safe
1,30,12_13,12,13,13.1227,80.3307,260.04,33.41,False,,17.37,4.65,11.67,4.561022581024426,0.518895850763936,94.0,8.89,19.69,0.0,0.0,0.0,safe
2,60,12_13,12,13,13.1227,80.3307,252.93,35.03,False,,23.28,5.74,18.08,5.92225715091037,0.5709326827062042,93.4,8.89,19.69,0.0,0.0,0.0,safe
3,90,12_13,12,13,13.1227,80.3307,247.04,43.13,False,,49.66,18.92,27.29,19.43242625040793,1.5393871278738656,82.1,8.89,19.69,0.0,0.0,0.0,safe
4,120,12_13,12,13,13.1227,80.3307,242.09,47.9,False,,50.55,29.94,41.82,32.56473712720842,3.445708285201213,59.9,8.89,19.69,0.0,12.874737127208416,1.1,low
5,150,12_13,12,13,13.1227,80.3307,235.18,50.52,False,,54.57,44.71,58.88,47.58343830079109,3.807788666847928,55.7,8.89,19.69,0.0,27.893438300791086,5.36,moderate
6,180,12_13,12,13,13.1227,80.3307,225.5,51.1,False,,60.53,56.74,69.46,59.62800399394835,4.779232894708626,50.0,8.89,19.69,0.0,39.93800399394834,12.15,moderate
7,210,12_13,12,13,13.1227,80.3307,217.16,52.4,False,,65.58,71.75,74.97,73.18589985683613,2.5124614724812897,70.8,8.89,19.69,0.0,53.49589985683613,21.78,high
8,240,12_13,12,13,13.1227,80.3307,219.62,52.65,False,,56.19,75.76,77.91,74.16088458889533,2.4632346422947617,71.3,8.89,19.69,0.0,54.47088458889533,31.62,severe
9,270,12_13,12,13,13.1227,80.3307,218.74,55.79,False,,61.89,74.33,66.21,74.46306573032682,2.707094482985704,68.5,8.89,19.69,0.0,54.77306573032682,41.52,severe
10,300,12_13,12,13,13.1227,80.3307,222.41,52.25,False,,28.66,67.22,54.07,64.91510188436791,5.455333449587904,50.0,8.89,19.69,0.0,45.225101884367916,49.42,severe
11,330,12_13,12,13,13.1227,80.3307,226.42,51.16,False,,26.78,50.24,40.49,53.98134924512975,6.368938233638271,50.0,8.89,19.69,0.0,34.29134924512975,55.02,severe
0,0,12_14,12,14,13.1227,80.3507,257.13,27.4,False,,0.84,2.06,4.25,2.168660818258511,0.37325874952005,95.7,9.61,20.81,0.2612748310531554,0.0,0.0,safe
1,30,12_14,12,14,13.1227,80.3507,257.75,33.14,False,,7.3,3.25,11.67,3.735055913580016,0.7265726060215074,91.5,9.61,20.81,0.2612748310531554,0.0,0.0,safe
2,60,12_14,12,14,13.1227,80.3507,258.85,36.09,False,,25.92,6.43,18.08,6.688549241198476,0.8978343012659824,89.6,9.61,20.81,0.2612748310531554,0.0,0.0,safe
3,90,12_14,12,14,13.1227,80.3507,254.57,42.78,False,,37.01,13.44,27.29,14.735068885697656,2.368526613972271,72.4,9.61,20.81,0.2612748310531554,0.0,0.0,safe
4,120,12_14,12,14,13.1227,80.3507,246.84,45.28,False,,67.01,23.72,41.82,25.33680339984963,2.856936036562562,66.8,9.61,20.81,0.2612748310531554,4.52680339984963,0.0,safe
5,150,12_14,12,14,13.1227,80.3507,235.06,46.41,False,,67.83,36.66,58.88,36.918984809079774,2.3178407169775013,73.0,9.61,20.81,0.2612748310531554,16.108984809079775,2.0,low
6,180,12_14,12,14,13.1227,80.3507,228.31,49.76,False,,56.09,50.16,69.46,53.09234049909284,3.7452449469033335,56.4,9.61,20.81,0.2612748310531554,32.28234049909284,7.63,moderate
7,210,12_14,12,14,13.1227,80.3507,228.66,52.15,False,,53.21,59.81,74.97,60.24299941046725,3.315313875576752,61.4,9.61,20.81,0.2612748310531554,39.43299941046725,14.85,moderate
8,240,12_14,12,14,13.1227,80.3507,221.01,52.36,False,,44.15,68.64,77.91,72.02534046285494,4.12454161262515,52.0,9.61,20.81,0.2612748310531554,51.21534046285494,24.71,high
9,270,12_14,12,14,13.1227,80.3507,222.47,52.17,False,,43.26,70.68,66.21,68.80638248322016,3.722956226867408,56.7,9.61,20.81,0.2612748310531554,47.99638248322016,33.84,severe
10,300,12_14,12,14,13.1227,80.3507,230.12,51.34,False,,30.24,63.29,54.07,59.58269919245562,3.975551128600415,53.7,9.61,20.81,0.2612748310531554,38.77269919245562,40.92,severe
11,330,12_14,12,14,13.1227,80.3507,230.91,51.12,False,,28.27,50.52,40.49,50.67885567057924,2.130933539508607,75.2,9.61,20.81,0.2612748310531554,29.86885567057924,46.0,severe
0,0,12_15,12,15,13.1227,80.3707,256.18,27.81,False,,9.75,2.16,4.25,2.135481302373905,0.2138904490491091,97.5,10.86,22.0,0.0,0.0,0.0,safe
1,30,12_15,12,15,13.1227,80.3707,258.22,23.76,False,,23.17,1.19,11.67,1.2844844179894173,0.1620464873401835,98.1,10.86,22.0,0.0,0.0,0.0,safe
2,60,12_15,12,15,13.1227,80.3707,252.7,32.33,False,,24.94,3.96,18.08,4.119092134195572,0.5102326597439735,94.1,10.86,22.0,0.0,0.0,0.0,safe
3,90,12_15,12,15,13.1227,80.3707,251.57,38.72,False,,16.0,10.22,27.29,10.275191185950725,0.6813120013622385,92.1,10.86,22.0,0.0,0.0,0.0,safe
4,120,12_15,12,15,13.1227,80.3707,250.33,41.29,False,,34.98,18.6,41.82,17.40878377569649,1.7089599180024957,80.1,10.86,22.0,0.0,0.0,0.0,safe
5,150,12_15,12,15,13.1227,80.3707,240.53,46.43,False,,48.06,29.24,58.88,31.20856889684624,2.8411400812946908,66.9,10.86,22.0,0.0,9.208568896846241,0.33,low
6,180,12_15,12,15,13.1227,80.3707,236.15,49.51,False,,48.43,39.95,69.46,46.76682719411922,3.138698451724692,63.5,10.86,22.0,0.0,24.766827194119223,3.93,low
7,210,12_15,12,15,13.1227,80.3707,232.15,50.31,False,,38.99,53.95,74.97,54.18251456801035,2.445520409812066,71.5,10.86,22.0,0.0,32.18251456801035,9.09,moderate
8,240,12_15,12,15,13.1227,80.3707,226.72,53.03,False,,52.79,61.51,77.91,67.29409419642849,5.669594042914778,50.0,10.86,22.0,0.0,45.29409419642849,17.0,high
9,270,12_15,12,15,13.1227,80.3707,224.85,52.38,False,,20.53,64.91,66.21,64.31604185597104,2.292447749124372,73.3,10.86,22.0,0.0,42.31604185597104,24.29,high
10,300,12_15,12,15,13.1227,80.3707,232.12,50.75,False,,56.64,60.47,54.07,56.80612907491224,3.935558597648282,54.2,10.86,22.0,0.0,34.80612907491224,30.0,severe
11,330,12_15,12,15,13.1227,80.3707,232.35,49.47,False,,21.89,50.56,40.49,49.64214243685892,2.81309370286681,67.3,10.86,22.0,0.0,27.64214243685892,34.21,severe
0,0,12_16,12,16,13.1227,80.3907,254.95,33.02,False,,0.0,4.04,1.01,4.084499860011023,0.3641194453290837,95.8,11.18,23.22,0.27461920935957274,0.0,0.0,safe
1,30,12_16,12,16,13.1227,80.3907,260.14,-8.52,False,,15.43,0.0,1.54,0.0,0.0,99.0,11.18,23.22,0.27461920935957274,0.0,0.0,safe
2,60,12_16,12,16,13.1227,80.3907,258.37,32.18,False,,12.01,5.64,3.48,3.5803186095720125,0.3189854930908951,96.3,11.18,23.22,0.27461920935957274,0.0,0.0,safe
3,90,12_16,12,16,13.1227,80.3907,259.07,33.44,False,,34.62,5.46,3.88,4.845040275516204,0.7042008348572366,91.8,11.18,23.22,0.27461920935957274,0.0,0.0,safe
4,120,12_16,12,16,13.1227,80.3907,253.0,42.21,False,,20.55,13.87,3.64,14.800662654891791,1.492388563532705,82.6,11.18,23.22,0.27461920935957274,0.0,0.0,safe
5,150,12_16,12,16,13.1227,80.3907,246.67,44.05,False,,44.07,22.4,12.16,21.429064326402,1.3151792593530287,84.7,11.18,23.22,0.27461920935957274,0.0,0.0,safe
6,180,12_16,12,16,13.1227,80.3907,237.0,46.93,False,,47.09,33.63,16.08,33.764584880168925,3.023772965752958,64.8,11.18,23.22,0.27461920935957274,10.544584880168927,0.77,low
7,210,12_16,12,16,13.1227,80.3907,238.06,50.12,False,,54.3,44.39,26.6,42.93514549476188,2.382519969631617,72.3,11.18,23.22,0.27461920935957274,19.715145494761884,3.59,low
8,240,12_16,12,16,13.1227,80.3907,229.68,49.63,False,,47.77,51.26,35.32,51.49491402087672,4.540696565522641,50.0,11.18,23.22,0.27461920935957274,28.27491402087672,8.34,moderate
9,270,12_16,12,16,13.1227,80.3907,230.76,50.05,False,,62.02,54.68,43.76,52.613175071123294,2.344424217343464,72.7,11.18,23.22,0.27461920935957274,29.393175071123295,13.33,moderate
10,300,12_16,12,16,13.1227,80.3907,227.06,49.16,False,,35.98,56.91,50.43,56.320131611261495,2.9230625317995647,66.0,11.18,23.22,0.27461920935957274,33.100131611261496,19.16,high
11,330,12_16,12,16,13.1227,80.3907,231.8,50.04,False,,25.53,50.49,46.93,52.24660549208792,2.6093221688701846,69.6,11.18,23.22,0.27461920935957274,29.026605492087924,24.07,high
0,0,12_17,12,17,13.1227,80.4107,264.23,26.43,False,,4.27,1.47,1.01,1.5251105028926402,0.15958891803175,98.1,11.86,24.46,0.30019751907159,0.0,0.0,safe
1,30,12_17,12,17,13.1227,80.4107,258.3,6.29,False,,20.22,0.09,1.54,0.105095,0.0615969640079768,99.0,11.86,24.46,0.30019751907159,0.0,0.0,safe
2,60,12_17,12,17,13.1227,80.4107,260.23,27.28,False,,18.04,1.72,3.48,1.8515069829069024,0.3430233768585646,96.0,11.86,24.46,0.30019751907159,0.0,0.0,safe
3,90,12_17,12,17,13.1227,80.4107,259.67,34.34,False,,14.65,4.02,3.88,4.43334770946464,0.4956822404090564,94.2,11.86,24.46,0.30019751907159,0.0,0.0,safe
4,120,12_17,12,17,13.1227,80.4107,251.75,39.93,False,,35.45,9.71,3.64,10.649228485734875,1.4482499798229935,83.2,11.86,24.46,0.30019751907159,0.0,0.0,safe
5,150,12_17,12,17,13.1227,80.4107,259.73,40.61,False,,27.28,14.86,12.16,13.245326906778809,1.7359078470694589,79.8,11.86,24.46,0.30019751907159,0.0,0.0,safe
6,180,12_17,12,17,13.1227,80.4107,248.95,45.7,False,,43.46,25.78,16.08,25.417495791362743,1.4063138744112076,83.6,11.86,24.46,0.30019751907159,0.9574957913627422,0.0,safe
7,210,12_17,12,17,13.1227,80.4107,234.66,48.91,False,,38.04,36.55,26.6,38.74612525385544,3.5010274413052955,59.3,11.86,24.46,0.30019751907159,14.286125253855438,1.63,low
8,240,12_17,12,17,13.1227,80.4107,234.79,49.63,False,,44.11,43.19,35.32,43.529700244102656,1.8122133750937464,78.9,11.86,24.46,0.30019751907159,19.069700244102656,4.33,low
9,270,12_17,12,17,13.1227,80.4107,234.76,48.72,False,,34.57,50.79,43.76,44.57278103624129,3.5312679714336164,58.9,11.86,24.46,0.30019751907159,20.112781036241287,7.27,moderate
10,300,12_17,12,17,13.1227,80.4107,233.99,50.85,False,,44.73,51.66,50.43,51.25577474093445,3.0160184088128434,64.9,11.86,24.46,0.30019751907159,26.795774740934448,11.72,moderate
11,330,12_17,12,17,13.1227,80.4107,237.01,49.28,False,,26.72,46.08,46.93,45.59361470228348,2.081671585821097,75.8,11.86,24.46,0.30019751907159,21.13361470228348,14.89,moderate
0,0,12_18,12,18,13.1227,80.4307,251.58,-8.3,False,,4.18,0.0,1.01,0.0008,0.0112853887837327,99.0,13.14,25.72,0.0,0.0,0.0,safe
1,30,12_18,12,18,13.1227,80.4307,259.9,29.57,False,,27.42,2.71,1.54,2.639040486757882,0.3178207245698981,96.3,13.14,25.72,0.0,0.0,0.0,safe
2,60,12_18,12,18,13.1227,80.4307,252.19,26.5,False,,21.22,1.62,3.48,1.6287911416854728,0.1411687343252519,98.4,13.14,25.72,0.0,0.0,0.0,safe
3,90,12_18,12,18,13.1227,80.4307,258.38,29.46,False,,18.14,2.28,3.88,2.462308027810028,0.2621705185286231,96.9,13.14,25.72,0.0,0.0,0.0,safe
4,120,12_18,12,18,13.1227,80.4307,257.83,33.76,False,,8.32,4.82,3.64,4.722390224200099,0.3001570330399947,96.5,13.14,25.72,0.0,0.0,0.0,safe
5,150,12_18,12,18,13.1227,80.4307,249.28,40.41,False,,21.83,11.7,12.16,12.70998269135024,1.697485482915655,80.3,13.14,25.72,0.0,0.0,0.0,safe
6,180,12_18,12,18,13.1227,80.4307,255.9,43.63,False,,42.56,18.02,16.08,18.03480242832366,1.8355163282128133,78.6,13.14,25.72,0.0,0.0,0.0,safe
7,210,12_18,12,18,13.1227,80.4307,242.74,45.0,False,,42.58,27.3,26.6,26.782709302023463,1.8360675323746076,78.6,13.14,25.72,0.0,1.062709302023464,0.0,safe
8,240,12_18,12,18,13.1227,80.4307,241.81,46.47,False,,31.32,33.74,35.32,33.621442444106975,3.636243810764936,57.7,13.14,25.72,0.0,7.901442444106976,0.06,low
9,270,12_18,12,18,13.1227,80.4307,241.06,48.54,False,,37.86,40.33,43.76,38.53487907579327,2.6201900287613284,69.5,13.14,25.72,0.0,12.814879075793272,1.15,low
10,300,12_18,12,18,13.1227,80.4307,242.73,51.5,False,,45.24,41.69,50.43,42.559119408639255,2.6230834720898835,69.5,13.14,25.72,0.0,16.839119408639256,3.09,low
11,330,12_18,12,18,13.1227,80.4307,238.97,49.32,False,,19.96,41.35,46.93,41.87712024649815,1.8852671564367431,78.1,13.14,25.72,0.0,16.157120246498152,4.88,low
0,0,12_19,12,19,13.1227,80.4507,259.47,25.98,False,,3.77,1.5,1.01,1.555696547822216,0.0933674832971626,98.9,14.3,26.99,0.0,0.0,0.0,safe
1,30,12_19,12,19,13.1227,80.4507,260.08,26.48,False,,10.35,1.55,1.54,1.5543915209101649,0.1286112492904408,98.5,14.3,26.99,0.0,0.0,0.0,safe
2,60,12_19,12,19,13.1227,80.4507,257.72,-8.88,False,,3.34,0.0,3.48,0.0,0.0,99.0,14.3,26.99,0.0,0.0,0.0,safe
3,90,12_19,12,19,13.1227,80.4507,259.28,32.83,False,,17.59,4.07,3.88,4.1531120334441525,0.3655845375356686,95.7,14.3,26.99,0.0,0.0,0.0,safe
4,120,12_19,12,19,13.1227,80.4507,252.66,31.48,False,,8.3,4.08,3.64,3.7806134790990966,0.3498916376863099,95.9,14.3,26.99,0.0,0.0,0.0,safe
5,150,12_19,12,19,13.1227,80.4507,253.62,38.18,False,,18.24,9.81,12.16,9.523930159374348,0.5774644037392291,93.3,14.3,26.99,0.0,0.0,0.0,safe
6,180,12_19,12,19,13.1227,80.4507,255.78,41.18,False,,27.36,13.2,16.08,13.056066522055234,0.8126724730528909,90.5,14.3,26.99,0.0,0.0,0.0,safe
7,210,12_19,12,19,13.1227,80.4507,253.12,44.97,False,,16.95,18.67,26.6,20.31395017521213,2.8715231405110253,66.6,14.3,26.99,0.0,0.0,0.0,safe
8,240,12_19,12,19,13.1227,80.4507,245.75,45.46,False,,43.86,26.46,35.32,26.93578399937188,2.8288518544925103,67.1,14.3,26.99,0.0,0.0,0.0,safe
9,270,12_19,12,19,13.1227,80.4507,239.88,46.37,False,,26.04,35.1,43.76,34.49458277904171,2.750622933372388,68.0,14.3,26.99,0.0,7.504582779041709,0.0,safe
10,300,12_19,12,19,13.1227,80.4507,237.62,47.78,False,,43.66,36.24,50.43,37.29651080916522,1.7398372561998166,79.8,14.3,26.99,0.0,10.306510809165221,0.56,low
11,330,12_19,12,19,13.1227,80.4507,241.14,48.92,False,,27.02,38.11,46.93,39.18790738090519,2.39991954637039,72.1,14.3,26.99,0.0,12.197907380905189,1.53,low
0,0,13_0,13,0,13.1427,80.0707,253.84,38.86,False,,22.45,10.25,13.8,10.050128108361791,1.1312097932126282,86.8,13.8,28.57,0.0,0.0,0.0,safe
1,30,13_0,13,0,13.1427,80.0707,251.05,40.89,False,,30.18,15.45,16.27,14.936903843400648,0.9856929432177456,88.5,13.8,28.57,0.0,0.0,0.0,safe
2,60,13_0,13,0,13.1427,80.0707,250.25,45.03,False,,19.64,22.34,25.27,22.73047494745761,1.4506051444545882,83.1,13.8,28.57,0.0,0.0,0.0,safe
3,90,13_0,13,0,13.1427,80.0707,244.6,45.15,False,,13.51,23.48,28.28,24.428937658168635,1.8320982082331705,78.7,13.8,28.57,0.0,0.0,0.0,safe
4,120,13_0,13,0,13.1427,80.0707,248.93,45.09,False,,29.43,25.1,32.72,25.101981349891325,2.251110562638932,73.8,13.8,28.57,0.0,0.0,0.0,safe
5,150,13_0,13,0,13.1427,80.0707,243.92,43.86,False,,13.73,23.93,33.12,24.297037181845926,2.4220869698060854,71.8,13.8,28.57,0.0,0.0,0.0,safe
6,180,13_0,13,0,13.1427,80.0707,250.62,43.11,False,,4.68,20.14,29.7,19.79866314266165,1.658484514509558,80.7,13.8,28.57,0.0,0.0,0.0,safe
7,210,13_0,13,0,13.1427,80.0707,249.35,43.57,False,,19.74,17.2,21.21,18.522141923520543,1.485139601278112,82.7,13.8,28.57,0.0,0.0,0.0,safe
8,240,13_0,13,0,13.1427,80.0707,254.88,40.91,False,,20.81,10.61,17.39,12.22023935463086,2.196078994831681,74.4,13.8,28.57,0.0,0.0,0.0,safe
9,270,13_0,13,0,13.1427,80.0707,252.07,39.41,False,,0.0,9.57,8.57,11.121346787766594,0.992941562392002,88.4,13.8,28.57,0.0,0.0,0.0,safe
10,300,13_0,13,0,13.1427,80.0707,260.79,28.79,False,,0.0,3.69,11.16,2.198707778541719,0.3479906119349117,96.0,13.8,28.57,0.0,0.0,0.0,safe
11,330,13_0,13,0,13.1427,80.0707,257.89,30.69,False,,10.49,2.7,6.49,2.971055489212502,0.3913118751920683,95.4,13.8,28.57,0.0,0.0,0.0,safe
0,0,13_1,13,1,13.1427,80.0907,252.85,40.89,True,13.8,21.15,12.64,13.8,13.172252510435788,1.0299059858393085,88.0,12.75,27.33,0.0,0.0,0.0,safe
1,30,13_1,13,1,13.1427,80.0907,251.14,42.16,True,16.27,22.51,16.02,16.27,15.838965208176008,1.1048496699070325,87.1,12.75,27.33,0.0,0.0,0.0,safe
2,60,13_1,13,1,13.1427,80.0907,246.79,44.89,True,25.27,34.46,24.37,25.27,23.17963831257881,2.266368969546729,73.6,12.75,27.33,0.0,0.0,0.0,safe
3,90,13_1,13,1,13.1427,80.0907,246.83,46.88,True,28.28,33.85,28.21,28.28,28.099144341808334,1.9142525358268856,77.7,12.75,27.33,0.0,0.7691443418083352,0.0,safe
4,120,13_1,13,1,13.1427,80.0907,242.61,47.26,True,32.72,22.33,33.85,32.72,33.18677123578265,1.7283442583419062,79.9,12.75,27.33,0.0,5.856771235782652,0.0,safe
5,150,13_1,13,1,13.1427,80.0907,243.78,46.41,True,33.12,37.79,33.13,33.12,32.819121292086,1.592165121500165,81.5,12.75,27.33,0.0,5.489121292086004,0.0,safe
6,180,13_1,13,1,13.1427,80.0907,239.78,46.55,True,29.7,29.74,29.41,29.7,30.787229797670488,2.858695643038222,66.7,12.75,27.33,0.0,3.4572297976704895,0.0,safe
7,210,13_1,13,1,13.1427,80.0907,248.91,45.66,True,21.21,25.0,22.84,21.21,24.43993279904544,1.5559215823195656,81.9,12.75,27.33,0.0,0.0,0.0,safe
8,240,13_1,13,1,13.1427,80.0907,250.36,40.61,True,17.39,9.94,16.73,17.39,16.62906924604075,1.3614298452273943,84.2,12.75,27.33,0.0,0.0,0.0,safe
9,270,13_1,13,1,13.1427,80.0907,250.84,39.26,True,8.57,5.22,8.77,8.57,11.410838201831398,1.42182242902435,83.5,12.75,27.33,0.0,0.0,0.0,safe
10,300,13_1,13,1,13.1427,80.0907,257.81,37.86,True,11.16,1.11,9.71,11.16,9.47168125621518,0.7090257090852793,91.8,12.75,27.33,0.0,0.0,0.0,safe
11,330,13_1,13,1,13.1427,80.0907,257.29,33.85,True,6.49,0.0,5.38,6.49,4.944308746350348,0.5374871213742947,93.7,12.75,27.33,0.0,0.0,0.0,safe
0,0,13_2,13,2,13.1427,80.1107,257.42,41.33,True,9.11,16.31,10.43,9.11,11.157277997869365,1.4289999156807036,83.4,10.85,26.11,0.8067960346247318,0.0,0.0,safe
1,30,13_2,13,2,13.1427,80.1107,252.23,43.52,True,17.61,33.63,17.57,17.61,17.796643386049727,0.8997822882386103,89.5,10.85,26.11,0.8067960346247318,0.0,0.0,safe
2,60,13_2,13,2,13.1427,80.1107,242.02,45.73,True,25.14,19.65,25.78,25.14,26.709646026001256,2.183402740925486,74.6,10.85,26.11,0.8067960346247318,0.5996460260012562,0.0,safe
3,90,13_2,13,2,13.1427,80.1107,239.8,49.0,True,31.28,30.29,33.77,31.28,35.94841793737399,3.1830848533694427,63.0,10.85,26.11,0.8067960346247318,9.83841793737399,0.88,low
4,120,13_2,13,2,13.1427,80.1107,240.98,46.51,True,36.96,22.23,38.61,36.96,36.26054154938733,3.1468518834159944,63.4,10.85,26.11,0.8067960346247318,10.150541549387327,1.84,low
5,150,13_2,13,2,13.1427,80.1107,234.06,50.63,True,42.12,26.87,41.67,42.12,43.87836094368362,3.487002034836984,59.4,10.85,26.11,0.8067960346247318,17.768360943683618,4.73,low
6,180,13_2,13,2,13.1427,80.1107,240.2,46.76,True,35.95,17.49,36.29,35.95,35.63575548918282,2.096061195267415,75.6,10.85,26.11,0.8067960346247318,9.52575548918282,5.53,moderate
7,210,13_2,13,2,13.1427,80.1107,241.92,47.97,True,31.1,9.15,32.18,31.1,34.24381203079788,3.822932550497861,55.5,10.85,26.11,0.8067960346247318,8.133812030797884,5.98,moderate
8,240,13_2,13,2,13.1427,80.1107,244.44,44.68,True,21.73,12.09,22.72,21.73,23.24874826003984,2.3277251719363226,72.9,10.85,26.11,0.8067960346247318,0.0,4.38,low
9,270,13_2,13,2,13.1427,80.1107,249.54,42.07,True,15.47,4.29,16.4,15.47,16.01593456324421,1.3159492170873892,84.7,10.85,26.11,0.8067960346247318,0.0,2.78,low
10,300,13_2,13,2,13.1427,80.1107,256.97,39.54,True,9.85,0.0,10.05,9.85,9.88269463087043,1.0340537635842844,88.0,10.85,26.11,0.8067960346247318,0.0,1.18,low
11,330,13_2,13,2,13.1427,80.1107,260.13,35.39,True,6.64,0.0,5.99,6.64,5.926596284890634,0.2979833639781832,96.5,10.85,26.11,0.8067960346247318,0.0,0.0,safe
0,0,13_3,13,3,13.1427,80.1307,256.28,38.82,False,,18.48,11.06,9.11,10.106734511967804,1.1831953069242418,86.2,10.84,24.9,0.0,0.0,0.0,safe
1,30,13_3,13,3,13.1427,80.1307,254.04,44.75,False,,39.58,18.87,17.61,19.64643367432171,1.8167389087227517,78.9,10.84,24.9,0.0,0.0,0.0,safe
2,60,13_3,13,3,13.1427,80.1307,244.09,46.55,False,,38.79,25.32,25.14,26.471147941425976,2.503033135787783,70.9,10.84,24.9,0.0,1.571147941425977,0.0,safe
3,90,13_3,13,3,13.1427,80.1307,243.63,49.76,False,,42.29,35.96,31.28,37.174832215290174,2.3753334134948783,72.4,10.84,24.9,0.0,12.274832215290175,0.98,low
4,120,13_3,13,3,13.1427,80.1307,236.97,50.0,False,,51.69,43.61,36.96,44.32652694869417,1.9832077361352325,76.9,10.84,24.9,0.0,19.426526948694175,3.46,low
5,150,13_3,13,3,13.1427,80.1307,235.29,49.12,False,,35.59,46.23,42.12,45.13071562099016,2.331809839358336,72.9,10.84,24.9,0.0,20.23071562099016,6.11,moderate
6,180,13_3,13,3,13.1427,80.1307,236.05,48.33,False,,20.39,45.02,35.95,41.617624862233946,3.334652715154015,61.2,10.84,24.9,0.0,16.717624862233947,8.02,moderate
7,210,13_3,13,3,13.1427,80.1307,239.0,49.39,False,,24.26,39.55,31.1,39.89167047965245,2.1735814112009977,74.7,10.84,24.9,0.0,14.991670479652448,9.56,moderate
8,240,13_3,13,3,13.1427,80.1307,243.95,46.71,False,,20.55,31.6,21.73,28.433456634252167,2.5271486865970783,70.6,10.84,24.9,0.0,3.5334566342521683,8.71,moderate
9,270,13_3,13,3,13.1427,80.1307,249.3,43.95,False,,23.5,21.82,15.47,20.647245118928804,1.5728614601711128,81.7,10.84,24.9,0.0,0.0,7.11,moderate
10,300,13_3,13,3,13.1427,80.1307,253.92,40.44,False,,4.45,14.15,9.85,12.899914709223962,1.3356279767436976,84.5,10.84,24.9,0.0,0.0,5.51,moderate
11,330,13_3,13,3,13.1427,80.1307,259.96,37.16,False,,26.34,7.11,6.64,7.29370217786289,0.484072824630317,94.4,10.84,24.9,0.0,0.0,3.91,low
0,0,13_4,13,4,13.1427,80.1507,256.74,40.14,False,,31.5,10.97,9.11,10.85083122034786,0.7342472823491529,91.5,10.43,23.72,0.0,0.0,0.0,safe
1,30,13_4,13,4,13.1427,80.1507,253.23,41.73,False,,50.0,17.64,17.61,16.610576358287236,1.4078793649961443,83.6,10.43,23.72,0.0,0.0,0.0,safe
2,60,13_4,13,4,13.1427,80.1507,241.13,44.61,False,,29.35,29.81,25.14,28.30534001262628,3.0169452491394164,64.9,10.43,23.72,0.0,4.585340012626283,0.0,safe
3,90,13_4,13,4,13.1427,80.1507,237.26,47.19,False,,47.3,38.45,31.28,37.214616137263576,3.20627395343847,62.7,10.43,23.72,0.0,13.494616137263577,1.23,low
4,120,13_4,13,4,13.1427,80.1507,227.58,49.54,False,,54.84,49.83,36.96,52.11976788457228,3.615321621756669,57.9,10.43,23.72,0.0,28.399767884572285,5.6,moderate
5,150,13_4,13,4,13.1427,80.1507,228.95,49.26,False,,55.82,52.44,42.12,52.80142964641995,2.774618844793852,67.7,10.43,23.72,0.0,29.08142964641995,10.1,moderate
6,180,13_4,13,4,13.1427,80.1507,228.72,48.22,False,,28.15,54.21,35.95,50.29923292483652,6.058253243532567,50.0,10.43,23.72,0.0,26.579232924836518,14.09,moderate
7,210,13_4,13,4,13.1427,80.1507,233.01,49.24,False,,38.47,48.5,31.1,45.96615898034036,4.715887095851545,50.0,10.43,23.72,0.0,22.24615898034036,17.16,high
8,240,13_4,13,4,13.1427,80.1507,235.05,47.35,False,,22.58,39.76,21.73,36.57188812812185,2.237642958450324,74.0,10.43,23.72,0.0,12.85188812812185,18.26,high
9,270,13_4,13,4,13.1427,80.1507,246.06,46.66,False,,3.86,27.49,15.47,27.610474535294003,1.7123948550191652,80.1,10.43,23.72,0.0,3.890474535294004,17.47,high
10,300,13_4,13,4,13.1427,80.1507,247.49,43.52,False,,12.06,18.44,9.85,19.4135928168144,1.4644331240321249,83.0,10.43,23.72,0.0,0.0,15.87,high
11,330,13_4,13,4,13.1427,80.1507,252.1,42.44,False,,13.85,12.62,6.64,16.540350512614292,1.6029115492195698,81.4,10.43,23.72,0.0,0.0,14.27,moderate
0,0,13_5,13,5,13.1427,80.1707,252.12,39.45,False,,19.81,9.76,6.63,10.435764222774592,1.026037408419811,88.1,7.76,22.58,0.017356355834062143,0.0,0.0,safe
1,30,13_5,13,5,13.1427,80.1707,256.19,41.64,False,,36.26,14.85,16.7,14.445705905120487,0.7457154241158205,91.3,7.76,22.58,0.017356355834062143,0.0,0.0,safe
2,60,13_5,13,5,13.1427,80.1707,244.21,45.92,False,,58.35,26.47,26.58,26.47446060238577,2.37093045980564,72.4,7.76,22.58,0.017356355834062143,3.89446060238577,0.0,safe
3,90,13_5,13,5,13.1427,80.1707,238.89,46.88,False,,51.93,40.64,39.65,39.028513745664725,2.3590009951431425,72.6,7.76,22.58,0.017356355834062143,16.448513745664727,1.87,low
4,120,13_5,13,5,13.1427,80.1707,230.7,51.81,False,,45.94,50.23,53.41,53.08381695270688,3.4615667634681926,59.7,7.76,22.58,0.017356355834062143,30.503816952706885,6.7,moderate
5,150,13_5,13,5,13.1427,80.1707,221.9,49.86,False,,56.86,58.74,63.96,60.55143473889992,3.742829282338006,56.5,7.76,22.58,0.017356355834062143,37.97143473889992,13.11,moderate
6,180,13_5,13,5,13.1427,80.1707,224.4,52.33,False,,40.63,62.84,70.12,64.79526247037661,2.7216377262074927,68.3,7.76,22.58,0.017356355834062143,42.215262470376615,20.42,high
7,210,13_5,13,5,13.1427,80.1707,229.22,49.8,False,,37.14,53.98,68.7,55.05298951658375,3.2773461710911564,61.9,7.76,22.58,0.017356355834062143,32.47298951658375,25.66,high
8,240,13_5,13,5,13.1427,80.1707,236.33,52.33,False,,38.63,49.44,56.53,50.7341074079624,3.61595270068916,57.9,7.76,22.58,0.017356355834062143,28.1541074079624,30.0,severe
9,270,13_5,13,5,13.1427,80.1707,234.88,48.0,False,,6.63,36.94,45.83,39.304912430062494,3.541283244297756,58.8,7.76,22.58,0.017356355834062143,16.724912430062496,31.93,severe
10,300,13_5,13,5,13.1427,80.1707,242.35,44.36,False,,23.92,25.53,31.14,25.925620808080797,1.5951344397475822,81.4,7.76,22.58,0.017356355834062143,3.345620808080799,31.04,severe
11,330,13_5,13,5,13.1427,80.1707,249.8,42.31,False,,0.0,14.93,20.8,15.926968064518965,1.5403650648511935,82.1,7.76,22.58,0.017356355834062143,0.0,29.44,high
0,0,13_6,13,6,13.1427,80.1907,260.92,37.01,True,6.63,28.48,7.22,6.63,7.198252057949821,0.5159767990210957,94.0,5.25,21.5,0.5600297195159758,0.0,0.0,safe
1,30,13_6,13,6,13.1427,80.1907,249.74,41.97,True,16.7,26.21,17.13,16.7,16.21202242354644,1.447875361705237,83.2,5.25,21.5,0.5600297195159758,0.0,0.0,safe
2,60,13_6,13,6,13.1427,80.1907,247.19,46.12,True,26.58,41.2,26.68,26.58,26.30100592855269,2.13385158894445,75.2,5.25,21.5,0.5600297195159758,4.801005928552691,0.0,safe
3,90,13_6,13,6,13.1427,80.1907,240.71,50.25,True,39.65,62.19,38.66,39.65,40.63401204144952,2.968168394196449,65.5,5.25,21.5,0.5600297195159758,19.134012041449523,2.98,low
4,120,13_6,13,6,13.1427,80.1907,236.68,49.83,True,53.41,55.65,52.45,53.41,49.67464964488073,3.355590822167624,61.0,5.25,21.5,0.5600297195159758,28.17464964488073,8.13,moderate
5,150,13_6,13,6,13.1427,80.1907,228.89,50.9,True,63.96,56.0,62.76,63.96,56.519502191860575,3.110981116651468,63.8,5.25,21.5,0.5600297195159758,35.019502191860575,14.91,moderate
6,180,13_6,13,6,13.1427,80.1907,218.88,53.72,True,70.12,42.36,70.07,70.12,72.84152136883269,3.057683176978837,64.4,5.25,21.5,0.5600297195159758,51.34152136883269,25.6,high
7,210,13_6,13,6,13.1427,80.1907,219.03,50.91,True,68.7,56.06,66.88,68.7,71.75135959707148,3.299049250400018,61.6,5.25,21.5,0.5600297195159758,50.251359597071485,36.03,severe
8,240,13_6,13,6,13.1427,80.1907,230.66,51.86,True,56.53,28.61,57.64,56.53,55.20305851613213,2.873274033485363,66.6,5.25,21.5,0.5600297195159758,33.70305851613213,42.5,severe
9,270,13_6,13,6,13.1427,80.1907,234.81,48.26,True,45.83,19.13,44.61,45.83,43.40393461676801,2.897127328585156,66.3,5.25,21.5,0.5600297195159758,21.903934616768012,46.14,severe
10,300,13_6,13,6,13.1427,80.1907,242.93,45.86,True,31.14,12.73,30.28,31.14,27.60600034324713,1.8978398101480405,77.9,5.25,21.5,0.5600297195159758,6.106000343247128,46.01,severe
11,330,13_6,13,6,13.1427,80.1907,249.03,43.41,True,20.8,15.87,20.1,20.8,19.125872432413985,1.2037073023751308,86.0,5.25,21.5,0.5600297195159758,0.0,44.41,severe
0,0,13_7,13,7,13.1427,80.2107,251.6,38.6,False,,25.75,7.66,6.63,8.380542965150084,1.0031209920520197,88.3,3.38,20.52,0.0,0.0,0.0,safe
1,30,13_7,13,7,13.1427,80.2107,250.71,43.08,False,,31.56,15.76,16.7,16.715181126429997,1.3513963704858143,84.3,3.38,20.52,0.0,0.0,0.0,safe
2,60,13_7,13,7,13.1427,80.2107,251.77,45.58,False,,54.1,24.69,26.58,24.488033610950406,1.7297448939204147,79.9,3.38,20.52,0.0,3.968033610950407,0.0,safe
3,90,13_7,13,7,13.1427,80.2107,233.26,48.3,False,,61.83,38.8,39.65,41.52223311851121,3.758562329705568,56.3,3.38,20.52,0.0,21.00223311851121,2.81,low
4,120,13_7,13,7,13.1427,80.2107,227.5,51.41,False,,74.27,54.25,53.41,56.64382988316859,3.6325977418914968,57.7,3.38,20.52,0.0,36.1238298831686,8.8,moderate
5,150,13_7,13,7,13.1427,80.2107,229.26,51.54,False,,70.84,63.37,63.96,60.92181242946506,3.633457891345484,57.7,3.38,20.52,0.0,40.40181242946505,15.68,high
6,180,13_7,13,7,13.1427,80.2107,216.1,52.97,False,,56.91,73.57,70.12,74.98136612652367,2.1187453101044045,75.3,3.38,20.52,0.0,54.46136612652367,25.52,high
7,210,13_7,13,7,13.1427,80.2107,219.07,50.68,False,,49.7,73.62,68.7,71.79599001373816,3.465745406552301,59.7,3.38,20.52,0.0,51.275990013738166,34.69,severe
8,240,13_7,13,7,13.1427,80.2107,220.42,51.73,False,,33.05,67.9,56.53,67.5970655786715,1.4973934861470206,82.6,3.38,20.52,0.0,47.07706557867151,42.97,severe
9,270,13_7,13,7,13.1427,80.2107,227.38,51.55,False,,31.59,55.61,45.83,56.82427788356348,3.5479685837885304,58.7,3.38,20.52,0.0,36.304277883563486,49.0,severe
10,300,13_7,13,7,13.1427,80.2107,239.64,49.23,False,,24.56,40.91,31.14,40.2192050469518,2.1688536882277645,74.8,3.38,20.52,0.0,19.6992050469518,51.53,severe
11,330,13_7,13,7,13.1427,80.2107,248.02,45.62,False,,11.39,26.5,20.8,23.38597966778861,3.278606796789368,61.9,3.38,20.52,0.0,2.8659796677886114,50.53,severe
0,0,13_8,13,8,13.1427,80.2307,256.37,38.3,False,,14.99,9.61,6.63,9.124422470307138,0.8626954360004421,90.0,1.02,19.69,0.9750918183913657,0.0,0.0,safe
1,30,13_8,13,8,13.1427,80.2307,255.4,41.49,False,,31.12,13.6,16.7,13.923477936952551,1.1544121683666322,86.6,1.02,19.69,0.9750918183913657,0.0,0.0,safe
2,60,13_8,13,8,13.1427,80.2307,249.2,45.82,False,,38.06,22.44,26.58,23.981237249411944,1.6829235202965511,80.4,1.02,19.69,0.9750918183913657,4.291237249411942,0.0,safe
3,90,13_8,13,8,13.1427,80.2307,237.17,48.5,False,,49.99,35.89,39.65,38.07183511270175,2.868370367843333,66.6,1.02,19.69,0.9750918183913657,18.381835112701747,3.2,low
4,120,13_8,13,8,13.1427,80.2307,234.37,52.19,False,,50.34,49.88,53.41,52.0842668421827,3.9030576936477326,54.6,1.02,19.69,0.9750918183913657,32.3942668421827,10.06,moderate
5,150,13_8,13,8,13.1427,80.2307,222.44,51.83,False,,71.02,67.08,63.96,67.42182109579404,4.536167520569998,50.0,1.02,19.69,0.9750918183913657,47.73182109579405,20.93,high
6,180,13_8,13,8,13.1427,80.2307,225.43,52.91,False,,74.2,73.03,70.12,69.80408694837726,4.288136415133244,50.1,1.02,19.69,0.9750918183913657,50.11408694837726,32.42,severe
7,210,13_8,13,8,13.1427,80.2307,220.23,53.1,False,,61.17,77.64,68.7,75.33381249299055,2.573165962865976,70.1,1.02,19.69,0.9750918183913657,55.64381249299055,45.35,severe
8,240,13_8,13,8,13.1427,80.2307,218.05,52.96,False,,45.36,72.27,56.53,72.6209965952593,2.3215667102738804,73.0,1.02,19.69,0.9750918183913657,52.9309965952593,57.58,severe
9,270,13_8,13,8,13.1427,80.2307,226.6,51.07,False,,20.19,61.28,45.83,58.38171454885015,4.54226835844169,50.0,1.02,19.69,0.9750918183913657,38.69171454885014,66.08,severe
10,300,13_8,13,8,13.1427,80.2307,230.1,51.44,False,,21.28,48.52,31.14,49.79440266792654,4.127781107298791,52.0,1.02,19.69,0.9750918183913657,30.10440266792654,72.35,severe
11,330,13_8,13,8,13.1427,80.2307,239.45,47.36,False,,28.18,34.54,20.8,35.10816857938628,1.6339190661525125,81.0,1.02,19.69,0.9750918183913657,15.418168579386279,74.77,severe
0,0,13_9,13,9,13.1427,80.2507,259.32,35.53,False,,16.85,4.79,3.77,5.279965681354586,0.8176459536707316,90.5,2.34,19.11,0.0,0.0,0.0,safe
1,30,13_9,13,9,13.1427,80.2507,254.48,39.29,False,,18.63,10.62,6.04,10.51607161079865,0.7983698276434182,90.7,2.34,19.11,0.0,0.0,0.0,safe
2,60,13_9,13,9,13.1427,80.2507,251.32,43.54,False,,34.0,16.94,13.57,17.76117660571447,1.4121068154079952,83.6,2.34,19.11,0.0,0.0,0.0,safe
3,90,13_9,13,9,13.1427,80.2507,245.4,47.67,False,,56.18,31.25,22.13,34.553866182452545,3.53496061978302,58.9,2.34,19.11,0.0,15.443866182452545,1.64,low
4,120,13_9,13,9,13.1427,80.2507,234.27,48.96,False,,62.11,46.86,36.98,44.6789155417273,3.4241839503894167,60.2,2.34,19.11,0.0,25.5689155417273,5.41,moderate
5,150,13_9,13,9,13.1427,80.2507,224.84,52.21,False,,54.96,65.12,55.2,64.14006575705037,2.022279714549603,76.5,2.34,19.11,0.0,45.030065757050366,13.27,moderate
6,180,13_9,13,9,13.1427,80.2507,219.72,52.18,False,,75.75,76.28,69.04,71.9982967783265,3.494774034168308,59.3,2.34,19.11,0.0,52.888296778326506,22.78,high
7,210,13_9,13,9,13.1427,80.2507,213.71,54.87,False,,57.31,84.14,80.4,83.94783632657509,1.8484223782540143,78.5,2.34,19.11,0.0,64.83783632657509,34.79,severe
8,240,13_9,13,9,13.1427,80.2507,216.82,52.94,False,,51.51,79.0,81.59,79.06405838394677,2.3028817770727605,73.2,2.34,19.11,0.0,59.95405838394677,45.78,severe
9,270,13_9,13,9,13.1427,80.2507,218.04,53.06,False,,33.96,68.99,82.18,73.4960060095602,6.440592465053203,50.0,2.34,19.11,0.0,54.386006009560205,55.6,severe
10,300,13_9,13,9,13.1427,80.2507,230.75,52.1,False,,17.35,56.49,68.56,56.86565963464498,3.2058542196326463,62.7,2.34,19.11,0.0,37.75565963464498,61.93,severe
11,330,13_9,13,9,13.1427,80.2507,236.29,50.65,False,,19.15,38.28,51.77,41.07268187314875,4.658475989706983,50.0,2.34,19.11,0.0,21.962681873148753,64.94,severe
0,0,13_10,13,10,13.1427,80.2707,256.12,33.93,False,,0.0,5.41,3.77,4.801469853276401,0.5606809020063536,93.5,3.79,18.9,0.26787034620558803,0.0,0.0,safe
1,30,13_10,13,10,13.1427,80.2707,254.09,34.53,False,,35.43,7.43,6.04,5.819539883825495,0.8156966006557774,90.5,3.79,18.9,0.26787034620558803,0.0,0.0,safe
2,60,13_10,13,10,13.1427,80.2707,252.65,39.29,False,,32.24,12.31,13.57,11.891825356502736,0.9070531878119248,89.4,3.79,18.9,0.26787034620558803,0.0,0.0,safe
3,90,13_10,13,10,13.1427,80.2707,245.86,46.56,False,,61.84,24.25,22.13,26.256474781164908,3.135486740445699,63.5,3.79,18.9,0.26787034620558803,7.356474781164909,0.05,safe
4,120,13_10,13,10,13.1427,80.2707,240.64,48.45,False,,75.5,41.06,36.98,39.167136508737904,2.309906339628699,73.1,3.79,18.9,0.26787034620558803,20.267136508737906,2.99,low
5,150,13_10,13,10,13.1427,80.2707,230.66,52.11,False,,55.48,57.51,55.2,56.16429167680187,2.444539191840441,71.6,3.79,18.9,0.26787034620558803,37.26429167680187,9.74,moderate
6,180,13_10,13,10,13.1427,80.2707,220.96,52.76,False,,69.85,72.16,69.04,72.09695740773913,2.7800948066848887,67.7,3.79,18.9,0.26787034620558803,53.19695740773913,20.06,high
7,210,13_10,13,10,13.1427,80.2707,212.4,54.04,False,,54.34,84.61,80.4,83.61243706028097,1.5585436180287198,81.9,3.79,18.9,0.26787034620558803,64.71243706028096,32.96,severe
8,240,13_10,13,10,13.1427,80.2707,212.41,54.94,False,,64.55,85.27,81.59,84.15728786880418,1.6925748009127133,80.3,3.79,18.9,0.26787034620558803,65.25728786880418,45.98,severe
9,270,13_10,13,10,13.1427,80.2707,215.88,51.73,False,,23.88,74.42,82.18,75.66964556149733,3.877151054453448,54.9,3.79,18.9,0.26787034620558803,56.769645561497335,57.1,severe
10,300,13_10,13,10,13.1427,80.2707,226.65,51.51,False,,26.69,63.02,68.56,60.98849084311814,5.683686052783703,50.0,3.79,18.9,0.26787034620558803,42.088490843118144,64.93,severe
11,330,13_10,13,10,13.1427,80.2707,236.91,49.7,False,,23.09,45.32,51.77,45.32856374551069,2.4414410801471296,71.6,3.79,18.9,0.26787034620558803,26.428563745510694,69.25,severe
0,0,13_11,13,11,13.1427,80.2907,261.57,31.35,True,3.77,7.78,2.96,3.77,3.1970921683313374,0.3194573685774735,96.3,6.39,19.11,0.0,0.0,0.0,safe
1,30,13_11,13,11,13.1427,80.2907,262.89,37.14,True,6.04,14.04,6.39,6.04,6.848601644014256,0.5141357010923857,94.0,6.39,19.11,0.0,0.0,0.0,safe
2,60,13_11,13,11,13.1427,80.2907,253.16,41.15,True,13.57,31.79,14.33,13.57,13.866244460752847,0.8218990902683523,90.4,6.39,19.11,0.0,0.0,0.0,safe
3,90,13_11,13,11,13.1427,80.2907,249.86,44.93,True,22.13,53.37,21.73,22.13,21.76856612331686,1.5406838171666588,82.1,6.39,19.11,0.0,2.6585661233168594,0.0,safe
4,120,13_11,13,11,13.1427,80.2907,240.02,48.33,True,36.98,56.48,38.57,36.98,38.298722349510925,1.730421932014314,79.9,6.39,19.11,0.0,19.188722349510925,2.43,low
5,150,13_11,13,11,13.1427,80.2907,231.9,50.91,True,55.2,79.56,54.25,55.2,53.63501834921166,2.494910036546785,71.0,6.39,19.11,0.0,34.52501834921166,8.08,moderate
6,180,13_11,13,11,13.1427,80.2907,215.6,50.85,True,69.04,78.99,70.31,69.04,70.9309398681749,2.046048033593173,76.2,6.39,19.11,0.0,51.820939868174904,17.36,high
7,210,13_11,13,11,13.1427,80.2907,213.11,52.8,True,80.4,56.99,81.27,80.4,81.58331377530993,3.1215652453453733,63.7,6.39,19.11,0.0,62.47331377530993,28.88,high
8,240,13_11,13,11,13.1427,80.2907,211.79,54.35,True,81.59,67.21,82.14,81.59,83.23986344927256,1.4622450638112074,83.0,6.39,19.11,0.0,64.12986344927256,40.75,severe
9,270,13_11,13,11,13.1427,80.2907,221.33,54.5,True,82.18,51.71,80.54,82.18,79.5701952193919,3.783731363793482,56.0,6.39,19.11,0.0,60.460195219391906,51.85,severe
10,300,13_11,13,11,13.1427,80.2907,222.2,53.77,True,68.56,41.13,69.89,68.56,71.21585124460017,2.768445265779216,67.8,6.39,19.11,0.0,52.105851244600174,61.19,severe
11,330,13_11,13,11,13.1427,80.2907,232.11,50.78,True,51.77,26.21,51.15,51.77,52.85060473503538,2.509036044251829,70.8,6.39,19.11,0.0,33.74060473503538,66.67,severe
0,0,13_12,13,12,13.1427,80.3107,259.55,32.22,False,,31.24,2.89,3.77,3.3773784904573385,0.521217053646607,93.9,8.23,19.69,0.0,0.0,0.0,safe
1,30,13_12,13,12,13.1427,80.3107,258.54,34.15,False,,29.1,5.61,6.04,5.151981793577915,0.5876733167386077,93.2,8.23,19.69,0.0,0.0,0.0,safe
2,60,13_12,13,12,13.1427,80.3107,258.91,40.24,False,,23.93,10.98,13.57,11.595789376848847,1.0419709581228689,87.9,8.23,19.69,0.0,0.0,0.0,safe
3,90,13_12,13,12,13.1427,80.3107,245.68,44.98,False,,26.62,21.1,22.13,22.074219861591278,2.0357536672986978,76.3,8.23,19.69,0.0,2.3842198615912764,0.0,safe
4,120,13_12,13,12,13.1427,80.3107,250.03,46.65,False,,40.98,30.95,36.98,32.05078138868736,3.826300266724333,55.5,8.23,19.69,0.0,12.36078138868736,1.0,low
5,150,13_12,13,12,13.1427,80.3107,234.91,48.77,False,,62.15,44.24,55.2,45.72155624552568,2.501388215128354,70.9,8.23,19.69,0.0,26.03155624552568,4.86,low
6,180,13_12,13,12,13.1427,80.3107,225.7,53.36,False,,74.49,64.08,69.04,69.75029685637229,4.639290334379328,50.0,8.23,19.69,0.0,50.06029685637229,13.78,moderate
7,210,13_12,13,12,13.1427,80.3107,212.78,53.2,False,,71.84,78.47,80.4,80.17647816185391,2.334191259544667,72.8,8.23,19.69,0.0,60.48647816185391,24.88,high
8,240,13_12,13,12,13.1427,80.3107,212.93,54.21,False,,57.53,82.4,81.59,83.24940721567913,1.071466044109904,87.5,8.23,19.69,0.0,63.55940721567913,36.62,severe
9,270,13_12,13,12,13.1427,80.3107,214.77,53.85,False,,58.43,80.59,82.18,81.8970480070083,1.9900735827679223,76.8,8.23,19.69,0.0,62.2070480070083,48.09,severe
10,300,13_12,13,12,13.1427,80.3107,223.56,53.38,False,,41.97,72.61,68.56,68.08317033886318,4.089143899769585,52.4,8.23,19.69,0.0,48.393170338863186,56.65,severe
11,330,13_12,13,12,13.1427,80.3107,230.43,52.72,False,,33.92,59.34,51.77,57.27323676042378,3.280078923605549,61.8,8.23,19.69,0.0,37.58323676042377,62.94,severe
0,0,13_13,13,13,13.1427,80.3307,257.08,22.49,False,,6.24,1.15,3.77,1.0633877381322945,0.1018697312455692,98.8,8.74,20.52,0.3461471071445956,0.0,0.0,safe
1,30,13_13,13,13,13.1427,80.3307,255.98,33.19,False,,23.27,2.96,6.04,3.650960516809137,0.8334392011044857,90.3,8.74,20.52,0.3461471071445956,0.0,0.0,safe
2,60,13_13,13,13,13.1427,80.3307,254.06,38.06,False,,38.86,9.0,13.57,9.093566577068016,1.4373540544561214,83.3,8.74,20.52,0.3461471071445956,0.0,0.0,safe
3,90,13_13,13,13,13.1427,80.3307,244.25,41.57,False,,49.84,15.84,22.13,15.830675322686863,1.180021160888863,86.3,8.74,20.52,0.3461471071445956,0.0,0.0,safe
4,120,13_13,13,13,13.1427,80.3307,244.02,47.92,False,,34.71,26.55,36.98,30.352401403477447,4.436463672728543,50.0,8.74,20.52,0.3461471071445956,9.832401403477448,0.64,low
5,150,13_13,13,13,13.1427,80.3307,240.09,48.25,False,,65.9,39.85,55.2,40.74371732908586,4.134175129943152,51.9,8.74,20.52,0.3461471071445956,20.22371732908586,3.66,low
6,180,13_13,13,13,13.1427,80.3307,227.73,50.72,False,,84.12,56.15,69.04,56.41598927184016,2.624430838142554,69.5,8.74,20.52,0.3461471071445956,35.895989271840165,10.25,moderate
7,210,13_13,13,13,13.1427,80.3307,226.46,51.17,False,,63.8,68.1,80.4,66.32588602336999,4.2666144704046,50.4,8.74,20.52,0.3461471071445956,45.80588602336999,19.1,high
8,240,13_13,13,13,13.1427,80.3307,215.33,52.36,False,,66.67,76.8,81.59,78.18834903504208,2.75615701026366,67.9,8.74,20.52,0.3461471071445956,57.668349035042084,30.66,severe
9,270,13_13,13,13,13.1427,80.3307,215.78,53.75,False,,62.26,80.76,82.18,81.4400712295071,1.3482515618609765,84.3,8.74,20.52,0.3461471071445956,60.9200712295071,42.96,severe
10,300,13_13,13,13,13.1427,80.3307,217.77,51.46,False,,41.81,72.8,68.56,72.49191070650448,2.956259218790673,65.6,8.74,20.52,0.3461471071445956,51.97191070650449,53.22,severe
11,330,13_13,13,13,13.1427,80.3307,227.03,52.18,False,,28.83,62.65,51.77,62.151866680519085,2.6692597159501186,68.9,8.74,20.52,0.3461471071445956,41.63186668051908,61.12,severe
0,0,13_14,13,14,13.1427,80.3507,255.31,30.22,False,,0.0,2.88,4.25,2.9937025775226407,0.3736337271105552,95.7,10.09,21.5,0.0,0.0,0.0,safe
1,30,13_14,13,14,13.1427,80.3507,254.51,37.29,False,,22.26,6.93,11.67,7.518130900036187,0.6917916035449971,92.0,10.09,21.5,0.0,0.0,0.0,safe
2,60,13_14,13,14,13.1427,80.3507,251.63,37.73,False,,29.46,8.9,18.08,9.483411979729798,1.052382737084241,87.8,10.09,21.5,0.0,0.0,0.0,safe
3,90,13_14,13,14,13.1427,80.3507,251.96,37.68,False,,46.55,9.14,27.29,9.278471120923577,1.1338730325496904,86.8,10.09,21.5,0.0,0.0,0.0,safe
4,120,13_14,13,14,13.1427,80.3507,245.0,46.91,False,,48.1,22.08,41.82,33.528741891991935,2.486489646358289,71.1,10.09,21.5,0.0,12.028741891991935,0.93,low
5,150,13_14,13,14,13.1427,80.3507,239.83,46.37,False,,46.69,31.52,58.88,33.66427558463518,3.245455702255616,62.2,10.09,21.5,0.0,12.164275584635178,1.88,low
6,180,13_14,13,14,13.1427,80.3507,230.53,48.9,False,,68.94,45.31,69.46,46.64363313341547,3.260716493293569,62.1,10.09,21.5,0.0,25.14363313341547,5.56,moderate
7,210,13_14,13,14,13.1427,80.3507,230.0,51.19,False,,62.04,58.14,74.97,57.72120272419525,2.1627221665520007,74.8,10.09,21.5,0.0,36.22120272419525,11.57,moderate
8,240,13_14,13,14,13.1427,80.3507,220.34,53.18,False,,67.38,71.12,77.91,73.09904156336444,2.598221299421417,69.8,10.09,21.5,0.0,51.59904156336444,20.8,high
9,270,13_14,13,14,13.1427,80.3507,217.22,53.15,False,,59.15,75.02,66.21,74.93381763341698,2.065427051967743,76.0,10.09,21.5,0.0,53.43381763341698,30.42,severe
10,300,13_14,13,14,13.1427,80.3507,220.27,52.9,False,,52.41,73.06,54.07,72.41732092375267,2.1663325521358208,74.8,10.09,21.5,0.0,50.91732092375267,39.52,severe
11,330,13_14,13,14,13.1427,80.3507,223.37,50.55,False,,31.26,62.65,40.49,56.54800326711801,6.453135057572657,50.0,10.09,21.5,0.0,35.04800326711801,45.28,severe
0,0,13_15,13,15,13.1427,80.3707,259.23,-9.72,False,,1.15,0.0,1.01,0.0,0.0,99.0,11.07,22.58,0.0,0.0,0.0,safe
1,30,13_15,13,15,13.1427,80.3707,261.0,27.93,False,,3.92,2.34,1.54,2.207752526722821,0.2178282029944945,97.5,11.07,22.58,0.0,0.0,0.0,safe
2,60,13_15,13,15,13.1427,80.3707,259.49,28.52,False,,25.89,2.52,3.48,2.064696895572128,0.3327458676095813,96.1,11.07,22.58,0.0,0.0,0.0,safe
3,90,13_15,13,15,13.1427,80.3707,254.96,36.4,False,,16.74,8.54,3.88,7.53741501688398,0.9003016149036108,89.5,11.07,22.58,0.0,0.0,0.0,safe
4,120,13_15,13,15,13.1427,80.3707,252.57,41.37,False,,45.91,15.01,3.64,14.677934202491986,1.491130214974118,82.7,11.07,22.58,0.0,0.0,0.0,safe
5,150,13_15,13,15,13.1427,80.3707,246.64,45.68,False,,51.89,26.4,12.16,25.485312970395967,1.6263209068201905,81.1,11.07,22.58,0.0,2.9053129703959684,0.0,safe
6,180,13_15,13,15,13.1427,80.3707,246.39,48.26,False,,66.95,35.91,16.08,34.94474950749122,4.242044107266005,50.6,11.07,22.58,0.0,12.364749507491219,1.0,low
7,210,13_15,13,15,13.1427,80.3707,233.43,49.27,False,,56.58,51.02,26.6,47.690710681165854,4.554600751408703,50.0,11.07,22.58,0.0,25.110710681165855,4.67,low
8,240,13_15,13,15,13.1427,80.3707,227.46,51.07,False,,55.16,62.67,35.32,59.36319656143779,5.323828128321237,50.0,11.07,22.58,0.0,36.78319656143779,10.79,moderate
9,270,13_15,13,15,13.1427,80.3707,224.74,51.73,False,,41.65,69.96,43.76,67.34220662825373,3.212787274407158,62.6,11.07,22.58,0.0,44.762206628253736,18.59,high
10,300,13_15,13,15,13.1427,80.3707,227.42,52.06,False,,50.63,68.06,50.43,64.41010375701549,4.56326624623943,50.0,11.07,22.58,0.0,41.83010375701549,25.78,high
11,330,13_15,13,15,13.1427,80.3707,232.84,49.7,False,,29.65,57.18,46.93,54.397103317065366,3.788278667074192,55.9,11.07,22.58,0.0,31.817103317065367,30.86,severe
0,0,13_16,13,16,13.1427,80.3907,254.84,24.53,False,,17.01,1.85,1.01,1.6697551656210186,0.2746295750337095,96.8,11.32,23.72,0.4462304770865426,0.0,0.0,safe
1,30,13_16,13,16,13.1427,80.3907,259.33,-9.97,False,,16.13,0.0,1.54,0.0,0.0,99.0,11.32,23.72,0.4462304770865426,0.0,0.0,safe
2,60,13_16,13,16,13.1427,80.3907,260.23,31.4,False,,20.81,3.84,3.48,3.668244304109624,0.2938954431238701,96.6,11.32,23.72,0.4462304770865426,0.0,0.0,safe
3,90,13_16,13,16,13.1427,80.3907,253.44,37.2,False,,26.29,7.73,3.88,7.656854772770695,0.5906681664521675,93.1,11.32,23.72,0.4462304770865426,0.0,0.0,safe
4,120,13_16,13,16,13.1427,80.3907,254.26,40.9,False,,41.58,11.57,3.64,13.240307713344505,1.97717711978503,77.0,11.32,23.72,0.4462304770865426,0.0,0.0,safe
5,150,13_16,13,16,13.1427,80.3907,248.24,44.56,False,,18.96,19.71,12.16,21.21787111617044,1.7239158385813456,79.9,11.32,23.72,0.4462304770865426,0.0,0.0,safe
6,180,13_16,13,16,13.1427,80.3907,244.25,46.39,False,,44.52,31.12,16.08,29.6013181355657,2.290371419191885,73.4,11.32,23.72,0.4462304770865426,5.881318135565699,0.0,safe
7,210,13_16,13,16,13.1427,80.3907,237.24,48.7,False,,55.06,44.36,26.6,42.14535808950924,3.752248994234063,56.3,11.32,23.72,0.4462304770865426,18.42535808950924,2.7,low
8,240,13_16,13,16,13.1427,80.3907,230.33,49.31,False,,59.48,55.29,35.32,52.178610699990415,4.234361073907876,50.7,11.32,23.72,0.4462304770865426,28.458610699990416,7.74,moderate
9,270,13_16,13,16,13.1427,80.3907,225.29,50.39,False,,53.06,62.19,43.76,61.54614214720739,3.4374478220237026,60.0,11.32,23.72,0.4462304770865426,37.82614214720739,14.97,moderate
10,300,13_16,13,16,13.1427,80.3907,224.95,53.83,False,,33.37,65.17,50.43,65.39327755243734,2.1567580834854825,74.9,11.32,23.72,0.4462304770865426,41.67327755243734,23.1,high
11,330,13_16,13,16,13.1427,80.3907,230.87,51.06,False,,28.82,56.44,46.93,54.83331116955687,2.407731173199942,72.0,11.32,23.72,0.4462304770865426,31.113311169556873,28.76,high
0,0,13_17,13,17,13.1427,80.4107,255.3,-7.69,False,,27.1,0.0,1.01,0.0,0.0,99.0,12.25,24.9,0.0,0.0,0.0,safe
1,30,13_17,13,17,13.1427,80.4107,258.57,23.81,False,,1.77,1.18,1.54,1.1835109059228963,0.1640710993138299,98.1,12.25,24.9,0.0,0.0,0.0,safe
2,60,13_17,13,17,13.1427,80.4107,255.83,30.51,False,,3.69,3.35,3.48,3.126889041534004,0.3373607721899653,96.1,12.25,24.9,0.0,0.0,0.0,safe
3,90,13_17,13,17,13.1427,80.4107,252.63,33.5,False,,24.69,4.8,3.88,4.649982598358933,0.4282520808022607,95.0,12.25,24.9,0.0,0.0,0.0,safe
4,120,13_17,13,17,13.1427,80.4107,251.51,39.32,False,,24.32,10.72,3.64,10.732545568967856,1.1495172120073056,86.6,12.25,24.9,0.0,0.0,0.0,safe
5,150,13_17,13,17,13.1427,80.4107,253.1,40.89,False,,28.89,11.48,12.16,11.984774957568227,1.052849618766719,87.8,12.25,24.9,0.0,0.0,0.0,safe
6,180,13_17,13,17,13.1427,80.4107,245.58,45.34,False,,43.4,25.45,16.08,26.027620031297797,2.3384430910617446,72.8,12.25,24.9,0.0,1.1276200312977984,0.0,safe
7,210,13_17,13,17,13.1427,80.4107,242.88,46.99,False,,59.96,35.02,26.6,31.450504398232493,2.987907755488356,65.2,12.25,24.9,0.0,6.550504398232494,0.0,safe
8,240,13_17,13,17,13.1427,80.4107,238.77,49.08,False,,38.2,44.7,35.32,42.79106097553082,2.946632327585603,65.7,12.25,24.9,0.0,17.89106097553082,2.16,low
9,270,13_17,13,17,13.1427,80.4107,228.89,51.02,False,,42.82,55.7,43.76,55.18250517699732,3.124771007689685,63.6,12.25,24.9,0.0,30.28250517699732,6.92,moderate
10,300,13_17,13,17,13.1427,80.4107,228.94,51.62,False,,42.49,54.24,50.43,55.80368822190477,2.3781910430453648,72.3,12.25,24.9,0.0,30.903688221904773,11.81,moderate
11,330,13_17,13,17,13.1427,80.4107,232.97,50.32,False,,32.52,54.0,46.93,52.579746263852094,3.496554561207044,59.3,12.25,24.9,0.0,27.679746263852095,16.02,high
0,0,13_18,13,18,13.1427,80.4307,258.79,18.11,True,1.01,13.88,0.44,1.01,0.4898744427100668,0.0697962034933817,99.0,12.38,26.11,1.1602411474613152,0.0,0.0,safe
1,30,13_18,13,18,13.1427,80.4307,259.6,29.03,True,1.54,14.04,1.87,1.54,2.084370543407131,0.2966246489196958,96.5,12.38,26.11,1.1602411474613152,0.0,0.0,safe
2,60,13_18,13,18,13.1427,80.4307,255.55,32.05,True,3.48,2.51,3.61,3.48,3.662054270416313,0.3287402184589564,96.2,12.38,26.11,1.1602411474613152,0.0,0.0,safe
3,90,13_18,13,18,13.1427,80.4307,257.27,32.18,True,3.88,20.18,4.03,3.88,3.801938662620992,0.2783340296446632,96.8,12.38,26.11,1.1602411474613152,0.0,0.0,safe
4,120,13_18,13,18,13.1427,80.4307,257.87,32.95,True,3.64,4.67,4.82,3.64,3.899095359883234,0.4630616359246413,94.6,12.38,26.11,1.1602411474613152,0.0,0.0,safe
5,150,13_18,13,18,13.1427,80.4307,254.17,40.42,True,12.16,12.17,13.06,12.16,12.337934754360584,1.1847231345309732,86.2,12.38,26.11,1.1602411474613152,0.0,0.0,safe
6,180,13_18,13,18,13.1427,80.4307,252.21,40.94,True,16.08,26.45,15.87,16.08,13.175700733380271,1.3288242586717829,84.5,12.38,26.11,1.1602411474613152,0.0,0.0,safe
7,210,13_18,13,18,13.1427,80.4307,247.23,44.79,True,26.6,50.69,26.45,26.6,23.11000219715951,3.185446699927664,62.9,12.38,26.11,1.1602411474613152,0.0,0.0,safe
8,240,13_18,13,18,13.1427,80.4307,240.98,46.75,True,35.32,49.13,35.52,35.32,34.79286735057377,2.138384802222767,75.1,12.38,26.11,1.1602411474613152,8.682867350573773,0.75,low
9,270,13_18,13,18,13.1427,80.4307,236.1,49.1,True,43.76,42.25,44.3,43.76,45.02496989860303,2.750871279385372,68.0,12.38,26.11,1.1602411474613152,18.914969898603033,4.28,low
10,300,13_18,13,18,13.1427,80.4307,234.5,49.65,True,50.43,57.12,49.71,50.43,48.40393484805404,2.657106390601608,69.1,12.38,26.11,1.1602411474613152,22.293934848054043,8.72,moderate
11,330,13_18,13,18,13.1427,80.4307,229.74,50.38,True,46.93,30.99,47.47,46.93,50.31342816142252,3.5042675773923806,59.2,12.38,26.11,1.1602411474613152,24.203428161422522,13.67,moderate
0,0,13_19,13,19,13.1427,80.4507,258.37,-10.05,False,,5.68,0.0,1.01,0.0,0.0,99.0,14.54,27.33,0.0,0.0,0.0,safe
1,30,13_19,13,19,13.1427,80.4507,260.67,23.81,False,,7.08,1.14,1.54,1.1854435379168051,0.1835675907678739,97.9,14.54,27.33,0.0,0.0,0.0,safe
2,60,13_19,13,19,13.1427,80.4507,265.35,20.83,False,,0.0,0.8,3.48,0.8030510491020421,0.0528101965817505,99.0,14.54,27.33,0.0,0.0,0.0,safe
3,90,13_19,13,19,13.1427,80.4507,265.8,31.39,False,,7.78,3.29,3.88,3.294343381095345,0.4376637703812305,94.9,14.54,27.33,0.0,0.0,0.0,safe
4,120,13_19,13,19,13.1427,80.4507,256.54,34.5,False,,7.59,4.53,3.64,4.804604608078105,0.4846507223806995,94.4,14.54,27.33,0.0,0.0,0.0,safe
5,150,13_19,13,19,13.1427,80.4507,255.6,36.75,False,,32.7,8.51,12.16,8.009426728187599,0.7122182711525323,91.7,14.54,27.33,0.0,0.0,0.0,safe
6,180,13_19,13,19,13.1427,80.4507,252.38,39.85,False,,31.85,13.19,16.08,12.714907522469655,1.1411512608384289,86.7,14.54,27.33,0.0,0.0,0.0,safe
7,210,13_19,13,19,13.1427,80.4507,246.2,43.93,False,,27.19,18.05,26.6,19.66343992296647,2.688493019950008,68.7,14.54,27.33,0.0,0.0,0.0,safe
8,240,13_19,13,19,13.1427,80.4507,242.59,45.47,False,,38.92,27.77,35.32,28.16676986246538,2.0951293894285783,75.6,14.54,27.33,0.0,0.8367698624653812,0.0,safe
9,270,13_19,13,19,13.1427,80.4507,242.21,47.21,False,,41.28,36.14,43.76,34.81000518940456,2.5986123792180567,69.8,14.54,27.33,0.0,7.480005189404565,0.0,safe
10,300,13_19,13,19,13.1427,80.4507,238.06,48.82,False,,16.96,39.19,50.43,40.81589337191965,2.936696082683107,65.8,14.54,27.33,0.0,13.485893371919651,1.23,low
11,330,13_19,13,19,13.1427,80.4507,236.0,47.75,False,,26.83,40.41,46.93,40.52996693066751,2.8390727104240487,67.0,14.54,27.33,0.0,13.199966930667514,2.4,low
0,0,14_0,14,0,13.1627,80.0707,254.13,35.8,True,5.38,21.17,5.98,5.38,6.362964907321836,0.5705309654562077,93.4,13.3,29.0,0.0,0.0,0.0,safe
1,30,14_0,14,0,13.1627,80.0707,252.47,40.35,True,8.8,24.53,10.5,8.8,11.726566378910578,1.478259614387907,82.8,13.3,29.0,0.0,0.0,0.0,safe
2,60,14_0,14,0,13.1627,80.0707,250.96,40.35,True,14.92,12.56,14.1,14.92,14.114962578408598,1.0892359691214797,87.3,13.3,29.0,0.0,0.0,0.0,safe
3,90,14_0,14,0,13.1627,80.0707,249.47,44.34,True,23.21,25.15,21.76,23.21,20.458153736925063,2.5485096870658728,70.3,13.3,29.0,0.0,0.0,0.0,safe
4,120,14_0,14,0,13.1627,80.0707,245.39,44.16,True,21.95,23.25,22.52,21.95,21.70134839019436,2.5648679315631413,70.2,13.3,29.0,0.0,0.0,0.0,safe
5,150,14_0,14,0,13.1627,80.0707,247.7,43.51,True,23.34,22.7,22.35,23.34,19.765708168151445,2.0753180458402274,75.9,13.3,29.0,0.0,0.0,0.0,safe
6,180,14_0,14,0,13.1627,80.0707,243.34,43.2,True,20.87,10.02,20.92,20.87,20.46804778612033,1.9243591357069985,77.6,13.3,29.0,0.0,0.0,0.0,safe
7,210,14_0,14,0,13.1627,80.0707,248.84,42.29,True,15.94,1.68,18.36,15.94,17.493088867930762,1.3796039188644107,83.9,13.3,29.0,0.0,0.0,0.0,safe
8,240,14_0,14,0,13.1627,80.0707,251.38,41.57,True,12.55,11.0,12.97,12.55,14.95759998934089,1.9625357957680207,77.2,13.3,29.0,0.0,0.0,0.0,safe
9,270,14_0,14,0,13.1627,80.0707,255.93,35.73,True,6.69,17.51,7.13,6.69,6.77047209951998,0.5172240704224708,94.0,13.3,29.0,0.0,0.0,0.0,safe
10,300,14_0,14,0,13.1627,80.0707,256.66,34.38,True,5.27,8.47,4.92,5.27,4.919505669563121,0.3490628821009598,95.9,13.3,29.0,0.0,0.0,0.0,safe
11,330,14_0,14,0,13.1627,80.0707,256.14,22.99,True,0.35,19.03,1.0,0.35,1.0353495614189732,0.118289607995158,98.6,13.3,29.0,0.0,0.0,0.0,safe
0,0,14_1,14,1,13.1627,80.0907,257.63,36.25,False,,19.95,6.95,13.8,6.986927370349856,0.8661819429461455,89.9,11.84,27.8,0.7036386755898594,0.0,0.0,safe
1,30,14_1,14,1,13.1627,80.0907,256.01,40.46,False,,25.66,12.84,16.27,12.882323929884278,1.4304307584417486,83.4,11.84,27.8,0.7036386755898594,0.0,0.0,safe
2,60,14_1,14,1,13.1627,80.0907,251.9,43.45,False,,43.6,17.74,25.27,18.769913880809245,2.244553016927901,73.9,11.84,27.8,0.7036386755898594,0.0,0.0,safe
3,90,14_1,14,1,13.1627,80.0907,244.12,45.8,False,,17.41,23.11,28.28,24.253793016742144,1.8486622102342725,78.5,11.84,27.8,0.7036386755898594,0.0,0.0,safe
4,120,14_1,14,1,13.1627,80.0907,242.7,46.19,False,,12.4,27.56,32.72,28.030288436668,2.128171020604717,75.2,11.84,27.8,0.7036386755898594,0.2302884366679976,0.0,safe
5,150,14_1,14,1,13.1627,80.0907,247.22,46.75,False,,9.79,27.7,33.12,28.9750078481006,2.626601756774949,69.4,11.84,27.8,0.7036386755898594,1.1750078481005986,0.0,safe
6,180,14_1,14,1,13.1627,80.0907,244.89,44.43,False,,24.42,28.03,29.7,26.53143374460849,2.481455704838842,71.1,11.84,27.8,0.7036386755898594,0.0,0.0,safe
7,210,14_1,14,1,13.1627,80.0907,249.92,45.33,False,,26.41,19.93,21.21,24.52429848495894,2.472311340043209,71.2,11.84,27.8,0.7036386755898594,0.0,0.0,safe
8,240,14_1,14,1,13.1627,80.0907,250.52,40.4,False,,8.55,17.99,17.39,16.78776156455555,1.6376876772999251,80.9,11.84,27.8,0.7036386755898594,0.0,0.0,safe
9,270,14_1,14,1,13.1627,80.0907,256.86,41.09,False,,1.02,11.93,8.57,12.241817154037614,1.0281034804764009,88.0,11.84,27.8,0.7036386755898594,0.0,0.0,safe
10,300,14_1,14,1,13.1627,80.0907,255.96,35.69,False,,0.0,5.75,11.16,6.3637158374203855,0.7985384161523269,90.7,11.84,27.8,0.7036386755898594,0.0,0.0,safe
11,330,14_1,14,1,13.1627,80.0907,257.9,32.93,False,,10.37,4.75,6.49,4.498557409034322,0.4513019742606259,94.7,11.84,27.8,0.7036386755898594,0.0,0.0,safe
0,0,14_2,14,2,13.1627,80.1107,259.28,37.49,False,,14.37,7.22,9.11,7.361174858888114,0.8510550950657381,90.1,11.15,26.63,0.1671934554657586,0.0,0.0,safe
1,30,14_2,14,2,13.1627,80.1107,256.83,37.96,False,,26.56,10.43,17.61,10.112083136234764,0.7490225902967289,91.3,11.15,26.63,0.1671934554657586,0.0,0.0,safe
2,60,14_2,14,2,13.1627,80.1107,247.39,44.22,False,,30.2,21.24,25.14,21.81502277522657,1.9497208319682584,77.3,11.15,26.63,0.1671934554657586,0.0,0.0,safe
3,90,14_2,14,2,13.1627,80.1107,240.13,45.85,False,,34.58,26.51,31.28,29.449008328074303,3.449561624870598,59.9,11.15,26.63,0.1671934554657586,2.819008328074304,0.0,safe
4,120,14_2,14,2,13.1627,80.1107,240.61,46.79,False,,41.79,31.41,36.96,34.003629886446035,2.7758099799893325,67.7,11.15,26.63,0.1671934554657586,7.373629886446036,0.01,safe
5,150,14_2,14,2,13.1627,80.1107,240.38,46.02,False,,32.42,31.87,42.12,33.44370740894976,2.934536385071598,65.9,11.15,26.63,0.1671934554657586,6.813707408949764,0.0,safe
6,180,14_2,14,2,13.1627,80.1107,238.03,47.84,False,,28.41,36.36,35.95,38.21010653124258,2.706851419080856,68.5,11.15,26.63,0.1671934554657586,11.580106531242581,0.93,low
7,210,14_2,14,2,13.1627,80.1107,248.26,44.78,False,,27.87,27.7,31.1,25.771207913310214,2.416162463247756,71.9,11.15,26.63,0.1671934554657586,0.0,0.0,safe
8,240,14_2,14,2,13.1627,80.1107,249.06,45.52,False,,9.68,24.25,21.73,24.75632469428537,1.645552406342878,80.9,11.15,26.63,0.1671934554657586,0.0,0.0,safe
9,270,14_2,14,2,13.1627,80.1107,253.59,42.46,False,,13.24,16.41,15.47,16.175151858403414,1.354779934852943,84.2,11.15,26.63,0.1671934554657586,0.0,0.0,safe
10,300,14_2,14,2,13.1627,80.1107,245.94,39.54,False,,0.0,11.06,9.85,11.53052953960298,0.8824150964965418,89.7,11.15,26.63,0.1671934554657586,0.0,0.0,safe
11,330,14_2,14,2,13.1627,80.1107,253.57,34.63,False,,0.0,6.5,6.64,6.373204635898982,0.5417452282875782,93.7,11.15,26.63,0.1671934554657586,0.0,0.0,safe
0,0,14_3,14,3,13.1627,80.1307,254.32,37.02,False,,24.59,7.84,9.11,7.61985460059958,0.557322697496574,93.5,10.95,25.48,0.08552461586835491,0.0,0.0,safe
1,30,14_3,14,3,13.1627,80.1307,251.41,39.17,False,,30.75,12.25,17.61,11.978678106252362,2.0945843762081973,75.6,10.95,25.48,0.08552461586835491,0.0,0.0,safe
2,60,14_3,14,3,13.1627,80.1307,250.11,42.54,False,,46.85,19.89,25.14,18.69800927086754,1.5462754140507775,82.0,10.95,25.48,0.08552461586835491,0.0,0.0,safe
3,90,14_3,14,3,13.1627,80.1307,246.35,46.4,False,,37.79,27.51,31.28,29.81690138140129,2.234355937133671,74.0,10.95,25.48,0.08552461586835491,4.33690138140129,0.0,safe
4,120,14_3,14,3,13.1627,80.1307,239.58,46.83,False,,41.69,36.81,36.96,36.30447205383612,1.708029044030998,80.1,10.95,25.48,0.08552461586835491,10.824472053836121,0.72,low
5,150,14_3,14,3,13.1627,80.1307,241.32,46.88,False,,23.37,38.62,42.12,36.66833953212149,2.326113855886624,72.9,10.95,25.48,0.08552461586835491,11.188339532121493,1.52,low
6,180,14_3,14,3,13.1627,80.1307,234.99,49.09,False,,27.72,42.94,35.95,43.63065772750458,3.056752841585255,64.4,10.95,25.48,0.08552461586835491,18.150657727504576,3.81,low
7,210,14_3,14,3,13.1627,80.1307,231.38,48.1,False,,28.42,39.19,31.1,40.92296231150784,3.030227939800692,64.7,10.95,25.48,0.08552461586835491,15.442962311507838,5.53,moderate
8,240,14_3,14,3,13.1627,80.1307,245.78,44.52,False,,20.56,28.46,21.73,25.424451177204983,3.3280082746223303,61.3,10.95,25.48,0.08552461586835491,0.0,3.93,low
9,270,14_3,14,3,13.1627,80.1307,249.55,41.68,False,,17.24,19.92,15.47,18.10526633459826,2.1338081575301286,75.2,10.95,25.48,0.08552461586835491,0.0,2.33,low
10,300,14_3,14,3,13.1627,80.1307,250.09,42.86,False,,20.86,15.24,9.85,16.261438858586168,1.1629792369322218,86.5,10.95,25.48,0.08552461586835491,0.0,0.73,low
11,330,14_3,14,3,13.1627,80.1307,262.04,35.91,False,,2.32,6.78,6.64,6.568539099567111,0.7107726590857644,91.7,10.95,25.48,0.08552461586835491,0.0,0.0,safe
0,0,14_4,14,4,13.1627,80.1507,255.82,35.42,False,,27.67,6.67,9.11,6.362423970723381,0.5536513551333939,93.6,10.55,24.37,0.0,0.0,0.0,safe
1,30,14_4,14,4,13.1627,80.1507,255.22,42.07,False,,30.99,13.02,17.61,13.822918993773136,1.1302056877051725,86.9,10.55,24.37,0.0,0.0,0.0,safe
2,60,14_4,14,4,13.1627,80.1507,248.79,45.29,False,,24.37,21.58,25.14,24.759273695564858,2.115140201469324,75.4,10.55,24.37,0.0,0.3892736955648566,0.0,safe
3,90,14_4,14,4,13.1627,80.1507,250.18,46.4,False,,34.14,30.25,31.28,29.742403042257056,1.6147588719002852,81.2,10.55,24.37,0.0,5.372403042257055,0.0,safe
4,120,14_4,14,4,13.1627,80.1507,242.53,48.54,False,,48.25,37.25,36.96,36.13315343519628,2.5210454779323164,70.7,10.55,24.37,0.0,11.763153435196276,0.87,low
5,150,14_4,14,4,13.1627,80.1507,236.32,48.61,False,,52.68,43.51,42.12,42.700922451011664,3.3663804970907547,60.8,10.55,24.37,0.0,18.330922451011663,3.12,low
6,180,14_4,14,4,13.1627,80.1507,228.56,49.47,False,,31.62,49.55,35.95,50.43835678744826,3.3647933098186456,60.9,10.55,24.37,0.0,26.068356787448256,6.99,moderate
7,210,14_4,14,4,13.1627,80.1507,236.22,49.87,False,,21.21,43.58,31.1,44.15640324001484,1.904835473706428,77.8,10.55,24.37,0.0,19.786403240014838,9.55,moderate
8,240,14_4,14,4,13.1627,80.1507,239.71,48.24,False,,18.53,39.3,21.73,37.16728925816274,2.886169713801902,66.4,10.55,24.37,0.0,12.797289258162738,10.64,moderate
9,270,14_4,14,4,13.1627,80.1507,242.16,47.02,False,,5.99,29.63,15.47,29.38964802224317,1.6768311444054764,80.5,10.55,24.37,0.0,5.019648022243167,10.09,moderate
10,300,14_4,14,4,13.1627,80.1507,249.81,46.0,False,,0.0,21.46,9.85,25.056262908999997,3.512512063811537,59.1,10.55,24.37,0.0,0.6862629089999963,8.63,moderate
11,330,14_4,14,4,13.1627,80.1507,249.05,40.14,False,,5.2,12.93,6.64,12.03545668155801,1.4085511790915477,83.6,10.55,24.37,0.0,0.0,7.03,moderate
0,0,14_5,14,5,13.1627,80.1707,261.96,34.8,False,,27.46,5.07,6.63,5.469480452442443,0.5363664658846033,93.8,7.97,23.32,0.27757616319298073,0.0,0.0,safe
1,30,14_5,14,5,13.1627,80.1707,254.8,42.01,False,,30.53,14.4,16.7,14.174787983896918,0.9036046359246226,89.5,7.97,23.32,0.27757616319298073,0.0,0.0,safe
2,60,14_5,14,5,13.1627,80.1707,256.64,44.17,False,,27.61,20.6,26.58,20.85507210918781,1.4131683053643362,83.6,7.97,23.32,0.27757616319298073,0.0,0.0,safe
3,90,14_5,14,5,13.1627,80.1707,241.91,48.78,False,,36.31,31.13,39.65,35.2626189403931,3.752243159804626,56.3,7.97,23.32,0.27757616319298073,11.942618940393096,1.08,low
4,120,14_5,14,5,13.1627,80.1707,236.29,48.44,False,,57.65,40.71,53.41,41.887834427775225,2.939153097955618,65.8,7.97,23.32,0.27757616319298073,18.567834427775225,3.65,low
5,150,14_5,14,5,13.1627,80.1707,235.54,49.05,False,,55.48,51.39,63.96,48.61158821392318,3.4807030508601247,59.5,7.97,23.32,0.27757616319298073,25.291588213923177,7.73,moderate
6,180,14_5,14,5,13.1627,80.1707,231.77,49.93,False,,51.92,52.06,70.12,53.12231131010968,2.1756448443699776,74.7,7.97,23.32,0.27757616319298073,29.80231131010968,12.82,moderate
7,210,14_5,14,5,13.1627,80.1707,227.93,49.88,False,,38.74,53.57,68.7,54.7034773374408,2.3572136882439265,72.6,7.97,23.32,0.27757616319298073,31.3834773374408,18.27,high
8,240,14_5,14,5,13.1627,80.1707,230.6,48.98,False,,31.23,46.33,56.53,47.95700381902676,5.813432434740292,50.0,7.97,23.32,0.27757616319298073,24.63700381902676,22.21,high
9,270,14_5,14,5,13.1627,80.1707,232.9,48.98,False,,25.23,38.4,45.83,41.9546628413679,5.338197382364391,50.0,7.97,23.32,0.27757616319298073,18.6346628413679,24.79,high
10,300,14_5,14,5,13.1627,80.1707,239.34,45.24,False,,11.46,29.29,31.14,29.064419967946243,1.927516829588428,77.6,7.97,23.32,0.27757616319298073,5.744419967946243,24.48,high
11,330,14_5,14,5,13.1627,80.1707,249.22,42.68,False,,14.33,20.65,20.8,18.34037699637953,1.9586934124767892,77.2,7.97,23.32,0.27757616319298073,0.0,22.88,high
0,0,14_6,14,6,13.1627,80.1907,257.26,35.21,False,,24.35,6.61,6.63,6.208759874620681,0.5053172895234849,94.1,6.01,22.35,0.0,0.0,0.0,safe
1,30,14_6,14,6,13.1627,80.1907,249.69,42.11,False,,27.17,12.21,16.7,14.44688288074816,2.215840650210994,74.2,6.01,22.35,0.0,0.0,0.0,safe
2,60,14_6,14,6,13.1627,80.1907,245.47,45.32,False,,32.03,25.29,26.58,24.99790749758342,1.7762275430635266,79.3,6.01,22.35,0.0,2.647907497583418,0.0,safe
3,90,14_6,14,6,13.1627,80.1907,241.38,48.59,False,,49.32,30.9,39.65,33.05822610726542,3.2041531861312817,62.7,6.01,22.35,0.0,10.708226107265418,0.65,low
4,120,14_6,14,6,13.1627,80.1907,232.33,49.48,False,,61.73,42.85,53.41,45.9476437535913,4.463055090054136,50.0,6.01,22.35,0.0,23.5976437535913,4.0,low
5,150,14_6,14,6,13.1627,80.1907,232.23,50.29,False,,55.97,53.82,63.96,53.68829216924633,2.216009768007518,74.2,6.01,22.35,0.0,31.33829216924633,8.99,moderate
6,180,14_6,14,6,13.1627,80.1907,227.83,53.04,False,,48.31,61.81,70.12,62.49395231854306,2.7777800459542368,67.7,6.01,22.35,0.0,40.14395231854306,15.82,high
7,210,14_6,14,6,13.1627,80.1907,229.72,52.57,False,,39.95,63.16,68.7,61.348572923432585,3.1277996845887914,63.6,6.01,22.35,0.0,38.99857292343258,22.41,high
8,240,14_6,14,6,13.1627,80.1907,230.31,51.88,False,,42.2,57.22,56.53,56.716732040490726,2.700356459622797,68.6,6.01,22.35,0.0,34.366732040490724,28.02,high
9,270,14_6,14,6,13.1627,80.1907,234.37,48.47,False,,25.92,49.25,45.83,45.9500060491185,4.091674642074027,52.4,6.01,22.35,0.0,23.600006049118498,31.38,severe
10,300,14_6,14,6,13.1627,80.1907,242.46,48.0,False,,5.23,37.29,31.14,35.230165394546454,3.6308760091736105,57.8,6.01,22.35,0.0,12.880165394546452,32.48,severe
11,330,14_6,14,6,13.1627,80.1907,244.47,44.04,False,,0.63,22.63,20.8,21.576583139873588,2.157555230534558,74.9,6.01,22.35,0.0,0.0,30.88,severe
0,0,14_7,14,7,13.1627,80.2107,254.64,34.81,False,,30.96,6.5,6.63,6.081892490211843,0.6214692229750913,92.8,3.31,21.5,0.670065347719087,0.0,0.0,safe
1,30,14_7,14,7,13.1627,80.2107,250.03,38.95,False,,24.66,10.05,16.7,10.709952459482029,1.3848980609268198,83.9,3.31,21.5,0.670065347719087,0.0,0.0,safe
2,60,14_7,14,7,13.1627,80.2107,252.92,42.27,False,,33.37,18.8,26.58,17.620741043426552,1.578747397820634,81.6,3.31,21.5,0.670065347719087,0.0,0.0,safe
3,90,14_7,14,7,13.1627,80.2107,242.2,48.48,False,,52.67,30.05,39.65,32.967096321772395,3.438846855555312,60.0,3.31,21.5,0.670065347719087,11.467096321772395,1.21,low
4,120,14_7,14,7,13.1627,80.2107,234.2,49.69,False,,58.7,41.76,53.41,44.83982336187939,3.4734811581810945,59.6,3.31,21.5,0.670065347719087,23.33982336187939,5.33,moderate
5,150,14_7,14,7,13.1627,80.2107,227.76,51.89,False,,44.66,55.85,63.96,57.962775730874384,3.4019329714637685,60.4,3.31,21.5,0.670065347719087,36.462775730874384,12.67,moderate
6,180,14_7,14,7,13.1627,80.2107,220.23,52.23,False,,51.0,65.67,70.12,69.1835221537171,4.052946864268959,52.8,3.31,21.5,0.670065347719087,47.68352215371711,22.76,high
7,210,14_7,14,7,13.1627,80.2107,225.89,52.19,False,,53.86,67.62,68.7,65.66000087614349,2.770855428487138,67.8,3.31,21.5,0.670065347719087,44.160000876143485,31.99,severe
8,240,14_7,14,7,13.1627,80.2107,220.12,50.66,False,,48.65,65.89,56.53,66.7428034526094,2.623335502667317,69.5,3.31,21.5,0.670065347719087,45.242803452609394,41.48,severe
9,270,14_7,14,7,13.1627,80.2107,225.66,52.15,False,,16.12,56.34,45.83,60.21907100144895,5.682771685837843,50.0,3.31,21.5,0.670065347719087,38.71907100144895,49.38,severe
10,300,14_7,14,7,13.1627,80.2107,242.15,49.92,False,,20.17,44.77,31.14,41.72111044801734,3.803167770617925,55.8,3.31,21.5,0.670065347719087,20.221110448017342,52.74,severe
11,330,14_7,14,7,13.1627,80.2107,244.91,46.35,False,,4.99,30.96,20.8,29.80504883094148,1.778556418355953,79.3,3.31,21.5,0.670065347719087,8.30504883094148,53.17,severe
0,0,14_8,14,8,13.1627,80.2307,258.94,32.12,False,,23.96,3.56,6.63,3.747195413888488,0.4029147209339106,95.3,1.31,20.81,1.2415966862536245,0.0,0.0,safe
1,30,14_8,14,8,13.1627,80.2307,262.56,37.88,False,,39.8,8.93,16.7,8.932976040088924,1.4164186254733766,83.5,1.31,20.81,1.2415966862536245,0.0,0.0,safe
2,60,14_8,14,8,13.1627,80.2307,249.8,41.95,False,,54.64,17.65,26.58,17.311651647350917,0.9564525969053924,88.9,1.31,20.81,1.2415966862536245,0.0,0.0,safe
3,90,14_8,14,8,13.1627,80.2307,245.92,45.09,False,,47.38,27.06,39.65,27.44319059335276,2.993632552909612,65.2,1.31,20.81,1.2415966862536245,6.6331905933527615,0.23,low
4,120,14_8,14,8,13.1627,80.2307,238.08,48.35,False,,55.42,41.8,53.41,40.53388138557019,2.5805280541583384,70.0,1.31,20.81,1.2415966862536245,19.72388138557019,4.05,low
5,150,14_8,14,8,13.1627,80.2307,226.41,51.62,False,,46.47,56.96,63.96,63.267412376958816,4.363928917250888,50.0,1.31,20.81,1.2415966862536245,42.457412376958814,14.14,moderate
6,180,14_8,14,8,13.1627,80.2307,224.09,52.92,False,,56.88,68.19,70.12,67.87529856539429,4.155412264223243,51.7,1.31,20.81,1.2415966862536245,47.065298565394286,25.49,high
7,210,14_8,14,8,13.1627,80.2307,220.94,53.54,False,,66.93,75.86,68.7,75.23173532018438,1.8139571195820967,78.9,1.31,20.81,1.2415966862536245,54.42173532018438,38.86,severe
8,240,14_8,14,8,13.1627,80.2307,215.46,52.64,False,,58.32,72.95,56.53,73.65999420726396,2.3306355013389037,72.9,1.31,20.81,1.2415966862536245,52.84999420726396,51.81,severe
9,270,14_8,14,8,13.1627,80.2307,229.99,52.83,False,,34.04,66.12,45.83,62.43104177855122,4.875459810360959,50.0,1.31,20.81,1.2415966862536245,41.621041778551216,61.66,severe
10,300,14_8,14,8,13.1627,80.2307,234.84,51.61,False,,37.35,53.6,31.14,52.1486352650945,4.157018259380933,51.6,1.31,20.81,1.2415966862536245,31.3386352650945,68.69,severe
11,330,14_8,14,8,13.1627,80.2307,239.75,47.54,False,,24.21,36.94,20.8,36.10538750463496,1.959352980626268,77.2,1.31,20.81,1.2415966862536245,15.295387504634963,71.29,severe
0,0,14_9,14,9,13.1627,80.2507,254.45,29.9,False,,7.49,2.93,3.73,3.034473203386911,0.4822632584695552,94.4,3.55,20.36,0.0,0.0,0.0,safe
1,30,14_9,14,9,13.1627,80.2507,253.83,37.6,False,,29.57,9.93,1.94,9.042597539153638,1.283505250293407,85.1,3.55,20.36,0.0,0.0,0.0,safe
2,60,14_9,14,9,13.1627,80.2507,252.21,40.74,False,,48.38,15.13,9.92,14.572923274606636,1.36257109240505,84.1,3.55,20.36,0.0,0.0,0.0,safe
3,90,14_9,14,9,13.1627,80.2507,239.79,46.72,False,,59.24,28.18,9.93,33.259869858474055,3.6018789007746888,58.1,3.55,20.36,0.0,12.899869858474055,1.11,low
4,120,14_9,14,9,13.1627,80.2507,238.43,48.29,False,,63.58,36.35,24.35,37.70407423375605,3.958746762673504,53.9,3.55,20.36,0.0,17.344074233756054,3.15,low
5,150,14_9,14,9,13.1627,80.2507,227.16,49.77,False,,54.87,54.43,37.65,54.60330351504513,3.386484723327993,60.6,3.55,20.36,0.0,34.24330351504513,8.74,moderate
6,180,14_9,14,9,13.1627,80.2507,218.75,54.15,False,,62.14,68.71,50.99,70.87685860151593,3.169517220748628,63.1,3.55,20.36,0.0,50.516858601515935,17.75,high
7,210,14_9,14,9,13.1627,80.2507,219.0,52.74,False,,72.43,79.56,62.92,75.7928186925926,4.431778527268578,50.0,3.55,20.36,0.0,55.432818692592605,27.79,high
8,240,14_9,14,9,13.1627,80.2507,214.18,52.57,False,,53.85,80.12,69.78,78.65379803053828,3.3011743364092063,61.6,3.55,20.36,0.0,58.293798030538284,38.43,severe
9,270,14_9,14,9,13.1627,80.2507,210.61,53.11,False,,46.7,71.99,71.55,74.32493488345756,3.829577888635824,55.4,3.55,20.36,0.0,53.96493488345756,48.17,severe
10,300,14_9,14,9,13.1627,80.2507,224.23,53.04,False,,27.28,62.88,65.17,63.96247682395002,2.214047040074409,74.2,3.55,20.36,0.0,43.60247682395002,55.72,severe
11,330,14_9,14,9,13.1627,80.2507,234.76,50.62,False,,22.29,42.22,53.91,44.10623593516039,4.381340076512001,50.0,3.55,20.36,0.0,23.746235935160392,59.11,severe
0,0,14_10,14,10,13.1627,80.2707,257.62,28.35,False,,16.06,2.28,3.77,2.081538672682115,0.231224277916014,97.3,5.04,20.2,0.0,0.0,0.0,safe
1,30,14_10,14,10,13.1627,80.2707,252.99,36.83,False,,16.81,7.57,6.04,7.36724731390728,0.539645505155142,93.7,5.04,20.2,0.0,0.0,0.0,safe
2,60,14_10,14,10,13.1627,80.2707,255.31,40.19,False,,21.41,12.33,13.57,11.819100304797926,1.2587439430024654,85.4,5.04,20.2,0.0,0.0,0.0,safe
3,90,14_10,14,10,13.1627,80.2707,253.24,43.94,False,,43.88,20.23,22.13,19.51549855018381,1.7958508965182098,79.1,5.04,20.2,0.0,0.0,0.0,safe
4,120,14_10,14,10,13.1627,80.2707,246.39,47.63,False,,53.65,33.95,36.98,33.855044984856335,3.0466460189224227,64.6,5.04,20.2,0.0,13.655044984856335,1.27,low
5,150,14_10,14,10,13.1627,80.2707,232.99,48.69,False,,65.67,48.12,55.2,47.4092597915377,2.1886804296883966,74.5,5.04,20.2,0.0,27.2092597915377,5.38,moderate
6,180,14_10,14,10,13.1627,80.2707,221.96,52.23,False,,59.5,68.86,69.04,69.34509905011394,2.7244737424153227,68.3,5.04,20.2,0.0,49.14509905011394,14.1,moderate
7,210,14_10,14,10,13.1627,80.2707,217.07,51.88,False,,62.7,77.35,80.4,76.04545182060005,2.8720246403399514,66.6,5.04,20.2,0.0,55.84545182060005,24.23,high
8,240,14_10,14,10,13.1627,80.2707,218.1,52.32,False,,64.86,81.53,81.59,79.45457709872122,3.4036176908434386,60.4,5.04,20.2,0.0,59.254577098721214,35.07,severe
9,270,14_10,14,10,13.1627,80.2707,214.15,54.03,False,,43.19,80.28,82.18,81.27084624728629,1.6268125163866964,81.1,5.04,20.2,0.0,61.07084624728628,46.3,severe
10,300,14_10,14,10,13.1627,80.2707,224.09,53.71,False,,31.01,68.96,68.56,67.75968028188205,2.286308606409703,73.4,5.04,20.2,0.0,47.55968028188205,54.69,severe
11,330,14_10,14,10,13.1627,80.2707,229.35,49.9,False,,22.87,54.98,51.77,53.89152585733121,2.9749904683290582,65.4,5.04,20.2,0.0,33.691525857331214,60.16,severe
0,0,14_11,14,11,13.1627,80.2907,260.82,26.49,False,,20.76,1.45,3.77,1.5394002556758886,0.2085703948012162,97.6,6.73,20.36,0.19052386225685414,0.0,0.0,safe
1,30,14_11,14,11,13.1627,80.2907,255.88,31.43,False,,26.71,3.78,6.04,3.579590812923769,0.4658639725677101,94.6,6.73,20.36,0.19052386225685414,0.0,0.0,safe
2,60,14_11,14,11,13.1627,80.2907,257.73,39.31,False,,30.63,10.34,13.57,10.956187299729558,0.9840829270529616,88.6,6.73,20.36,0.19052386225685414,0.0,0.0,safe
3,90,14_11,14,11,13.1627,80.2907,250.54,40.18,False,,30.44,16.17,22.13,14.325466169925692,1.9297127179988212,77.5,6.73,20.36,0.19052386225685414,0.0,0.0,safe
4,120,14_11,14,11,13.1627,80.2907,241.96,48.12,False,,47.09,27.92,36.98,33.586138005719064,4.266769843148848,50.4,6.73,20.36,0.19052386225685414,13.226138005719065,1.31,low
5,150,14_11,14,11,13.1627,80.2907,230.91,48.71,False,,75.07,45.98,55.2,46.42377060453018,2.7096162388503533,68.5,6.73,20.36,0.19052386225685414,26.063770604530184,5.44,moderate
6,180,14_11,14,11,13.1627,80.2907,226.97,51.6,False,,67.53,63.43,69.04,62.66997753233638,3.638677759550634,57.7,6.73,20.36,0.19052386225685414,42.30997753233638,13.15,moderate
7,210,14_11,14,11,13.1627,80.2907,219.64,53.84,False,,75.02,76.87,80.4,77.68359745246337,4.354375818342768,50.0,6.73,20.36,0.19052386225685414,57.323597452463375,24.16,high
8,240,14_11,14,11,13.1627,80.2907,213.05,53.45,False,,61.78,85.54,81.59,84.2356741633033,1.5080292267313833,82.5,6.73,20.36,0.19052386225685414,63.8756741633033,36.62,severe
9,270,14_11,14,11,13.1627,80.2907,214.07,54.75,False,,65.4,82.13,82.18,83.11997989419784,2.2826003433245425,73.4,6.73,20.36,0.19052386225685414,62.75997989419784,48.82,severe
10,300,14_11,14,11,13.1627,80.2907,223.31,54.33,False,,48.08,72.35,68.56,71.03924201391521,2.5414372895376296,70.4,6.73,20.36,0.19052386225685414,50.679242013915214,58.37,severe
11,330,14_11,14,11,13.1627,80.2907,228.36,51.15,False,,37.76,58.4,51.77,56.77247744749763,3.445037383279072,59.9,6.73,20.36,0.19052386225685414,36.41247744749763,64.78,severe
0,0,14_12,14,12,13.1627,80.3107,264.18,32.83,False,,28.55,4.59,3.77,4.4156539379768605,0.354182932791369,95.9,9.33,20.81,0.0,0.0,0.0,safe
1,30,14_12,14,12,13.1627,80.3107,255.7,34.37,False,,17.38,4.26,6.04,4.662130704745433,0.6869515810658883,92.0,9.33,20.81,0.0,0.0,0.0,safe
2,60,14_12,14,12,13.1627,80.3107,254.72,37.86,False,,32.42,7.92,13.57,8.439922403438118,0.8223172950055136,90.4,9.33,20.81,0.0,0.0,0.0,safe
3,90,14_12,14,12,13.1627,80.3107,249.57,43.68,False,,41.56,13.96,22.13,17.129343188283748,3.348424177565995,61.0,9.33,20.81,0.0,0.0,0.0,safe
4,120,14_12,14,12,13.1627,80.3107,249.13,45.6,False,,46.7,25.8,36.98,27.55082068208318,3.137793336359956,63.5,9.33,20.81,0.0,6.740820682083182,0.0,safe
5,150,14_12,14,12,13.1627,80.3107,237.86,46.38,False,,52.84,38.13,55.2,36.919212923326725,2.0259625279171383,76.4,9.33,20.81,0.0,16.109212923326726,1.78,low
6,180,14_12,14,12,13.1627,80.3107,225.65,51.48,False,,57.56,58.33,69.04,65.49850116045795,3.5113296659216737,59.1,9.33,20.81,0.0,44.688501160457946,9.57,moderate
7,210,14_12,14,12,13.1627,80.3107,220.83,52.83,False,,74.53,70.62,80.4,71.86751293016908,3.2966380892272578,61.6,9.33,20.81,0.0,51.05751293016908,18.69,high
8,240,14_12,14,12,13.1627,80.3107,215.34,54.35,False,,70.08,83.35,81.59,82.41909477300338,1.8843171529494187,78.1,9.33,20.81,0.0,61.60909477300338,30.03,severe
9,270,14_12,14,12,13.1627,80.3107,217.75,54.24,False,,56.68,84.08,82.18,81.13401314140336,1.9879633396396523,76.9,9.33,20.81,0.0,60.324013141403356,41.1,severe
10,300,14_12,14,12,13.1627,80.3107,218.41,55.57,False,,38.94,79.63,68.56,78.6831748779331,2.239823624564677,73.9,9.33,20.81,0.0,57.873174877933096,51.65,severe
11,330,14_12,14,12,13.1627,80.3107,225.39,53.08,False,,11.28,66.03,51.77,62.96703133083312,5.254983314704417,50.0,9.33,20.81,0.0,42.15703133083312,58.9,severe
0,0,14_13,14,13,13.1627,80.3307,259.37,17.89,False,,10.02,0.49,3.77,0.4979886637886963,0.0476031972695974,99.0,9.12,21.5,0.47003657142618493,0.0,0.0,safe
1,30,14_13,14,13,13.1627,80.3307,249.59,33.31,False,,19.52,6.2,6.04,4.096183022539016,0.7743070297649385,91.0,9.12,21.5,0.47003657142618493,0.0,0.0,safe
2,60,14_13,14,13,13.1627,80.3307,256.86,35.77,False,,37.07,6.36,13.57,6.642464700481558,0.6221139571612995,92.8,9.12,21.5,0.47003657142618493,0.0,0.0,safe
3,90,14_13,14,13,13.1627,80.3307,255.44,35.81,False,,36.18,7.8,22.13,7.425545034222648,0.7566450833248858,91.2,9.12,21.5,0.47003657142618493,0.0,0.0,safe
4,120,14_13,14,13,13.1627,80.3307,246.86,42.78,False,,41.2,20.16,36.98,19.75504256684492,1.049186888992081,87.8,9.12,21.5,0.47003657142618493,0.0,0.0,safe
5,150,14_13,14,13,13.1627,80.3307,242.48,47.4,False,,49.49,32.23,55.2,33.232342239570904,2.1853703624635594,74.6,9.12,21.5,0.47003657142618493,11.732342239570904,1.15,low
6,180,14_13,14,13,13.1627,80.3307,231.97,50.9,False,,74.4,49.98,69.04,51.34564204660271,2.464783798551175,71.3,9.12,21.5,0.47003657142618493,29.845642046602713,6.56,moderate
7,210,14_13,14,13,13.1627,80.3307,221.62,52.85,False,,70.0,67.9,80.4,69.63054432229674,2.9834181556431347,65.3,9.12,21.5,0.47003657142618493,48.13054432229674,16.25,high
8,240,14_13,14,13,13.1627,80.3307,215.63,52.98,False,,76.75,75.8,81.59,77.00740571677896,2.683584179026992,68.8,9.12,21.5,0.47003657142618493,55.50740571677896,27.68,high
9,270,14_13,14,13,13.1627,80.3307,215.64,53.56,False,,66.11,81.16,82.18,81.45754407932391,1.2787697509730511,85.1,9.12,21.5,0.47003657142618493,59.95754407932391,40.15,severe
10,300,14_13,14,13,13.1627,80.3307,220.06,53.48,False,,62.33,77.73,68.56,76.47080638857754,2.239643667310858,73.9,9.12,21.5,0.47003657142618493,54.97080638857754,51.45,severe
11,330,14_13,14,13,13.1627,80.3307,220.6,52.89,False,,27.43,67.2,51.77,67.9052938858363,3.805504216076325,55.7,9.12,21.5,0.47003657142618493,46.4052938858363,60.74,severe
0,0,14_14,14,14,13.1627,80.3507,258.34,-8.33,False,,21.65,0.0,3.77,0.0,0.0,99.0,10.08,22.35,0.18853264844558737,0.0,0.0,safe
1,30,14_14,14,14,13.1627,80.3507,264.21,33.97,False,,12.86,3.81,6.04,4.326519479014839,0.5741041638236757,93.3,10.08,22.35,0.18853264844558737,0.0,0.0,safe
2,60,14_14,14,14,13.1627,80.3507,258.0,31.84,False,,18.78,3.6,13.57,4.281861862382383,0.6131527232465488,92.9,10.08,22.35,0.18853264844558737,0.0,0.0,safe
3,90,14_14,14,14,13.1627,80.3507,261.11,37.62,False,,16.1,5.84,22.13,7.259526904761897,2.019189319373845,76.5,10.08,22.35,0.18853264844558737,0.0,0.0,safe
4,120,14_14,14,14,13.1627,80.3507,253.74,43.28,False,,45.0,14.64,36.98,19.99978036880037,2.729197437520347,68.2,10.08,22.35,0.18853264844558737,0.0,0.0,safe
5,150,14_14,14,14,13.1627,80.3507,245.9,44.64,False,,51.54,27.83,55.2,26.414006555992987,2.484592791714584,71.1,10.08,22.35,0.18853264844558737,4.064006555992986,0.0,safe
6,180,14_14,14,14,13.1627,80.3507,240.53,49.74,False,,66.77,42.78,69.04,42.67529764433152,3.428794833287504,60.1,10.08,22.35,0.18853264844558737,20.32529764433152,2.87,low
7,210,14_14,14,14,13.1627,80.3507,227.75,51.48,False,,69.89,57.08,80.4,58.99989253350967,4.7405141607915775,50.0,10.08,22.35,0.18853264844558737,36.64989253350967,9.33,moderate
8,240,14_14,14,14,13.1627,80.3507,218.52,53.02,False,,77.98,68.91,81.59,71.64486604145849,4.432549479754345,50.0,10.08,22.35,0.18853264844558737,49.294866041458484,18.57,high
9,270,14_14,14,14,13.1627,80.3507,219.81,52.77,False,,63.63,78.59,82.18,77.1620127890199,3.194831112934984,62.8,10.08,22.35,0.18853264844558737,54.812012789019896,29.02,high
10,300,14_14,14,14,13.1627,80.3507,221.96,51.78,False,,51.09,76.97,68.56,73.88749864923928,4.017097857127962,53.3,10.08,22.35,0.18853264844558737,51.537498649239275,38.75,severe
11,330,14_14,14,14,13.1627,80.3507,221.52,53.53,False,,41.26,68.71,51.77,72.02834466642842,4.094379498690887,52.4,10.08,22.35,0.18853264844558737,49.67834466642842,48.08,severe
0,0,14_15,14,15,13.1627,80.3707,261.68,-6.74,False,,4.36,0.0,1.01,0.0,0.0,99.0,11.45,23.32,0.0,0.0,0.0,safe
1,30,14_15,14,15,13.1627,80.3707,264.52,28.8,False,,12.83,2.09,1.54,2.175643492248896,0.1782610184485245,97.9,11.45,23.32,0.0,0.0,0.0,safe
2,60,14_15,14,15,13.1627,80.3707,259.09,29.9,False,,16.05,2.37,3.48,2.857188965310275,0.3565800176601891,95.9,11.45,23.32,0.0,0.0,0.0,safe
3,90,14_15,14,15,13.1627,80.3707,261.07,34.28,False,,32.22,4.51,3.88,4.79736011102332,0.5153496581168909,94.0,11.45,23.32,0.0,0.0,0.0,safe
4,120,14_15,14,15,13.1627,80.3707,253.92,39.7,False,,26.02,15.01,3.64,13.3447487809083,2.2195625239630354,74.2,11.45,23.32,0.0,0.0,0.0,safe
5,150,14_15,14,15,13.1627,80.3707,242.33,47.32,False,,53.31,22.55,12.16,32.129532677101025,2.594494603320721,69.8,11.45,23.32,0.0,8.809532677101025,0.25,low
6,180,14_15,14,15,13.1627,80.3707,243.43,47.41,False,,46.38,34.48,16.08,33.2689615096064,2.448661099954418,71.5,11.45,23.32,0.0,9.948961509606399,0.74,low
7,210,14_15,14,15,13.1627,80.3707,229.58,50.45,False,,62.96,49.07,26.6,49.39159693374042,2.299727816799587,73.2,11.45,23.32,0.0,26.071596933740423,4.61,low
8,240,14_15,14,15,13.1627,80.3707,226.28,50.76,False,,46.12,61.73,35.32,60.19224503358413,3.946836453579421,54.1,11.45,23.32,0.0,36.87224503358413,10.76,moderate
9,270,14_15,14,15,13.1627,80.3707,218.67,52.53,False,,65.6,71.21,43.76,73.0859679962806,3.707862870144102,56.9,11.45,23.32,0.0,49.7659679962806,19.61,high
10,300,14_15,14,15,13.1627,80.3707,215.79,54.43,False,,53.06,76.57,50.43,75.7743476063592,2.4103892447414266,72.0,11.45,23.32,0.0,52.4543476063592,29.02,high
11,330,14_15,14,15,13.1627,80.3707,214.5,54.33,False,,63.25,74.39,46.93,75.64101334637579,3.3347133712679558,61.2,11.45,23.32,0.0,52.321013346375786,38.41,severe
0,0,14_16,14,16,13.1627,80.3907,257.69,26.18,False,,16.15,1.5,1.01,1.6384544423223548,0.1808492549182727,97.9,12.59,24.37,0.0,0.0,0.0,safe
1,30,14_16,14,16,13.1627,80.3907,261.75,25.74,False,,11.92,1.86,1.54,1.6769559668928251,0.183680742444108,97.9,12.59,24.37,0.0,0.0,0.0,safe
2,60,14_16,14,16,13.1627,80.3907,261.36,27.67,False,,3.13,2.25,3.48,2.168295367448023,0.2051808953357598,97.6,12.59,24.37,0.0,0.0,0.0,safe
3,90,14_16,14,16,13.1627,80.3907,255.65,34.91,False,,16.49,6.75,3.88,6.107417022018033,0.7337780111172377,91.5,12.59,24.37,0.0,0.0,0.0,safe
4,120,14_16,14,16,13.1627,80.3907,254.56,39.09,False,,31.23,9.47,3.64,11.093443444608871,1.8197926163244844,78.8,12.59,24.37,0.0,0.0,0.0,safe
5,150,14_16,14,16,13.1627,80.3907,246.29,44.41,False,,33.33,19.78,12.16,20.77573707694224,1.2484955775521809,85.5,12.59,24.37,0.0,0.0,0.0,safe
6,180,14_16,14,16,13.1627,80.3907,250.66,46.64,False,,47.5,26.55,16.08,26.748545253109484,1.9779102342890336,77.0,12.59,24.37,0.0,2.3785452531094826,0.0,safe
7,210,14_16,14,16,13.1627,80.3907,238.11,49.44,False,,57.98,40.96,26.6,41.578676445417,2.438294102894472,71.6,12.59,24.37,0.0,17.208676445417,2.01,low
8,240,14_16,14,16,13.1627,80.3907,229.45,50.81,False,,68.64,53.75,35.32,51.36497263845246,4.04669981323875,52.9,12.59,24.37,0.0,26.994972638452456,6.08,moderate
9,270,14_16,14,16,13.1627,80.3907,226.79,52.68,False,,55.26,64.76,43.76,63.951942433587234,2.7352916281258097,68.2,12.59,24.37,0.0,39.58194243358723,12.79,moderate
10,300,14_16,14,16,13.1627,80.3907,221.34,51.75,False,,45.73,68.23,50.43,67.9933484866468,3.222020938736863,62.5,12.59,24.37,0.0,43.62334848664679,20.36,high
11,330,14_16,14,16,13.1627,80.3907,224.18,51.25,False,,25.03,65.81,46.93,66.01613889315682,2.411091719129727,71.9,12.59,24.37,0.0,41.64613889315682,27.5,high
0,0,14_17,14,17,13.1627,80.4107,259.81,-10.51,False,,8.51,0.0,1.01,0.0,0.0,99.0,12.69,25.48,0.2711144050594996,0.0,0.0,safe
1,30,14_17,14,17,13.1627,80.4107,261.67,26.4,False,,8.61,1.24,1.54,1.442045999560189,0.1884765622891145,97.8,12.69,25.48,0.2711144050594996,0.0,0.0,safe
2,60,14_17,14,17,13.1627,80.4107,257.17,32.56,False,,8.1,3.94,3.48,3.912882801215359,0.3353840636456843,96.1,12.69,25.48,0.2711144050594996,0.0,0.0,safe
3,90,14_17,14,17,13.1627,80.4107,258.22,29.63,False,,22.89,3.02,3.88,2.700626313083201,0.422951360993201,95.1,12.69,25.48,0.2711144050594996,0.0,0.0,safe
4,120,14_17,14,17,13.1627,80.4107,259.19,38.71,False,,24.3,8.04,3.64,8.483102158166423,0.9566988519494216,88.9,12.69,25.48,0.2711144050594996,0.0,0.0,safe
5,150,14_17,14,17,13.1627,80.4107,251.08,41.47,False,,33.11,12.52,12.16,14.52994297011096,1.6760287334949433,80.5,12.69,25.48,0.2711144050594996,0.0,0.0,safe
6,180,14_17,14,17,13.1627,80.4107,245.3,43.32,False,,49.69,21.99,16.08,21.232327236388755,1.8021611541736249,79.0,12.69,25.48,0.2711144050594996,0.0,0.0,safe
7,210,14_17,14,17,13.1627,80.4107,242.45,45.89,False,,60.1,29.78,26.6,29.166892732642918,2.19343362999278,74.5,12.69,25.48,0.2711144050594996,3.6868927326429173,0.0,safe
8,240,14_17,14,17,13.1627,80.4107,235.73,48.99,False,,51.08,44.02,35.32,42.23872118140561,3.4815217994066523,59.5,12.69,25.48,0.2711144050594996,16.75872118140561,2.16,low
9,270,14_17,14,17,13.1627,80.4107,228.56,50.09,False,,50.55,54.15,43.76,53.08354233578587,3.713553246868403,56.8,12.69,25.48,0.2711144050594996,27.60354233578587,6.75,moderate
10,300,14_17,14,17,13.1627,80.4107,223.94,50.35,False,,60.82,62.9,50.43,61.96630697418593,1.8400902138896444,78.6,12.69,25.48,0.2711144050594996,36.486306974185936,13.33,moderate
11,330,14_17,14,17,13.1627,80.4107,222.04,51.01,False,,29.49,61.47,46.93,61.81932578163385,3.3534015237563124,61.0,12.69,25.48,0.2711144050594996,36.339325781633846,19.88,high
0,0,14_18,14,18,13.1627,80.4307,258.2,28.87,False,,1.25,2.68,1.01,2.3871909895664403,0.2541819492322005,97.0,14.21,26.63,0.0,0.0,0.0,safe
1,30,14_18,14,18,13.1627,80.4307,259.73,24.34,False,,13.58,1.38,1.54,1.345894518089734,0.1113274404924532,98.7,14.21,26.63,0.0,0.0,0.0,safe
2,60,14_18,14,18,13.1627,80.4307,261.85,24.56,False,,9.26,1.22,3.48,1.3116751797329425,0.1596154839914369,98.1,14.21,26.63,0.0,0.0,0.0,safe
3,90,14_18,14,18,13.1627,80.4307,259.03,29.06,False,,3.69,2.8,3.88,2.6077535138763337,0.2738410689035206,96.8,14.21,26.63,0.0,0.0,0.0,safe
4,120,14_18,14,18,13.1627,80.4307,253.29,37.67,False,,4.63,7.79,3.64,7.68321115748898,0.6300442727770861,92.7,14.21,26.63,0.0,0.0,0.0,safe
5,150,14_18,14,18,13.1627,80.4307,248.54,40.53,False,,31.65,10.63,12.16,11.892151148622972,1.4077848392538728,83.6,14.21,26.63,0.0,0.0,0.0,safe
6,180,14_18,14,18,13.1627,80.4307,250.19,41.52,False,,31.52,13.9,16.08,15.671387846992166,1.5433045551839428,82.0,14.21,26.63,0.0,0.0,0.0,safe
7,210,14_18,14,18,13.1627,80.4307,240.22,46.46,False,,47.69,23.73,26.6,26.088344695949093,3.68262821742009,57.2,14.21,26.63,0.0,0.0,0.0,safe
8,240,14_18,14,18,13.1627,80.4307,238.06,49.72,False,,55.94,38.27,35.32,40.481280696283264,2.5101718944447025,70.8,14.21,26.63,0.0,13.851280696283265,1.31,low
9,270,14_18,14,18,13.1627,80.4307,232.42,47.96,False,,45.82,48.83,43.76,47.80811142098502,2.003846049258605,76.7,14.21,26.63,0.0,21.178111420985022,4.16,low
10,300,14_18,14,18,13.1627,80.4307,231.7,51.49,False,,49.39,51.92,50.43,52.56405583534957,2.32991998161001,72.9,14.21,26.63,0.0,25.93405583534957,8.0,moderate
11,330,14_18,14,18,13.1627,80.4307,230.15,51.4,False,,48.08,55.16,46.93,55.62789274434675,2.753115469065813,68.0,14.21,26.63,0.0,28.997892744346753,12.49,moderate
0,0,14_19,14,19,13.1627,80.4507,262.99,29.64,False,,2.22,2.21,1.01,2.334074504537918,0.2862681530855572,96.7,14.16,27.8,0.36625321674516087,0.0,0.0,safe
1,30,14_19,14,19,13.1627,80.4507,261.0,-11.33,False,,0.0,0.0,1.54,0.0,0.0,99.0,14.16,27.8,0.36625321674516087,0.0,0.0,safe
2,60,14_19,14,19,13.1627,80.4507,257.39,-9.68,False,,8.84,0.0,3.48,0.0,0.0,99.0,14.16,27.8,0.36625321674516087,0.0,0.0,safe
3,90,14_19,14,19,13.1627,80.4507,260.18,17.56,False,,0.0,0.45,3.88,0.477398079095612,0.047813540989821,99.0,14.16,27.8,0.36625321674516087,0.0,0.0,safe
4,120,14_19,14,19,13.1627,80.4507,257.03,19.2,False,,16.21,0.62,3.64,0.6109986822169063,0.0492542716242599,99.0,14.16,27.8,0.36625321674516087,0.0,0.0,safe
5,150,14_19,14,19,13.1627,80.4507,258.95,36.34,False,,24.82,6.64,12.16,7.3664419128523555,0.6913517376023899,92.0,14.16,27.8,0.36625321674516087,0.0,0.0,safe
6,180,14_19,14,19,13.1627,80.4507,256.61,41.17,False,,32.46,12.28,16.08,12.654018642671549,0.7235921099277707,91.6,14.16,27.8,0.36625321674516087,0.0,0.0,safe
7,210,14_19,14,19,13.1627,80.4507,243.27,43.68,False,,28.26,18.29,26.6,20.61853232721301,3.5890842891625887,58.2,14.16,27.8,0.36625321674516087,0.0,0.0,safe
8,240,14_19,14,19,13.1627,80.4507,252.46,44.75,False,,25.12,28.62,35.32,26.060083065476142,3.763650992821104,56.2,14.16,27.8,0.36625321674516087,0.0,0.0,safe
9,270,14_19,14,19,13.1627,80.4507,240.89,48.83,False,,41.03,38.05,43.76,39.01048199076905,3.201582458397497,62.8,14.16,27.8,0.36625321674516087,11.21048199076905,0.97,low
10,300,14_19,14,19,13.1627,80.4507,234.12,50.58,False,,25.45,44.0,50.43,48.39876493914114,4.909340233284569,50.0,14.16,27.8,0.36625321674516087,20.598764939141137,4.09,low
11,330,14_19,14,19,13.1627,80.4507,239.34,50.8,False,,39.42,47.48,46.93,43.424620614603846,2.4540202739529,71.4,14.16,27.8,0.36625321674516087,15.624620614603845,6.07,moderate
0,0,15_0,15,0,13.1827,80.0707,254.94,33.2,False,,12.87,4.12,5.38,4.311926185733043,0.3913158605372971,95.4,14.0,29.53,0.0,0.0,0.0,safe
1,30,15_0,15,0,13.1827,80.0707,255.56,37.91,False,,17.93,7.27,8.8,8.401787835516668,1.1460133051326982,86.7,14.0,29.53,0.0,0.0,0.0,safe
2,60,15_0,15,0,13.1827,80.0707,243.97,41.25,False,,24.65,15.14,14.92,14.808062130899623,0.9866710337539109,88.5,14.0,29.53,0.0,0.0,0.0,safe
3,90,15_0,15,0,13.1827,80.0707,241.67,44.78,False,,12.43,14.73,23.21,18.96164944380181,5.325754753823278,50.0,14.0,29.53,0.0,0.0,0.0,safe
4,120,15_0,15,0,13.1827,80.0707,250.62,42.5,False,,16.06,19.31,21.95,18.429178976890192,1.5299645311887922,82.2,14.0,29.53,0.0,0.0,0.0,safe
5,150,15_0,15,0,13.1827,80.0707,248.12,44.11,False,,35.13,19.72,23.34,20.19398535743053,1.7147683078175653,80.0,14.0,29.53,0.0,0.0,0.0,safe
6,180,15_0,15,0,13.1827,80.0707,247.63,43.9,False,,17.07,18.99,20.87,20.295837898472588,1.7239684126389083,79.9,14.0,29.53,0.0,0.0,0.0,safe
7,210,15_0,15,0,13.1827,80.0707,250.68,42.14,False,,5.45,17.66,15.94,16.524208728238815,1.3787018770185964,84.0,14.0,29.53,0.0,0.0,0.0,safe
8,240,15_0,15,0,13.1827,80.0707,245.81,40.3,False,,9.3,12.29,12.55,12.823666948806054,1.1618972596836563,86.5,14.0,29.53,0.0,0.0,0.0,safe
9,270,15_0,15,0,13.1827,80.0707,257.63,37.86,False,,2.38,8.1,6.69,8.208724562851511,0.6190541531893186,92.8,14.0,29.53,0.0,0.0,0.0,safe
10,300,15_0,15,0,13.1827,80.0707,251.99,31.87,False,,0.0,3.69,5.27,3.802965282242308,0.411910682796071,95.2,14.0,29.53,0.0,0.0,0.0,safe
11,330,15_0,15,0,13.1827,80.0707,256.34,30.83,False,,2.17,3.13,0.35,3.099258621665575,0.4363960698615042,94.9,14.0,29.53,0.0,0.0,0.0,safe
0,0,15_1,15,1,13.1827,80.0907,258.02,32.48,False,,11.86,4.18,0.0,4.086208659131143,0.4109697561868772,95.2,12.98,28.38,0.0,0.0,0.0,safe
1,30,15_1,15,1,13.1827,80.0907,251.7,37.03,False,,8.23,7.29,3.66,7.505560950447618,0.787309853676912,90.8,12.98,28.38,0.0,0.0,0.0,safe
2,60,15_1,15,1,13.1827,80.0907,254.34,40.77,False,,18.51,11.16,8.64,11.836809297639366,1.4337309984326507,83.3,12.98,28.38,0.0,0.0,0.0,safe
3,90,15_1,15,1,13.1827,80.0907,247.87,42.21,False,,32.85,16.3,13.31,15.842299835496595,2.520115395815072,70.7,12.98,28.38,0.0,0.0,0.0,safe
4,120,15_1,15,1,13.1827,80.0907,244.0,45.04,False,,22.07,22.19,13.64,22.92341333143163,2.199911167606149,74.4,12.98,28.38,0.0,0.0,0.0,safe
5,150,15_1,15,1,13.1827,80.0907,242.6,44.94,False,,16.67,22.05,20.22,22.18671123066064,3.3018199709759126,61.6,12.98,28.38,0.0,0.0,0.0,safe
6,180,15_1,15,1,13.1827,80.0907,246.88,45.64,False,,23.1,24.38,17.07,24.44977554954436,1.4503318253795086,83.1,12.98,28.38,0.0,0.0,0.0,safe
7,210,15_1,15,1,13.1827,80.0907,245.61,45.71,False,,15.82,21.43,18.94,24.389417421827567,2.6550318755853466,69.1,12.98,28.38,0.0,0.0,0.0,safe
8,240,15_1,15,1,13.1827,80.0907,249.67,42.23,False,,22.02,16.22,17.37,16.325729744959744,1.0850626379504222,87.4,12.98,28.38,0.0,0.0,0.0,safe
9,270,15_1,15,1,13.1827,80.0907,255.22,39.29,False,,5.68,10.72,9.02,10.301712229921314,0.6732651565349588,92.2,12.98,28.38,0.0,0.0,0.0,safe
10,300,15_1,15,1,13.1827,80.0907,254.15,37.2,False,,11.63,8.45,9.45,7.890805530911766,0.6116979281787623,92.9,12.98,28.38,0.0,0.0,0.0,safe
11,330,15_1,15,1,13.1827,80.0907,256.82,38.05,False,,7.82,7.36,6.47,7.914999520914563,0.7214036368410888,91.6,12.98,28.38,0.0,0.0,0.0,safe
0,0,15_2,15,2,13.1827,80.1107,252.29,37.35,False,,9.19,5.66,0.0,6.550948147940294,1.426957618363708,83.4,11.62,27.26,0.40397396524733686,0.0,0.0,safe
1,30,15_2,15,2,13.1827,80.1107,258.08,39.29,False,,15.71,9.39,3.66,9.529258153232878,1.1339337832483125,86.8,11.62,27.26,0.40397396524733686,0.0,0.0,safe
2,60,15_2,15,2,13.1827,80.1107,252.77,40.82,False,,38.2,13.1,8.64,12.690670180737213,1.1895341552548948,86.2,11.62,27.26,0.40397396524733686,0.0,0.0,safe
3,90,15_2,15,2,13.1827,80.1107,252.9,43.11,False,,27.53,19.45,13.31,18.235324068251703,1.557242281359173,81.9,11.62,27.26,0.40397396524733686,0.0,0.0,safe
4,120,15_2,15,2,13.1827,80.1107,249.71,47.06,False,,24.45,24.65,13.64,25.33527707979406,1.9639442495406991,77.2,11.62,27.26,0.40397396524733686,0.0,0.0,safe
5,150,15_2,15,2,13.1827,80.1107,250.0,45.39,False,,24.39,26.33,20.22,25.094275198184175,2.028856430967866,76.4,11.62,27.26,0.40397396524733686,0.0,0.0,safe
6,180,15_2,15,2,13.1827,80.1107,244.85,47.35,False,,23.22,30.8,17.07,29.28588355823953,2.6787054570664672,68.8,11.62,27.26,0.40397396524733686,2.025883558239528,0.0,safe
7,210,15_2,15,2,13.1827,80.1107,245.25,43.69,False,,15.09,25.29,18.94,22.9233480266102,2.986964949834752,65.2,11.62,27.26,0.40397396524733686,0.0,0.0,safe
8,240,15_2,15,2,13.1827,80.1107,248.53,45.92,False,,6.3,23.84,17.37,24.79046596263204,1.9982575908206168,76.8,11.62,27.26,0.40397396524733686,0.0,0.0,safe
9,270,15_2,15,2,13.1827,80.1107,248.45,42.33,False,,10.56,14.44,9.02,15.665825782338946,1.6560145999166829,80.7,11.62,27.26,0.40397396524733686,0.0,0.0,safe
10,300,15_2,15,2,13.1827,80.1107,257.46,39.52,False,,3.57,11.21,9.45,9.68734003088177,0.8823561351479225,89.7,11.62,27.26,0.40397396524733686,0.0,0.0,safe
11,330,15_2,15,2,13.1827,80.1107,257.67,37.37,False,,0.0,6.46,6.47,6.861406236400486,0.6727300014284577,92.2,11.62,27.26,0.40397396524733686,0.0,0.0,safe
0,0,15_3,15,3,13.1827,80.1307,266.72,24.35,False,,24.43,1.34,9.11,1.3137711611427791,0.1290413823574013,98.5,11.59,26.18,0.0,0.0,0.0,safe
1,30,15_3,15,3,13.1827,80.1307,261.21,39.1,False,,14.2,8.02,17.61,9.123100982717864,1.770083997712855,79.4,11.59,26.18,0.0,0.0,0.0,safe
2,60,15_3,15,3,13.1827,80.1307,253.72,42.88,False,,34.81,15.77,25.14,16.310264325582704,2.4581836605101643,71.4,11.59,26.18,0.0,0.0,0.0,safe
3,90,15_3,15,3,13.1827,80.1307,252.0,43.77,False,,30.66,20.27,31.28,20.64399177704927,1.172160585353393,86.4,11.59,26.18,0.0,0.0,0.0,safe
4,120,15_3,15,3,13.1827,80.1307,245.04,45.29,False,,22.35,29.05,36.96,29.0150034632102,1.8346473650941717,78.7,11.59,26.18,0.0,2.8350034632101995,0.0,safe
5,150,15_3,15,3,13.1827,80.1307,236.73,48.55,False,,41.33,35.73,42.12,38.13059412102854,3.009436108749056,65.0,11.59,26.18,0.0,11.950594121028537,0.91,low
6,180,15_3,15,3,13.1827,80.1307,231.06,46.91,False,,26.33,35.16,35.95,36.48100286315416,2.3057317755890505,73.2,11.59,26.18,0.0,10.30100286315416,1.47,low
7,210,15_3,15,3,13.1827,80.1307,240.1,47.31,False,,28.95,32.6,31.1,34.42775499000838,3.5053044977982406,59.2,11.59,26.18,0.0,8.247754990008382,1.6,low
8,240,15_3,15,3,13.1827,80.1307,245.49,45.69,False,,17.72,29.97,21.73,27.30090508452485,2.6727077525057465,68.9,11.59,26.18,0.0,1.1209050845248498,0.24,low
9,270,15_3,15,3,13.1827,80.1307,250.54,45.74,False,,12.46,22.47,15.47,22.69842350205574,2.2177320483455425,74.2,11.59,26.18,0.0,0.0,0.0,safe
10,300,15_3,15,3,13.1827,80.1307,249.69,41.83,False,,14.49,15.38,9.85,15.249602165866005,2.0290888086783845,76.4,11.59,26.18,0.0,0.0,0.0,safe
11,330,15_3,15,3,13.1827,80.1307,257.88,39.05,False,,8.12,8.97,6.64,9.150395224221974,0.7665898849805242,91.1,11.59,26.18,0.0,0.0,0.0,safe
0,0,15_4,15,4,13.1827,80.1507,259.55,31.88,False,,5.06,5.05,9.11,4.6364579577774725,0.6399211840888444,92.6,11.14,25.15,0.0,0.0,0.0,safe
1,30,15_4,15,4,13.1827,80.1507,253.01,38.27,False,,29.86,10.27,17.61,10.291716765797926,0.5710748324606023,93.4,11.14,25.15,0.0,0.0,0.0,safe
2,60,15_4,15,4,13.1827,80.1507,252.74,40.29,False,,37.97,13.81,25.14,13.8097302425213,1.225884569937017,85.7,11.14,25.15,0.0,0.0,0.0,safe
3,90,15_4,15,4,13.1827,80.1507,242.75,45.86,False,,33.65,22.93,31.28,25.077102219932115,2.728844085975453,68.3,11.14,25.15,0.0,0.0,0.0,safe
4,120,15_4,15,4,13.1827,80.1507,245.66,45.42,False,,26.43,31.2,36.96,29.721784224427356,2.5567066460353582,70.3,11.14,25.15,0.0,4.571784224427358,0.0,safe
5,150,15_4,15,4,13.1827,80.1507,235.17,47.41,False,,36.05,37.99,42.12,38.45439219914363,2.287692024557476,73.4,11.14,25.15,0.0,13.304392199143635,1.19,low
6,180,15_4,15,4,13.1827,80.1507,234.61,48.18,False,,18.65,41.77,35.95,41.55100654446685,2.467695856358933,71.3,11.14,25.15,0.0,16.401006544466853,3.04,low
7,210,15_4,15,4,13.1827,80.1507,235.65,49.48,False,,26.79,45.49,31.1,44.52080225660481,1.8331542258564149,78.7,11.14,25.15,0.0,19.37080225660481,5.51,moderate
8,240,15_4,15,4,13.1827,80.1507,237.51,47.44,False,,23.91,36.39,21.73,36.03415011657316,1.5613387111261336,81.8,11.14,25.15,0.0,10.88415011657316,6.19,moderate
9,270,15_4,15,4,13.1827,80.1507,246.12,46.73,False,,23.91,28.1,15.47,27.43367548879769,1.577161518982872,81.7,11.14,25.15,0.0,2.283675488797691,5.07,moderate
10,300,15_4,15,4,13.1827,80.1507,252.82,44.95,False,,10.67,22.74,9.85,22.07101083965582,1.8546349191765168,78.4,11.14,25.15,0.0,0.0,3.47,low
11,330,15_4,15,4,13.1827,80.1507,256.94,41.37,False,,0.0,15.84,6.64,14.616305564639651,1.7397310275607014,79.8,11.14,25.15,0.0,0.0,1.87,low
0,0,15_5,15,5,13.1827,80.1707,256.2,33.04,False,,16.5,3.75,6.63,4.3760042085186805,0.5935685043794502,93.1,8.66,24.19,0.21981425467399163,0.0,0.0,safe
1,30,15_5,15,5,13.1827,80.1707,256.3,36.08,False,,37.77,6.73,16.7,6.791837563000624,1.0056493622535876,88.3,8.66,24.19,0.21981425467399163,0.0,0.0,safe
2,60,15_5,15,5,13.1827,80.1707,249.68,40.23,False,,31.07,14.7,26.58,14.637592703407686,1.1552319949152572,86.6,8.66,24.19,0.21981425467399163,0.0,0.0,safe
3,90,15_5,15,5,13.1827,80.1707,237.89,44.49,False,,22.16,26.45,39.65,26.886039433621868,1.7337974894149848,79.8,8.66,24.19,0.21981425467399163,2.6960394336218663,0.0,safe
4,120,15_5,15,5,13.1827,80.1707,247.06,47.05,False,,37.02,32.66,53.41,32.07037540383888,4.123266293394786,52.0,8.66,24.19,0.21981425467399163,7.88037540383888,0.15,low
5,150,15_5,15,5,13.1827,80.1707,235.57,48.92,False,,36.12,42.39,63.96,45.22170688948274,3.562673703212329,58.5,8.66,24.19,0.21981425467399163,21.031706889482738,3.21,low
6,180,15_5,15,5,13.1827,80.1707,230.86,50.63,False,,33.84,49.07,70.12,52.3191521606049,3.728753382679714,56.6,8.66,24.19,0.21981425467399163,28.1291521606049,7.84,moderate
7,210,15_5,15,5,13.1827,80.1707,231.43,51.45,False,,45.96,47.35,68.7,51.47765143231969,5.295981334853034,50.0,8.66,24.19,0.21981425467399163,27.287651432319688,12.28,moderate
8,240,15_5,15,5,13.1827,80.1707,238.48,48.79,False,,15.09,44.79,56.53,43.60664052538965,4.357605128926082,50.0,8.66,24.19,0.21981425467399163,19.41664052538965,14.98,moderate
9,270,15_5,15,5,13.1827,80.1707,240.8,48.25,False,,27.13,42.74,45.83,39.81333560756376,2.9874764252300463,65.2,8.66,24.19,0.21981425467399163,15.623335607563757,16.85,high
10,300,15_5,15,5,13.1827,80.1707,244.86,46.38,False,,23.82,30.46,31.14,30.411619628544123,1.3862872671132638,83.9,8.66,24.19,0.21981425467399163,6.221619628544122,16.62,high
11,330,15_5,15,5,13.1827,80.1707,247.16,43.88,False,,11.87,20.57,20.8,20.448270209295806,1.3008445481343562,84.9,8.66,24.19,0.21981425467399163,0.0,15.02,high
0,0,15_6,15,6,13.1827,80.1907,259.68,35.39,False,,12.06,5.99,6.63,5.897681229787188,0.3691453802296609,95.7,6.6,23.32,0.16043686573850557,0.0,0.0,safe
1,30,15_6,15,6,13.1827,80.1907,253.11,37.93,False,,23.55,10.64,16.7,10.198488031711324,0.7111520789850265,91.7,6.6,23.32,0.16043686573850557,0.0,0.0,safe
2,60,15_6,15,6,13.1827,80.1907,242.68,42.11,False,,34.82,14.78,26.58,15.58570095892672,1.7359273325093865,79.8,6.6,23.32,0.16043686573850557,0.0,0.0,safe
3,90,15_6,15,6,13.1827,80.1907,248.93,44.01,False,,45.1,21.5,39.65,21.490925512501352,1.7960010103674997,79.1,6.6,23.32,0.16043686573850557,0.0,0.0,safe
4,120,15_6,15,6,13.1827,80.1907,241.37,47.65,False,,41.06,34.99,53.41,35.64607334382143,2.7258651412876302,68.3,6.6,23.32,0.16043686573850557,12.326073343821427,1.09,low
5,150,15_6,15,6,13.1827,80.1907,233.59,48.52,False,,68.85,44.77,63.96,45.43858252646464,2.6844694044127007,68.8,6.6,23.32,0.16043686573850557,22.118582526464643,4.32,low
6,180,15_6,15,6,13.1827,80.1907,230.15,50.14,False,,45.46,54.15,70.12,54.51837948358566,2.6154210443301253,69.6,6.6,23.32,0.16043686573850557,31.19837948358566,9.54,moderate
7,210,15_6,15,6,13.1827,80.1907,226.65,51.12,False,,37.5,57.34,68.7,59.77911732865242,5.520954645911341,50.0,6.6,23.32,0.16043686573850557,36.45911732865242,15.9,high
8,240,15_6,15,6,13.1827,80.1907,235.37,50.51,False,,39.3,53.39,56.53,51.053209525082224,3.6689256635658025,57.3,6.6,23.32,0.16043686573850557,27.733209525082223,20.36,high
9,270,15_6,15,6,13.1827,80.1907,226.54,50.81,False,,24.11,50.36,45.83,53.5592069038137,4.675404687628202,50.0,6.6,23.32,0.16043686573850557,30.239206903813702,25.36,high
10,300,15_6,15,6,13.1827,80.1907,235.81,46.65,False,,19.81,39.24,31.14,37.05193095856751,3.713434039347368,56.8,6.6,23.32,0.16043686573850557,13.73193095856751,26.76,high
11,330,15_6,15,6,13.1827,80.1907,241.42,49.49,False,,9.22,27.65,20.8,31.03316083333329,4.857015892024921,50.0,6.6,23.32,0.16043686573850557,7.713160833333291,26.85,high
0,0,15_7,15,7,13.1827,80.2107,257.92,35.83,False,,21.58,5.66,6.63,6.115000786655889,0.6038070990014224,93.0,5.21,22.58,0.0,0.0,0.0,safe
1,30,15_7,15,7,13.1827,80.2107,256.64,37.67,False,,19.39,10.08,16.7,9.708103753570771,1.2228315863951824,85.8,5.21,22.58,0.0,0.0,0.0,safe
2,60,15_7,15,7,13.1827,80.2107,250.77,42.99,False,,19.28,14.41,26.58,16.00323767345792,2.143902663760206,75.1,5.21,22.58,0.0,0.0,0.0,safe
3,90,15_7,15,7,13.1827,80.2107,253.65,44.86,False,,41.42,22.47,39.65,22.63475431678541,2.816699900472717,67.2,5.21,22.58,0.0,0.05475431678541298,0.0,safe
4,120,15_7,15,7,13.1827,80.2107,240.02,46.89,False,,54.1,35.12,53.41,35.66640413334676,2.0136365064817854,76.6,5.21,22.58,0.0,13.086404133346761,1.15,low
5,150,15_7,15,7,13.1827,80.2107,236.07,50.02,False,,50.41,47.03,63.96,46.903951269937,3.461526609665745,59.7,5.21,22.58,0.0,24.323951269936998,4.66,low
6,180,15_7,15,7,13.1827,80.2107,231.43,50.51,False,,60.75,59.7,70.12,55.880627958077056,4.263680572041895,50.4,5.21,22.58,0.0,33.30062795807706,10.05,moderate
7,210,15_7,15,7,13.1827,80.2107,223.84,52.23,False,,50.16,62.45,68.7,64.6578992974559,2.851540300186008,66.8,5.21,22.58,0.0,42.0778992974559,17.29,high
8,240,15_7,15,7,13.1827,80.2107,224.79,52.36,False,,33.05,62.88,56.53,63.29840789497505,1.6393438569895733,80.9,5.21,22.58,0.0,40.71840789497505,24.24,high
9,270,15_7,15,7,13.1827,80.2107,235.11,51.36,False,,37.64,58.27,45.83,55.45935716052515,3.903955763487062,54.6,5.21,22.58,0.0,32.87935716052515,29.54,high
10,300,15_7,15,7,13.1827,80.2107,234.71,49.69,False,,22.42,42.91,31.14,43.405147793721554,2.600369514106424,69.7,5.21,22.58,0.0,20.825147793721555,32.31,severe
11,330,15_7,15,7,13.1827,80.2107,241.3,46.9,False,,23.74,31.12,20.8,31.289681502249053,2.0430517820986838,76.2,5.21,22.58,0.0,8.709681502249055,32.54,severe
0,0,15_8,15,8,13.1827,80.2307,256.45,24.62,False,,20.14,1.12,3.73,1.4085791929957936,0.2281346289818309,97.3,2.33,22.0,1.2546026496797293,0.0,0.0,safe
1,30,15_8,15,8,13.1827,80.2307,258.69,35.8,False,,7.89,6.88,1.94,6.689792939051157,0.5279712288061705,93.9,2.33,22.0,1.2546026496797293,0.0,0.0,safe
2,60,15_8,15,8,13.1827,80.2307,255.43,40.22,False,,24.16,11.62,9.92,11.567069772785992,1.0692835465693198,87.6,2.33,22.0,1.2546026496797293,0.0,0.0,safe
3,90,15_8,15,8,13.1827,80.2307,251.49,44.42,False,,53.51,19.67,9.93,19.69620672783559,1.5770689906735944,81.7,2.33,22.0,1.2546026496797293,0.0,0.0,safe
4,120,15_8,15,8,13.1827,80.2307,240.36,49.09,False,,40.41,32.96,24.35,34.12957504792672,2.8908545433824324,66.4,2.33,22.0,1.2546026496797293,12.129575047926721,1.75,low
5,150,15_8,15,8,13.1827,80.2307,237.33,50.39,False,,42.24,46.61,37.65,46.048773396483575,1.9435866284101195,77.4,2.33,22.0,1.2546026496797293,24.048773396483575,6.78,moderate
6,180,15_8,15,8,13.1827,80.2307,222.71,51.87,False,,82.61,61.16,50.99,62.78017585775942,2.803058967624016,67.4,2.33,22.0,1.2546026496797293,40.78017585775942,16.43,high
7,210,15_8,15,8,13.1827,80.2307,221.93,51.16,False,,54.48,70.54,62.92,68.30625316202139,4.151537823968972,51.7,2.33,22.0,1.2546026496797293,46.30625316202139,27.6,high
8,240,15_8,15,8,13.1827,80.2307,222.2,51.27,False,,45.62,70.89,69.78,70.14209718027536,2.463201383841769,71.3,2.33,22.0,1.2546026496797293,48.14209718027536,39.29,severe
9,270,15_8,15,8,13.1827,80.2307,220.67,50.67,False,,42.44,64.43,71.55,65.93175160396994,3.46291972439534,59.7,2.33,22.0,1.2546026496797293,43.93175160396994,49.8,severe
10,300,15_8,15,8,13.1827,80.2307,226.77,51.35,False,,45.25,54.46,65.17,57.70431690514296,4.693113313498283,50.0,2.33,22.0,1.2546026496797293,35.70431690514296,58.05,severe
11,330,15_8,15,8,13.1827,80.2307,233.97,49.49,False,,12.13,44.23,53.91,44.85238118627638,2.475299713362657,71.2,2.33,22.0,1.2546026496797293,22.852381186276382,62.76,severe
0,0,15_9,15,9,13.1827,80.2507,259.82,32.89,False,,13.42,3.54,3.73,4.212022289460741,0.4723616954469709,94.5,3.38,21.63,0.5109746539866014,0.0,0.0,safe
1,30,15_9,15,9,13.1827,80.2507,257.75,36.84,False,,5.64,6.85,1.94,6.771779620897976,0.4341411236053005,94.9,3.38,21.63,0.5109746539866014,0.0,0.0,safe
2,60,15_9,15,9,13.1827,80.2507,248.31,40.58,False,,33.4,12.16,9.92,12.212324850427803,0.7398779862397269,91.4,3.38,21.63,0.5109746539866014,0.0,0.0,safe
3,90,15_9,15,9,13.1827,80.2507,250.77,43.59,False,,47.59,19.57,9.93,19.03571849278005,2.0864732848104053,75.7,3.38,21.63,0.5109746539866014,0.0,0.0,safe
4,120,15_9,15,9,13.1827,80.2507,241.08,46.13,False,,55.25,29.71,24.35,30.250261882780297,2.541215151944878,70.4,3.38,21.63,0.5109746539866014,8.620261882780298,0.44,low
5,150,15_9,15,9,13.1827,80.2507,238.75,50.63,False,,63.59,48.02,37.65,43.69373680468555,3.711785342669543,56.8,3.38,21.63,0.5109746539866014,22.06373680468555,4.07,low
6,180,15_9,15,9,13.1827,80.2507,226.53,51.95,False,,65.27,59.77,50.99,60.94787337606333,2.3380545667649417,72.8,3.38,21.63,0.5109746539866014,39.31787337606333,11.78,moderate
7,210,15_9,15,9,13.1827,80.2507,222.88,52.85,False,,55.82,71.11,62.92,68.34586702470001,3.8005476077915943,55.8,3.38,21.63,0.5109746539866014,46.71586702470002,21.24,high
8,240,15_9,15,9,13.1827,80.2507,222.7,52.69,False,,40.72,77.27,69.78,67.52110446032604,4.159044719555001,51.6,3.38,21.63,0.5109746539866014,45.89110446032605,30.51,severe
9,270,15_9,15,9,13.1827,80.2507,217.83,53.51,False,,49.13,72.87,71.55,75.12032843070965,2.684293237423777,68.8,3.38,21.63,0.5109746539866014,53.49032843070965,41.58,severe
10,300,15_9,15,9,13.1827,80.2507,220.85,53.02,False,,23.09,65.63,65.17,67.53579012926461,3.5230572124370205,59.0,3.38,21.63,0.5109746539866014,45.905790129264616,50.85,severe
11,330,15_9,15,9,13.1827,80.2507,231.43,50.8,False,,21.3,52.07,53.91,52.78188194098441,2.5141867203319785,70.7,3.38,21.63,0.5109746539866014,31.151881940984413,56.63,severe
0,0,15_10,15,10,13.1827,80.2707,260.02,17.53,False,,5.92,0.58,3.73,0.5340736549086873,0.0563274362845635,99.0,5.33,21.5,0.0,0.0,0.0,safe
1,30,15_10,15,10,13.1827,80.2707,257.0,34.82,False,,30.42,5.76,1.94,5.691957636113886,0.3366044491214628,96.1,5.33,21.5,0.0,0.0,0.0,safe
2,60,15_10,15,10,13.1827,80.2707,249.13,38.64,False,,37.76,11.67,9.92,10.982866880098747,1.1948423574238638,86.1,5.33,21.5,0.0,0.0,0.0,safe
3,90,15_10,15,10,13.1827,80.2707,255.15,44.44,False,,38.76,18.41,9.93,19.51799777243011,1.968690715460028,77.1,5.33,21.5,0.0,0.0,0.0,safe
4,120,15_10,15,10,13.1827,80.2707,241.6,48.12,False,,35.1,29.71,24.35,31.52141486243816,2.9708320471921987,65.4,5.33,21.5,0.0,10.02141486243816,0.5,low
5,150,15_10,15,10,13.1827,80.2707,236.01,48.33,False,,60.99,42.14,37.65,41.33651543461744,2.460443411839892,71.4,5.33,21.5,0.0,19.83651543461744,3.07,low
6,180,15_10,15,10,13.1827,80.2707,224.75,53.6,False,,67.65,58.43,50.99,67.7508864280804,4.753459601626608,50.0,5.33,21.5,0.0,46.250886428080406,11.18,moderate
7,210,15_10,15,10,13.1827,80.2707,218.16,51.68,False,,65.53,72.55,62.92,72.18328304878938,2.7261818045840447,68.3,5.33,21.5,0.0,50.68328304878938,20.23,high
8,240,15_10,15,10,13.1827,80.2707,218.65,53.37,False,,62.63,79.02,69.78,76.85519697305276,2.3580028325824345,72.6,5.33,21.5,0.0,55.355196973052756,30.25,severe
9,270,15_10,15,10,13.1827,80.2707,221.24,54.66,False,,42.1,81.36,71.55,78.59082362788698,3.900311931915994,54.6,5.33,21.5,0.0,57.09082362788698,40.64,severe
10,300,15_10,15,10,13.1827,80.2707,217.34,51.67,False,,29.58,72.06,65.17,70.8555314323746,3.114813415925102,63.8,5.33,21.5,0.0,49.355531432374605,49.4,severe
11,330,15_10,15,10,13.1827,80.2707,224.68,49.53,False,,32.82,59.04,53.91,59.89064921607128,1.9943423182316573,76.8,5.33,21.5,0.0,38.39064921607128,55.87,severe
0,0,15_11,15,11,13.1827,80.2907,263.67,20.49,False,,14.34,0.57,3.77,0.6495803658963571,0.1164819295036804,98.6,6.92,21.63,0.5394835658148054,0.0,0.0,safe
1,30,15_11,15,11,13.1827,80.2907,263.87,33.91,False,,30.7,5.29,6.04,5.063694751081544,0.4990905075108207,94.2,6.92,21.63,0.5394835658148054,0.0,0.0,safe
2,60,15_11,15,11,13.1827,80.2907,259.76,34.85,False,,30.1,5.89,13.57,5.8224480709873205,0.4022594760202119,95.3,6.92,21.63,0.5394835658148054,0.0,0.0,safe
3,90,15_11,15,11,13.1827,80.2907,251.92,43.66,False,,40.14,14.82,22.13,16.13494275351254,2.136506107738165,75.1,6.92,21.63,0.5394835658148054,0.0,0.0,safe
4,120,15_11,15,11,13.1827,80.2907,245.96,46.01,False,,34.5,25.24,36.98,26.683329378741718,2.84434283554531,66.9,6.92,21.63,0.5394835658148054,5.053329378741719,0.0,safe
5,150,15_11,15,11,13.1827,80.2907,241.95,49.1,False,,66.91,38.29,55.2,39.21892459882557,3.018023126513941,64.9,6.92,21.63,0.5394835658148054,17.588924598825574,2.59,low
6,180,15_11,15,11,13.1827,80.2907,229.2,51.07,False,,65.18,59.27,69.04,57.60889749973204,2.487217956128416,71.1,6.92,21.63,0.5394835658148054,35.97889749973204,9.57,moderate
7,210,15_11,15,11,13.1827,80.2907,221.27,52.96,False,,58.89,68.95,80.4,70.88403638304175,3.6808653202720665,57.2,6.92,21.63,0.5394835658148054,49.25403638304175,19.7,high
8,240,15_11,15,11,13.1827,80.2907,207.48,51.53,False,,62.81,81.35,81.59,81.28881916467363,2.9431807917118817,65.8,6.92,21.63,0.5394835658148054,59.65881916467363,32.32,severe
9,270,15_11,15,11,13.1827,80.2907,212.83,53.88,False,,52.44,84.87,82.18,83.8170106970021,1.3219016853105865,84.6,6.92,21.63,0.5394835658148054,62.18701069700211,45.54,severe
10,300,15_11,15,11,13.1827,80.2907,220.69,55.33,False,,41.99,80.65,68.56,79.2270835401599,2.923725748493736,66.0,6.92,21.63,0.5394835658148054,57.5970835401599,57.67,severe
11,330,15_11,15,11,13.1827,80.2907,222.87,52.02,False,,32.83,68.01,51.77,66.70843680464343,2.8051032095507957,67.4,6.92,21.63,0.5394835658148054,45.07843680464343,66.81,severe
0,0,15_12,15,12,13.1827,80.3107,258.72,29.45,False,,0.0,2.37,3.77,2.4309103148945086,0.1698620805555127,98.0,9.92,22.0,0.0,0.0,0.0,safe
1,30,15_12,15,12,13.1827,80.3107,258.1,27.76,False,,33.79,2.1,6.04,2.193898795163616,0.178799042539951,97.9,9.92,22.0,0.0,0.0,0.0,safe
2,60,15_12,15,12,13.1827,80.3107,260.31,32.26,False,,9.87,4.2,13.57,4.070065474325063,0.4163604740495678,95.2,9.92,22.0,0.0,0.0,0.0,safe
3,90,15_12,15,12,13.1827,80.3107,251.54,39.49,False,,27.87,9.99,22.13,12.390120961398653,1.6893981079858955,80.3,9.92,22.0,0.0,0.0,0.0,safe
4,120,15_12,15,12,13.1827,80.3107,253.01,46.78,False,,32.43,20.69,36.98,30.468760068173506,3.816580716084428,55.6,9.92,22.0,0.0,8.468760068173506,0.18,low
5,150,15_12,15,12,13.1827,80.3107,244.08,47.27,False,,60.65,33.2,55.2,33.343989484140394,1.3402217920185426,84.4,9.92,22.0,0.0,11.343989484140394,0.96,low
6,180,15_12,15,12,13.1827,80.3107,230.24,51.85,False,,73.34,49.06,69.04,52.731176881136896,6.156213794441914,50.0,9.92,22.0,0.0,30.731176881136896,5.81,moderate
7,210,15_12,15,12,13.1827,80.3107,218.85,51.34,False,,68.27,66.87,80.4,69.36008050963345,3.800700820877309,55.8,9.92,22.0,0.0,47.36008050963345,14.16,moderate
8,240,15_12,15,12,13.1827,80.3107,217.36,53.48,False,,58.52,78.22,81.59,79.83675243645602,1.980969700060928,77.0,9.92,22.0,0.0,57.836752436456024,24.71,high
9,270,15_12,15,12,13.1827,80.3107,210.87,54.74,False,,79.15,86.27,82.18,84.36364570899154,3.150139180121765,63.3,9.92,22.0,0.0,62.36364570899154,36.2,severe
10,300,15_12,15,12,13.1827,80.3107,219.05,54.27,False,,43.95,79.52,68.56,78.45655790965525,2.105576209829869,75.5,9.92,22.0,0.0,56.456557909655245,46.46,severe
11,330,15_12,15,12,13.1827,80.3107,224.47,51.5,False,,30.69,70.32,51.77,67.61480513567402,3.823005619077741,55.5,9.92,22.0,0.0,45.61480513567402,54.44,severe
0,0,15_13,15,13,13.1827,80.3307,261.12,24.06,False,,0.0,1.02,3.77,1.1098937854443296,0.1325971923912386,98.5,10.22,22.58,0.0,0.0,0.0,safe
1,30,15_13,15,13,13.1827,80.3307,259.29,25.75,False,,24.51,1.7,6.04,1.7920197797480268,0.3205227993767177,96.3,10.22,22.58,0.0,0.0,0.0,safe
2,60,15_13,15,13,13.1827,80.3307,253.48,38.57,False,,25.7,7.69,13.57,8.813643436767984,1.112833562534198,87.1,10.22,22.58,0.0,0.0,0.0,safe
3,90,15_13,15,13,13.1827,80.3307,260.93,38.24,False,,17.6,9.37,22.13,9.122622680799385,1.8521147905156965,78.5,10.22,22.58,0.0,0.0,0.0,safe
4,120,15_13,15,13,13.1827,80.3307,247.2,43.79,False,,29.34,18.86,36.98,20.258276132694935,2.4236593570541074,71.8,10.22,22.58,0.0,0.0,0.0,safe
5,150,15_13,15,13,13.1827,80.3307,244.64,47.96,False,,54.96,29.6,55.2,31.344377465517614,3.865197365761344,55.0,10.22,22.58,0.0,8.764377465517615,0.24,low
6,180,15_13,15,13,13.1827,80.3307,233.03,48.04,False,,62.17,45.75,69.04,46.17518877365284,2.6300744363432944,69.4,10.22,22.58,0.0,23.595188773652843,3.6,low
7,210,15_13,15,13,13.1827,80.3307,226.46,52.07,False,,66.17,59.64,80.4,68.23467045294399,4.745602081192191,50.0,10.22,22.58,0.0,45.65467045294399,11.58,moderate
8,240,15_13,15,13,13.1827,80.3307,219.3,52.34,False,,73.53,73.18,81.59,73.85616228844832,2.7918052075929825,67.5,10.22,22.58,0.0,51.27616228844832,20.75,high
9,270,15_13,15,13,13.1827,80.3307,218.13,53.86,False,,68.12,82.35,82.18,81.30026076684035,1.91051812844048,77.8,10.22,22.58,0.0,58.720260766840354,31.48,severe
10,300,15_13,15,13,13.1827,80.3307,213.75,52.93,False,,39.43,83.75,68.56,81.83073503732439,3.693206695675944,57.0,10.22,22.58,0.0,59.25073503732439,42.32,severe
11,330,15_13,15,13,13.1827,80.3307,219.37,52.96,False,,30.36,73.76,51.77,69.49054418345543,4.305244140475349,50.0,10.22,22.58,0.0,46.91054418345543,50.58,severe
0,0,15_14,15,14,13.1827,80.3507,256.14,30.04,False,,0.0,2.82,0.0,2.8329300340217043,0.2901944092693241,96.6,10.42,23.32,0.3408162809753037,0.0,0.0,safe
1,30,15_14,15,14,13.1827,80.3507,262.81,-8.95,False,,14.07,0.0,2.77,0.0,0.0,99.0,10.42,23.32,0.3408162809753037,0.0,0.0,safe
2,60,15_14,15,14,13.1827,80.3507,262.96,32.72,False,,11.05,4.89,1.15,4.394100961741735,0.4524120503733177,94.7,10.42,23.32,0.3408162809753037,0.0,0.0,safe
3,90,15_14,15,14,13.1827,80.3507,250.31,40.39,False,,30.44,9.45,0.63,10.943932742540447,1.832710752957709,78.7,10.42,23.32,0.3408162809753037,0.0,0.0,safe
4,120,15_14,15,14,13.1827,80.3507,255.38,40.23,False,,26.0,11.37,6.44,11.397565534164958,0.8725812086260726,89.8,10.42,23.32,0.3408162809753037,0.0,0.0,safe
5,150,15_14,15,14,13.1827,80.3507,248.02,44.29,False,,52.15,22.41,12.28,20.569896141390178,1.6141621545650702,81.2,10.42,23.32,0.3408162809753037,0.0,0.0,safe
6,180,15_14,15,14,13.1827,80.3507,239.41,51.09,False,,57.33,37.14,21.02,38.36817569264076,3.474296434069959,59.6,10.42,23.32,0.3408162809753037,15.048175692640761,1.83,low
7,210,15_14,15,14,13.1827,80.3507,221.81,49.83,False,,76.15,53.31,31.77,56.20013761904763,5.107200232430604,50.0,10.42,23.32,0.3408162809753037,32.88013761904763,7.72,moderate
8,240,15_14,15,14,13.1827,80.3507,225.04,52.36,False,,67.22,66.31,48.03,65.63384156747456,1.964984042654481,77.1,10.42,23.32,0.3408162809753037,42.31384156747456,15.77,high
9,270,15_14,15,14,13.1827,80.3507,217.71,52.84,False,,73.16,78.87,63.91,77.13421451794838,3.0071151019593683,65.0,10.42,23.32,0.3408162809753037,53.81421451794838,26.43,high
10,300,15_14,15,14,13.1827,80.3507,214.15,52.94,False,,44.51,81.11,79.38,80.67148027672206,1.82164255145661,78.8,10.42,23.32,0.3408162809753037,57.351480276722064,37.9,severe
11,330,15_14,15,14,13.1827,80.3507,220.3,52.12,False,,44.41,76.17,84.79,76.17015266788773,2.474484729079897,71.2,10.42,23.32,0.3408162809753037,52.850152667887734,48.34,severe
0,0,15_15,15,15,13.1827,80.3707,256.74,27.27,False,,15.31,1.89,2.83,1.9913977048685063,0.3380695845625499,96.1,11.24,24.19,0.4355882628526224,0.0,0.0,safe
1,30,15_15,15,15,13.1827,80.3707,258.66,33.15,False,,5.17,3.18,0.41,3.672521619812336,0.5696034886034897,93.4,11.24,24.19,0.4355882628526224,0.0,0.0,safe
2,60,15_15,15,15,13.1827,80.3707,260.44,30.08,False,,10.7,2.8,1.61,2.8829497743555685,0.305649935508364,96.4,11.24,24.19,0.4355882628526224,0.0,0.0,safe
3,90,15_15,15,15,13.1827,80.3707,256.14,34.47,False,,17.48,5.72,1.37,5.356824734988314,0.5612693964732738,93.5,11.24,24.19,0.4355882628526224,0.0,0.0,safe
4,120,15_15,15,15,13.1827,80.3707,257.02,40.63,False,,23.15,12.41,2.52,11.872525907701997,0.9261786387044816,89.2,11.24,24.19,0.4355882628526224,0.0,0.0,safe
5,150,15_15,15,15,13.1827,80.3707,245.86,44.1,False,,33.45,20.87,10.31,20.949323046282032,1.7138330799458497,80.1,11.24,24.19,0.4355882628526224,0.0,0.0,safe
6,180,15_15,15,15,13.1827,80.3707,243.99,46.82,False,,50.45,31.33,14.14,30.174578654902888,2.3853451625090902,72.2,11.24,24.19,0.4355882628526224,5.9845786549028865,0.0,safe
7,210,15_15,15,15,13.1827,80.3707,239.04,49.42,False,,73.23,43.77,18.52,41.3656160536022,3.6531001646863337,57.5,11.24,24.19,0.4355882628526224,17.1756160536022,2.4,low
8,240,15_15,15,15,13.1827,80.3707,226.18,50.92,False,,64.12,59.67,29.86,59.202560110851785,3.088943717255331,64.1,11.24,24.19,0.4355882628526224,35.01256011085178,8.95,moderate
9,270,15_15,15,15,13.1827,80.3707,219.29,52.04,False,,69.25,73.07,45.42,72.35178328132415,2.4699913105723383,71.3,11.24,24.19,0.4355882628526224,48.16178328132415,18.57,high
10,300,15_15,15,15,13.1827,80.3707,215.81,54.75,False,,55.55,78.86,59.6,77.43623738281313,2.5393757021537278,70.5,11.24,24.19,0.4355882628526224,53.246237382813135,29.37,high
11,330,15_15,15,15,13.1827,80.3707,221.48,51.79,False,,26.21,75.19,64.52,68.31168960086202,5.441986715214574,50.0,11.24,24.19,0.4355882628526224,44.12168960086203,38.04,severe
0,0,15_16,15,16,13.1827,80.3907,261.17,15.73,False,,0.0,0.4,2.83,0.3950863259697821,0.0406289618188098,99.0,13.4,25.15,0.0,0.0,0.0,safe
1,30,15_16,15,16,13.1827,80.3907,259.45,16.19,False,,0.0,0.44,0.41,0.4307608305660626,0.0430344215312118,99.0,13.4,25.15,0.0,0.0,0.0,safe
2,60,15_16,15,16,13.1827,80.3907,255.57,30.37,False,,7.55,3.28,1.61,3.110733945935682,0.4168870541717853,95.1,13.4,25.15,0.0,0.0,0.0,safe
3,90,15_16,15,16,13.1827,80.3907,255.62,29.58,False,,15.34,3.49,1.37,3.056465363425319,0.5059380487370959,94.1,13.4,25.15,0.0,0.0,0.0,safe
4,120,15_16,15,16,13.1827,80.3907,256.62,36.88,False,,27.1,7.32,2.52,7.288485030058822,0.5943764728371383,93.1,13.4,25.15,0.0,0.0,0.0,safe
5,150,15_16,15,16,13.1827,80.3907,249.35,42.11,False,,34.75,13.87,10.31,14.448402678094064,1.715737969479379,80.0,13.4,25.15,0.0,0.0,0.0,safe
6,180,15_16,15,16,13.1827,80.3907,249.69,43.91,False,,46.01,23.31,14.14,21.594558401798967,1.9209391801214333,77.7,13.4,25.15,0.0,0.0,0.0,safe
7,210,15_16,15,16,13.1827,80.3907,237.24,45.45,False,,63.2,36.54,18.52,34.20493711865745,4.03307642183468,53.1,13.4,25.15,0.0,9.054937118657449,0.3,low
8,240,15_16,15,16,13.1827,80.3907,227.48,52.25,False,,58.62,51.97,29.86,60.870304306363984,6.100145622014581,50.0,13.4,25.15,0.0,35.720304306363985,6.2,moderate
9,270,15_16,15,16,13.1827,80.3907,220.88,49.99,False,,61.35,64.92,45.42,65.17103006464126,2.774027405578149,67.7,13.4,25.15,0.0,40.02103006464126,13.01,moderate
10,300,15_16,15,16,13.1827,80.3907,220.76,52.7,False,,57.44,72.73,59.6,72.59861191248861,2.2952440800061717,73.3,13.4,25.15,0.0,47.44861191248861,21.37,high
11,330,15_16,15,16,13.1827,80.3907,217.47,51.9,False,,52.56,70.8,64.52,73.04834743820942,3.765895360715625,56.2,13.4,25.15,0.0,47.89834743820942,29.83,high
0,0,15_17,15,17,13.1827,80.4107,258.46,28.66,False,,17.54,2.37,2.83,2.234975625395121,0.2068840082919162,97.6,12.81,26.18,0.3358649610472888,0.0,0.0,safe
1,30,15_17,15,17,13.1827,80.4107,265.17,22.96,False,,4.2,1.0,0.41,1.053065105843735,0.0718358732658487,99.0,12.81,26.18,0.3358649610472888,0.0,0.0,safe
2,60,15_17,15,17,13.1827,80.4107,261.3,-8.43,False,,12.06,0.0,1.61,0.0,0.0,99.0,12.81,26.18,0.3358649610472888,0.0,0.0,safe
3,90,15_17,15,17,13.1827,80.4107,259.71,29.03,False,,13.97,2.58,1.37,2.3271690175659363,0.2650811418231412,96.9,12.81,26.18,0.3358649610472888,0.0,0.0,safe
4,120,15_17,15,17,13.1827,80.4107,251.89,37.15,False,,20.19,6.69,2.52,7.062601068883024,0.7350755980950177,91.4,12.81,26.18,0.3358649610472888,0.0,0.0,safe
5,150,15_17,15,17,13.1827,80.4107,256.55,40.26,False,,23.29,13.29,10.31,12.4840465651363,1.1433444843824343,86.7,12.81,26.18,0.3358649610472888,0.0,0.0,safe
6,180,15_17,15,17,13.1827,80.4107,254.92,44.2,False,,36.76,19.4,14.14,19.719533611195818,1.0892251184551087,87.3,12.81,26.18,0.3358649610472888,0.0,0.0,safe
7,210,15_17,15,17,13.1827,80.4107,242.55,48.25,False,,56.85,30.6,18.52,32.01827151377304,2.9104329893500096,66.1,12.81,26.18,0.3358649610472888,5.838271513773037,0.0,safe
8,240,15_17,15,17,13.1827,80.4107,240.53,49.75,False,,58.12,43.38,29.86,42.16715508690763,2.824183480560295,67.1,12.81,26.18,0.3358649610472888,15.987155086907627,2.04,low
9,270,15_17,15,17,13.1827,80.4107,232.87,50.56,False,,46.92,55.51,45.42,53.99995225103554,3.331532934058764,61.2,12.81,26.18,0.3358649610472888,27.819952251035538,6.77,moderate
10,300,15_17,15,17,13.1827,80.4107,224.67,53.06,False,,42.89,62.34,59.6,64.58631577233132,3.115625326501192,63.8,12.81,26.18,0.3358649610472888,38.40631577233132,13.91,moderate
11,330,15_17,15,17,13.1827,80.4107,224.01,51.25,False,,62.23,68.46,64.52,67.43132876126208,2.4942316948160217,71.0,12.81,26.18,0.3358649610472888,41.25132876126208,21.7,high
0,0,15_18,15,18,13.1827,80.4307,254.32,33.62,False,,9.51,4.71,2.83,4.332529858473834,0.4540934440834765,94.7,13.56,27.26,0.45513012081449844,0.0,0.0,safe
1,30,15_18,15,18,13.1827,80.4307,258.44,26.74,False,,36.06,1.88,0.41,1.866259586122456,0.4454462426600423,94.8,13.56,27.26,0.45513012081449844,0.0,0.0,safe
2,60,15_18,15,18,13.1827,80.4307,261.83,22.53,False,,5.81,1.01,1.61,1.0123854891816249,0.0633786446294517,99.0,13.56,27.26,0.45513012081449844,0.0,0.0,safe
3,90,15_18,15,18,13.1827,80.4307,260.43,29.39,False,,9.31,2.37,1.37,2.4343630359622783,0.1909938754192382,97.8,13.56,27.26,0.45513012081449844,0.0,0.0,safe
4,120,15_18,15,18,13.1827,80.4307,260.67,21.75,False,,14.91,0.88,2.52,0.8643393774038571,0.104643674265497,98.8,13.56,27.26,0.45513012081449844,0.0,0.0,safe
5,150,15_18,15,18,13.1827,80.4307,251.15,38.44,False,,37.98,10.91,10.31,10.118330143374491,1.403565208406218,83.7,13.56,27.26,0.45513012081449844,0.0,0.0,safe
6,180,15_18,15,18,13.1827,80.4307,250.91,41.08,False,,35.03,13.06,14.14,13.669483613700818,0.987195464990526,88.5,13.56,27.26,0.45513012081449844,0.0,0.0,safe
7,210,15_18,15,18,13.1827,80.4307,242.64,45.22,False,,44.69,24.22,18.52,25.24018491757266,1.8414238831746104,78.6,13.56,27.26,0.45513012081449844,0.0,0.0,safe
8,240,15_18,15,18,13.1827,80.4307,246.33,48.35,False,,44.47,33.93,29.86,34.11686115048771,2.940742873462717,65.8,13.56,27.26,0.45513012081449844,6.856861150487706,0.0,safe
9,270,15_18,15,18,13.1827,80.4307,240.15,49.9,False,,52.25,45.06,45.42,43.81352782179425,2.017806449485791,76.5,13.56,27.26,0.45513012081449844,16.55352782179425,2.28,low
10,300,15_18,15,18,13.1827,80.4307,228.44,52.21,False,,48.36,57.83,59.6,57.88963877116504,2.701713921111816,68.6,13.56,27.26,0.45513012081449844,30.629638771165038,7.84,moderate
11,330,15_18,15,18,13.1827,80.4307,227.71,51.59,False,,57.21,58.69,64.52,58.479244220349685,2.7028529941809363,68.6,13.56,27.26,0.45513012081449844,31.219244220349683,13.54,moderate
0,0,15_19,15,19,13.1827,80.4507,261.31,-7.66,False,,15.5,0.0,2.83,0.0,0.0,99.0,14.82,28.38,0.0,0.0,0.0,safe
1,30,15_19,15,19,13.1827,80.4507,256.56,19.79,False,,24.05,0.68,0.41,0.6545877705627725,0.0485370675927827,99.0,14.82,28.38,0.0,0.0,0.0,safe
2,60,15_19,15,19,13.1827,80.4507,261.72,-10.0,False,,9.19,0.0,1.61,0.0,0.0,99.0,14.82,28.38,0.0,0.0,0.0,safe
3,90,15_19,15,19,13.1827,80.4507,257.08,12.53,False,,23.21,0.26,1.37,0.2119121428571426,0.0392360834688562,99.0,14.82,28.38,0.0,0.0,0.0,safe
4,120,15_19,15,19,13.1827,80.4507,259.54,25.37,False,,26.46,1.6,2.52,1.349683562149866,0.1656919013010382,98.1,14.82,28.38,0.0,0.0,0.0,safe
5,150,15_19,15,19,13.1827,80.4507,257.78,33.27,False,,16.86,4.86,10.31,4.597351621673832,0.5773734515017821,93.3,14.82,28.38,0.0,0.0,0.0,safe
6,180,15_19,15,19,13.1827,80.4507,257.54,39.17,False,,40.1,11.26,14.14,10.822340243476186,1.1498442042397836,86.6,14.82,28.38,0.0,0.0,0.0,safe
7,210,15_19,15,19,13.1827,80.4507,245.74,44.37,False,,44.86,20.23,18.52,21.032547800846498,1.9584571021142647,77.2,14.82,28.38,0.0,0.0,0.0,safe
8,240,15_19,15,19,13.1827,80.4507,239.3,45.99,False,,33.94,27.23,29.86,28.056058977573976,2.4758515067372966,71.2,14.82,28.38,0.0,0.0,0.0,safe
9,270,15_19,15,19,13.1827,80.4507,240.44,47.67,False,,59.24,36.71,45.42,37.19872894320423,2.023132247371691,76.5,14.82,28.38,0.0,8.818728943204231,0.25,low
10,300,15_19,15,19,13.1827,80.4507,238.13,50.28,False,,47.76,45.75,59.6,45.30141817492747,2.496123787168146,71.0,14.82,28.38,0.0,16.92141817492747,2.21,low
11,330,15_19,15,19,13.1827,80.4507,230.06,51.94,False,,47.43,51.02,64.52,56.76064017363287,3.788941369125372,55.9,14.82,28.38,0.0,28.380640173632873,6.57,moderate
0,0,16_0,16,0,13.2027,80.0707,264.3,31.3,False,,16.55,3.28,0.0,3.292903514322002,0.2697387016783148,96.9,14.52,30.16,0.0,0.0,0.0,safe
1,30,16_0,16,0,13.2027,80.0707,254.81,36.64,False,,8.88,7.35,3.66,6.77103241688723,0.6214852901360737,92.8,14.52,30.16,0.0,0.0,0.0,safe
2,60,16_0,16,0,13.2027,80.0707,252.63,35.83,False,,14.47,7.31,8.64,7.125577510206496,0.5904409592065245,93.1,14.52,30.16,0.0,0.0,0.0,safe
3,90,16_0,16,0,13.2027,80.0707,252.4,40.17,False,,26.38,11.11,13.31,11.855323215747376,1.1912402474234116,86.1,14.52,30.16,0.0,0.0,0.0,safe
4,120,16_0,16,0,13.2027,80.0707,251.74,41.57,False,,12.03,12.46,13.64,13.497356994043493,1.645838123612111,80.9,14.52,30.16,0.0,0.0,0.0,safe
5,150,16_0,16,0,13.2027,80.0707,253.12,43.79,False,,16.59,16.19,20.22,17.129204851403603,1.4978736546017704,82.6,14.52,30.16,0.0,0.0,0.0,safe
6,180,16_0,16,0,13.2027,80.0707,251.74,41.31,False,,19.48,13.96,17.07,14.0177009027042,1.099525719674932,87.2,14.52,30.16,0.0,0.0,0.0,safe
7,210,16_0,16,0,13.2027,80.0707,250.62,40.85,False,,6.38,15.97,18.94,15.9582157719078,1.152091667260288,86.6,14.52,30.16,0.0,0.0,0.0,safe
8,240,16_0,16,0,13.2027,80.0707,250.86,39.02,False,,0.27,10.14,17.37,11.20494239930804,1.7241789637629406,79.9,14.52,30.16,0.0,0.0,0.0,safe
9,270,16_0,16,0,13.2027,80.0707,254.84,35.2,False,,1.77,5.0,9.02,5.400235928171522,0.6678267845733941,92.2,14.52,30.16,0.0,0.0,0.0,safe
10,300,16_0,16,0,13.2027,80.0707,256.35,34.38,False,,4.76,5.09,9.45,5.036783666109097,0.4847074186745286,94.4,14.52,30.16,0.0,0.0,0.0,safe
11,330,16_0,16,0,13.2027,80.0707,255.56,34.46,False,,15.44,5.01,6.47,5.301799399604588,0.7203390719767585,91.6,14.52,30.16,0.0,0.0,0.0,safe
0,0,16_1,16,1,13.2027,80.0907,257.14,19.3,True,0.0,10.19,0.62,0.0,0.6116361038961045,0.0373255938115881,99.0,13.58,29.06,0.0,0.0,0.0,safe
1,30,16_1,16,1,13.2027,80.0907,259.42,33.37,True,3.66,18.4,3.99,3.66,4.485865768464487,0.3998791558359858,95.3,13.58,29.06,0.0,0.0,0.0,safe
2,60,16_1,16,1,13.2027,80.0907,254.22,37.23,True,8.64,18.38,7.64,8.64,7.5330875705490845,0.5201873143856167,93.9,13.58,29.06,0.0,0.0,0.0,safe
3,90,16_1,16,1,13.2027,80.0907,250.6,41.29,True,13.31,22.01,13.89,13.31,13.954634712944946,1.0679398542953622,87.6,13.58,29.06,0.0,0.0,0.0,safe
4,120,16_1,16,1,13.2027,80.0907,249.11,40.72,True,13.64,23.3,13.9,13.64,13.786063639876913,0.8729296894499421,89.8,13.58,29.06,0.0,0.0,0.0,safe
5,150,16_1,16,1,13.2027,80.0907,243.06,44.35,True,20.22,24.92,20.81,20.22,21.25287272509162,2.8877132103094243,66.4,13.58,29.06,0.0,0.0,0.0,safe
6,180,16_1,16,1,13.2027,80.0907,252.72,42.83,True,17.07,7.25,17.33,17.07,17.082137839602836,1.6305360976154462,81.0,13.58,29.06,0.0,0.0,0.0,safe
7,210,16_1,16,1,13.2027,80.0907,255.79,43.05,True,18.94,15.15,18.82,18.94,15.047262441019036,1.938064024365711,77.5,13.58,29.06,0.0,0.0,0.0,safe
8,240,16_1,16,1,13.2027,80.0907,252.35,40.84,True,17.37,23.15,16.78,17.37,15.484804720354305,1.84372418453467,78.5,13.58,29.06,0.0,0.0,0.0,safe
9,270,16_1,16,1,13.2027,80.0907,253.7,38.12,True,9.02,15.77,8.89,9.02,9.239312625409893,0.6962797991328701,91.9,13.58,29.06,0.0,0.0,0.0,safe
10,300,16_1,16,1,13.2027,80.0907,250.9,37.09,True,9.45,28.2,8.31,9.45,8.889057062929304,1.0194338518877455,88.1,13.58,29.06,0.0,0.0,0.0,safe
11,330,16_1,16,1,13.2027,80.0907,260.55,36.59,True,6.47,0.0,6.31,6.47,6.806015705118645,0.6162698734919526,92.8,13.58,29.06,0.0,0.0,0.0,safe
0,0,16_2,16,2,13.2027,80.1107,257.09,27.65,False,,15.19,2.71,0.0,1.906058474626148,0.2512580820348714,97.1,12.38,28.0,0.0,0.0,0.0,safe
1,30,16_2,16,2,13.2027,80.1107,262.04,34.84,False,,19.8,5.39,3.66,5.446506164330949,0.4087908393521026,95.2,12.38,28.0,0.0,0.0,0.0,safe
2,60,16_2,16,2,13.2027,80.1107,254.04,38.67,False,,24.57,10.11,8.64,9.573032603714658,0.7828214034070887,90.9,12.38,28.0,0.0,0.0,0.0,safe
3,90,16_2,16,2,13.2027,80.1107,255.85,42.17,False,,17.42,16.42,13.31,15.243146970576326,1.5492902736193743,82.0,12.38,28.0,0.0,0.0,0.0,safe
4,120,16_2,16,2,13.2027,80.1107,254.66,44.48,False,,31.1,19.42,13.64,19.36283299113272,1.2532500809091325,85.4,12.38,28.0,0.0,0.0,0.0,safe
5,150,16_2,16,2,13.2027,80.1107,247.88,44.75,False,,19.9,22.47,20.22,22.34401095774676,1.3502413928866572,84.3,12.38,28.0,0.0,0.0,0.0,safe
6,180,16_2,16,2,13.2027,80.1107,244.96,46.53,False,,31.04,24.26,17.07,26.41553364789201,2.691625698924578,68.7,12.38,28.0,0.0,0.0,0.0,safe
7,210,16_2,16,2,13.2027,80.1107,242.76,45.94,False,,27.36,25.53,18.94,26.330809078206453,2.125525054417828,75.3,12.38,28.0,0.0,0.0,0.0,safe
8,240,16_2,16,2,13.2027,80.1107,247.77,44.52,False,,27.64,20.94,17.37,21.71252331731297,1.9560140529929608,77.2,12.38,28.0,0.0,0.0,0.0,safe
9,270,16_2,16,2,13.2027,80.1107,251.44,42.44,False,,5.34,15.82,9.02,15.99594074091684,1.101962947375577,87.2,12.38,28.0,0.0,0.0,0.0,safe
10,300,16_2,16,2,13.2027,80.1107,250.63,36.9,False,,9.8,9.89,9.45,9.021858150441664,1.0741638842458567,87.5,12.38,28.0,0.0,0.0,0.0,safe
11,330,16_2,16,2,13.2027,80.1107,260.15,30.09,False,,0.0,4.1,6.47,3.4951737832197107,0.7480657352038478,91.3,12.38,28.0,0.0,0.0,0.0,safe
0,0,16_3,16,3,13.2027,80.1307,258.5,30.13,False,,14.95,3.25,0.74,3.142403383536124,0.3404318761582859,96.0,11.57,26.99,0.4225809672308589,0.0,0.0,safe
1,30,16_3,16,3,13.2027,80.1307,256.64,35.85,False,,10.73,7.42,2.71,6.978484859164959,0.4653256274917986,94.6,11.57,26.99,0.4225809672308589,0.0,0.0,safe
2,60,16_3,16,3,13.2027,80.1307,255.84,40.48,False,,20.06,9.29,8.53,10.566509649497068,1.5259849092476676,82.2,11.57,26.99,0.4225809672308589,0.0,0.0,safe
3,90,16_3,16,3,13.2027,80.1307,251.79,42.74,False,,22.91,16.69,12.63,16.548344721331702,0.9550824860621996,88.9,11.57,26.99,0.4225809672308589,0.0,0.0,safe
4,120,16_3,16,3,13.2027,80.1307,244.67,42.76,False,,34.57,19.15,10.79,19.083985410484157,1.3367480255439006,84.4,11.57,26.99,0.4225809672308589,0.0,0.0,safe
5,150,16_3,16,3,13.2027,80.1307,250.59,44.77,False,,24.01,25.01,16.48,23.653539989060175,1.8449412877025024,78.5,11.57,26.99,0.4225809672308589,0.0,0.0,safe
6,180,16_3,16,3,13.2027,80.1307,235.42,45.48,False,,17.03,29.62,19.2,30.009648807753376,3.591498360669239,58.2,11.57,26.99,0.4225809672308589,3.019648807753377,0.0,safe
7,210,16_3,16,3,13.2027,80.1307,244.87,46.48,False,,18.62,28.9,19.6,28.44799645361776,2.651422666253193,69.2,11.57,26.99,0.4225809672308589,1.4579964536177599,0.0,safe
8,240,16_3,16,3,13.2027,80.1307,240.06,47.42,False,,8.5,30.68,19.78,31.667853784116105,2.505484161981629,70.8,11.57,26.99,0.4225809672308589,4.677853784116106,0.0,safe
9,270,16_3,16,3,13.2027,80.1307,251.61,43.63,False,,22.95,19.67,16.22,18.2186170324902,1.4475484327303556,83.2,11.57,26.99,0.4225809672308589,0.0,0.0,safe
10,300,16_3,16,3,13.2027,80.1307,249.69,42.65,False,,5.19,17.17,11.12,16.836326580594005,1.063272223907935,87.6,11.57,26.99,0.4225809672308589,0.0,0.0,safe
11,330,16_3,16,3,13.2027,80.1307,255.24,39.52,False,,0.0,9.21,10.32,9.840731185155583,1.132254170453212,86.8,11.57,26.99,0.4225809672308589,0.0,0.0,safe
0,0,16_4,16,4,13.2027,80.1507,254.56,35.92,False,,7.91,7.07,0.74,7.013136144014554,0.6634488256726369,92.3,11.6,26.03,0.0,0.0,0.0,safe
1,30,16_4,16,4,13.2027,80.1507,257.65,32.81,False,,23.89,4.66,2.71,4.550677606607911,0.2955939230654286,96.6,11.6,26.03,0.0,0.0,0.0,safe
2,60,16_4,16,4,13.2027,80.1507,255.52,40.15,False,,24.64,10.93,8.53,10.866679614015457,0.6036911756850439,93.0,11.6,26.03,0.0,0.0,0.0,safe
3,90,16_4,16,4,13.2027,80.1507,253.77,42.29,False,,32.72,17.19,12.63,16.35192524155375,1.3715460823456125,84.0,11.6,26.03,0.0,0.0,0.0,safe
4,120,16_4,16,4,13.2027,80.1507,249.16,44.99,False,,43.6,23.49,10.79,22.97996497098245,2.616429834458504,69.6,11.6,26.03,0.0,0.0,0.0,safe
5,150,16_4,16,4,13.2027,80.1507,245.89,45.82,False,,30.97,31.12,16.48,27.72457875366707,3.1495792284709387,63.4,11.6,26.03,0.0,1.69457875366707,0.0,safe
6,180,16_4,16,4,13.2027,80.1507,242.49,49.23,False,,33.31,33.53,19.2,34.07929947295485,2.020447548032615,76.5,11.6,26.03,0.0,8.04929947295485,0.09,low
7,210,16_4,16,4,13.2027,80.1507,238.5,47.08,False,,20.83,36.78,19.6,35.45547695446888,2.5822435446202325,70.0,11.6,26.03,0.0,9.425476954468877,0.47,low
8,240,16_4,16,4,13.2027,80.1507,247.51,48.91,False,,31.99,33.83,19.78,33.66384504677957,2.156127760322778,74.9,11.6,26.03,0.0,7.6338450467795695,0.47,low
9,270,16_4,16,4,13.2027,80.1507,247.86,45.8,False,,3.16,30.09,16.22,27.40845267319071,2.9665189613003555,65.5,11.6,26.03,0.0,1.3784526731907079,0.0,safe
10,300,16_4,16,4,13.2027,80.1507,245.3,44.27,False,,13.16,22.22,11.12,21.78000333811753,2.5789046103436024,70.0,11.6,26.03,0.0,0.0,0.0,safe
11,330,16_4,16,4,13.2027,80.1507,253.84,41.69,False,,0.0,15.76,10.32,15.344886976240032,1.217928653554676,85.8,11.6,26.03,0.0,0.0,0.0,safe
0,0,16_5,16,5,13.2027,80.1707,260.13,33.34,False,,3.54,4.4,0.5,4.339547180447506,0.3789356764129606,95.6,9.8,25.15,0.0,0.0,0.0,safe
1,30,16_5,16,5,13.2027,80.1707,256.28,36.69,False,,11.18,6.62,2.38,6.798396531731575,0.3970881279823314,95.4,9.8,25.15,0.0,0.0,0.0,safe
2,60,16_5,16,5,13.2027,80.1707,255.7,39.79,False,,30.34,10.46,2.08,10.472119485695444,1.3957249978922464,83.8,9.8,25.15,0.0,0.0,0.0,safe
3,90,16_5,16,5,13.2027,80.1707,247.29,44.47,False,,36.67,19.57,4.89,20.0230314571904,2.0437130348297967,76.2,9.8,25.15,0.0,0.0,0.0,safe
4,120,16_5,16,5,13.2027,80.1707,245.46,46.72,False,,26.98,27.68,9.6,26.9409111711325,1.6404833880355052,80.9,9.8,25.15,0.0,1.7909111711324996,0.0,safe
5,150,16_5,16,5,13.2027,80.1707,243.57,48.39,False,,40.99,37.91,16.43,35.66868671272595,3.782966230767723,56.0,9.8,25.15,0.0,10.518686712725952,0.61,low
6,180,16_5,16,5,13.2027,80.1707,241.04,48.17,False,,45.21,37.81,18.89,36.654683349025774,2.461943991479695,71.4,9.8,25.15,0.0,11.504683349025775,1.42,low
7,210,16_5,16,5,13.2027,80.1707,235.32,51.2,False,,21.95,44.5,22.65,45.129235434333495,3.560802623673229,58.6,9.8,25.15,0.0,19.979235434333496,4.02,low
8,240,16_5,16,5,13.2027,80.1707,236.48,51.15,False,,31.1,44.05,31.98,45.51201186290493,3.664825670554162,57.4,9.8,25.15,0.0,20.36201186290493,6.7,moderate
9,270,16_5,16,5,13.2027,80.1707,238.94,47.21,False,,20.84,37.98,25.3,36.58697202842267,2.2133633489618534,74.2,9.8,25.15,0.0,11.436972028422673,7.5,moderate
10,300,16_5,16,5,13.2027,80.1707,236.74,46.9,False,,8.0,28.66,25.68,31.014770053570384,3.501274708620397,59.3,9.8,25.15,0.0,5.8647700535703855,7.13,moderate
11,330,16_5,16,5,13.2027,80.1707,249.32,44.43,False,,18.07,19.93,18.33,20.635001910555243,1.96175799659446,77.2,9.8,25.15,0.0,0.0,5.53,moderate
0,0,16_6,16,6,13.2027,80.1907,260.03,23.42,False,,16.35,0.88,6.63,1.015864517393021,0.1788028747470222,97.9,7.15,24.37,0.9092952687034446,0.0,0.0,safe
1,30,16_6,16,6,13.2027,80.1907,253.59,35.92,False,,22.08,6.21,16.7,6.730863092421597,1.033099539720571,88.0,7.15,24.37,0.9092952687034446,0.0,0.0,safe
2,60,16_6,16,6,13.2027,80.1907,258.23,37.37,False,,24.75,9.4,26.58,8.602637094783244,1.95852352569864,77.2,7.15,24.37,0.9092952687034446,0.0,0.0,safe
3,90,16_6,16,6,13.2027,80.1907,251.84,41.85,False,,19.0,15.98,39.65,16.057201018827534,1.2228625914361022,85.8,7.15,24.37,0.9092952687034446,0.0,0.0,safe
4,120,16_6,16,6,13.2027,80.1907,244.47,44.92,False,,49.17,26.23,53.41,25.851575595980805,2.0369683163191894,76.3,7.15,24.37,0.9092952687034446,1.4815755959808037,0.0,safe
5,150,16_6,16,6,13.2027,80.1907,239.53,46.61,False,,58.12,35.22,63.96,35.71278190304143,2.8973260915474444,66.3,7.15,24.37,0.9092952687034446,11.34278190304143,1.32,low
6,180,16_6,16,6,13.2027,80.1907,236.27,49.65,False,,48.4,44.5,70.12,46.54874189586686,3.128146028436775,63.6,7.15,24.37,0.9092952687034446,22.17874189586686,5.44,moderate
7,210,16_6,16,6,13.2027,80.1907,231.52,50.61,False,,38.41,51.21,68.7,52.93616776117493,3.233174922070378,62.4,7.15,24.37,0.9092952687034446,28.566167761174928,11.2,moderate
8,240,16_6,16,6,13.2027,80.1907,233.25,49.49,False,,31.55,52.57,56.53,48.02180024298527,4.330580520600333,50.0,7.15,24.37,0.9092952687034446,23.65180024298527,15.7,high
9,270,16_6,16,6,13.2027,80.1907,230.73,48.41,False,,31.2,47.02,45.83,45.72881124114048,3.0113736436965346,65.0,7.15,24.37,0.9092952687034446,21.358811241140476,19.6,high
10,300,16_6,16,6,13.2027,80.1907,235.73,49.35,False,,12.95,36.56,31.14,38.94403791803384,3.708405607799158,56.9,7.15,24.37,0.9092952687034446,14.574037918033842,21.76,high
11,330,16_6,16,6,13.2027,80.1907,245.05,47.19,False,,14.2,27.04,20.8,27.985937659355187,1.850136063909649,78.5,7.15,24.37,0.9092952687034446,3.615937659355186,21.09,high
0,0,16_7,16,7,13.2027,80.2107,261.46,17.83,False,,18.73,0.43,3.73,0.466611066459126,0.0526962661058076,99.0,6.38,23.72,0.0,0.0,0.0,safe
1,30,16_7,16,7,13.2027,80.2107,254.86,31.94,False,,17.5,3.85,1.94,3.765220624748036,0.2888997938157285,96.6,6.38,23.72,0.0,0.0,0.0,safe
2,60,16_7,16,7,13.2027,80.2107,255.45,39.78,False,,27.93,11.15,9.92,11.021801824291977,0.794492133481657,90.8,6.38,23.72,0.0,0.0,0.0,safe
3,90,16_7,16,7,13.2027,80.2107,251.0,43.64,False,,19.15,15.54,9.93,17.083666417982446,1.9448885200443289,77.4,6.38,23.72,0.0,0.0,0.0,safe
4,120,16_7,16,7,13.2027,80.2107,249.66,45.61,False,,41.02,26.58,24.35,25.914458918939875,1.6458113017550997,80.9,6.38,23.72,0.0,2.194458918939876,0.0,safe
5,150,16_7,16,7,13.2027,80.2107,238.8,48.92,False,,52.99,37.08,37.65,39.40398497152718,3.714260666441076,56.8,6.38,23.72,0.0,15.683984971527181,1.69,low
6,180,16_7,16,7,13.2027,80.2107,234.83,48.42,False,,52.62,47.37,50.99,43.00013707533842,3.0359893582094024,64.7,6.38,23.72,0.0,19.280137075338423,4.14,low
7,210,16_7,16,7,13.2027,80.2107,230.66,51.54,False,,37.74,53.37,62.92,54.134786347567086,2.856892641617942,66.8,6.38,23.72,0.0,30.414786347567087,8.93,moderate
8,240,16_7,16,7,13.2027,80.2107,228.92,51.38,False,,27.51,60.95,69.78,59.427902925749606,2.617530512002717,69.5,6.38,23.72,0.0,35.70790292574961,14.83,moderate
9,270,16_7,16,7,13.2027,80.2107,229.53,50.66,False,,35.94,54.77,71.55,56.10820156873235,2.3734459066347293,72.4,6.38,23.72,0.0,32.38820156873235,20.03,high
10,300,16_7,16,7,13.2027,80.2107,230.34,50.0,False,,26.6,50.83,65.17,54.8650435880335,2.71758307931472,68.4,6.38,23.72,0.0,31.145043588033502,24.97,high
11,330,16_7,16,7,13.2027,80.2107,241.44,47.24,False,,27.1,35.42,53.91,35.69446429384876,1.863355914592684,78.3,6.38,23.72,0.0,11.974464293848762,25.88,high
0,0,16_8,16,8,13.2027,80.2307,259.29,15.19,False,,4.74,0.26,3.73,0.2851954899267398,0.0489362800244803,99.0,4.46,23.22,0.4048689859452965,0.0,0.0,safe
1,30,16_8,16,8,13.2027,80.2307,256.1,30.95,False,,22.08,3.33,1.94,3.279847254406536,0.3132213077364573,96.4,4.46,23.22,0.4048689859452965,0.0,0.0,safe
2,60,16_8,16,8,13.2027,80.2307,252.27,36.95,False,,37.92,8.48,9.92,7.837161497968184,1.1514490181621255,86.6,4.46,23.22,0.4048689859452965,0.0,0.0,safe
3,90,16_8,16,8,13.2027,80.2307,248.96,41.31,False,,38.44,17.41,9.93,15.873890110233235,2.1609408671129557,74.9,4.46,23.22,0.4048689859452965,0.0,0.0,safe
4,120,16_8,16,8,13.2027,80.2307,245.07,45.28,False,,45.81,27.42,24.35,26.51395607554541,1.7486394621892054,79.7,4.46,23.22,0.4048689859452965,3.2939560755454096,0.0,safe
5,150,16_8,16,8,13.2027,80.2307,235.72,48.02,False,,53.47,36.7,37.65,40.80414461249286,2.4990417064320702,70.9,4.46,23.22,0.4048689859452965,17.584144612492864,2.47,low
6,180,16_8,16,8,13.2027,80.2307,235.42,50.89,False,,50.81,52.14,50.99,50.984322079565,2.839911968070011,67.0,4.46,23.22,0.4048689859452965,27.764322079564998,7.29,moderate
7,210,16_8,16,8,13.2027,80.2307,221.63,51.94,False,,55.66,62.7,62.92,69.86438172849692,3.765599841156061,56.2,4.46,23.22,0.4048689859452965,46.644381728496924,16.47,high
8,240,16_8,16,8,13.2027,80.2307,225.7,53.59,False,,51.81,64.19,69.78,69.08263835436766,5.365972256426909,50.0,4.46,23.22,0.4048689859452965,45.86263835436766,25.48,high
9,270,16_8,16,8,13.2027,80.2307,223.62,52.98,False,,46.47,64.73,71.55,66.72358059985442,3.0662184862745203,64.3,4.46,23.22,0.4048689859452965,43.503580599854416,33.94,severe
10,300,16_8,16,8,13.2027,80.2307,230.3,51.01,False,,26.96,58.78,65.17,57.27397453175137,2.9767532105185217,65.4,4.46,23.22,0.4048689859452965,34.05397453175137,40.22,severe
11,330,16_8,16,8,13.2027,80.2307,237.92,50.22,False,,30.64,43.05,53.91,45.19126026393624,2.746863942539906,68.0,4.46,23.22,0.4048689859452965,21.971260263936244,43.7,severe
0,0,16_9,16,9,13.2027,80.2507,261.09,30.04,True,3.73,6.63,2.16,3.73,2.454927657829219,0.4235177053299543,95.1,4.34,22.91,0.1818744399445107,0.0,0.0,safe
1,30,16_9,16,9,13.2027,80.2507,255.39,33.38,True,1.94,20.52,4.36,1.94,4.282793609209016,0.41531299227044,95.2,4.34,22.91,0.1818744399445107,0.0,0.0,safe
2,60,16_9,16,9,13.2027,80.2507,259.4,38.55,True,9.92,35.6,10.45,9.92,8.964276710285601,1.3403847637526556,84.4,4.34,22.91,0.1818744399445107,0.0,0.0,safe
3,90,16_9,16,9,13.2027,80.2507,249.34,38.39,True,9.93,29.4,11.12,9.93,10.642009571689814,0.894415581596871,89.6,4.34,22.91,0.1818744399445107,0.0,0.0,safe
4,120,16_9,16,9,13.2027,80.2507,249.58,45.0,True,24.35,50.35,24.54,24.35,24.111250095114563,1.7715283682547156,79.4,4.34,22.91,0.1818744399445107,1.2012500951145633,0.0,safe
5,150,16_9,16,9,13.2027,80.2507,238.84,47.92,True,37.65,54.14,37.5,37.65,37.778871211057385,1.9624707125507288,77.2,4.34,22.91,0.1818744399445107,14.868871211057385,1.66,low
6,180,16_9,16,9,13.2027,80.2507,230.96,50.15,True,50.99,79.28,51.67,50.99,51.22895955981994,2.2822575246092107,73.4,4.34,22.91,0.1818744399445107,28.31895955981994,6.28,moderate
7,210,16_9,16,9,13.2027,80.2507,223.8,52.49,True,62.92,54.46,65.26,62.92,65.03184048897289,3.361173619207221,60.9,4.34,22.91,0.1818744399445107,42.12184048897289,13.93,moderate
8,240,16_9,16,9,13.2027,80.2507,224.8,50.72,True,69.78,47.08,69.44,69.78,66.97569185173288,3.952498412979325,54.0,4.34,22.91,0.1818744399445107,44.06569185173288,22.0,high
9,270,16_9,16,9,13.2027,80.2507,219.58,54.71,True,71.55,60.83,72.92,71.55,76.50414283686536,3.714802820326839,56.8,4.34,22.91,0.1818744399445107,53.59414283686536,32.17,severe
10,300,16_9,16,9,13.2027,80.2507,223.17,51.46,True,65.17,24.86,66.2,65.17,65.5722064815856,4.244772119549976,50.6,4.34,22.91,0.1818744399445107,42.6622064815856,39.94,severe
11,330,16_9,16,9,13.2027,80.2507,230.6,52.38,True,53.91,34.44,53.26,53.91,54.798420995991954,3.0040303177391947,65.0,4.34,22.91,0.1818744399445107,31.888420995991954,45.34,severe
0,0,16_10,16,10,13.2027,80.2707,260.23,-9.35,False,,24.83,0.0,3.73,0.0,0.0,99.0,5.93,22.8,0.27831874644851773,0.0,0.0,safe
1,30,16_10,16,10,13.2027,80.2707,258.84,30.63,False,,7.82,3.72,1.94,3.4210002269139177,0.3790820042735533,95.6,5.93,22.8,0.27831874644851773,0.0,0.0,safe
2,60,16_10,16,10,13.2027,80.2707,257.37,35.85,False,,25.82,7.34,9.92,6.830553375006335,0.601363003603107,93.0,5.93,22.8,0.27831874644851773,0.0,0.0,safe
3,90,16_10,16,10,13.2027,80.2707,250.75,41.04,False,,38.01,13.48,9.93,13.223383465163211,1.3409039884208278,84.4,5.93,22.8,0.27831874644851773,0.0,0.0,safe
4,120,16_10,16,10,13.2027,80.2707,248.45,44.31,False,,43.34,22.7,24.35,22.03352034295168,1.8249535857005577,78.8,5.93,22.8,0.27831874644851773,0.0,0.0,safe
5,150,16_10,16,10,13.2027,80.2707,240.79,47.77,False,,48.56,35.51,37.65,37.30936076533859,2.147890651299276,75.0,5.93,22.8,0.27831874644851773,14.509360765338588,1.66,low
6,180,16_10,16,10,13.2027,80.2707,234.14,49.22,False,,63.0,48.9,50.99,47.51029976988021,2.239384720601523,73.9,5.93,22.8,0.27831874644851773,24.710299769880212,5.61,moderate
7,210,16_10,16,10,13.2027,80.2707,230.0,53.51,False,,72.72,61.65,62.92,61.09586548481667,2.694802604653117,68.6,5.93,22.8,0.27831874644851773,38.29586548481667,12.61,moderate
8,240,16_10,16,10,13.2027,80.2707,220.89,54.27,False,,66.48,74.13,69.78,75.07599548470539,2.982403388465397,65.3,5.93,22.8,0.27831874644851773,52.27599548470539,22.75,high
9,270,16_10,16,10,13.2027,80.2707,211.88,53.26,False,,62.08,80.14,71.55,79.24941127242369,2.654854064994383,69.1,5.93,22.8,0.27831874644851773,56.44941127242369,33.83,severe
10,300,16_10,16,10,13.2027,80.2707,220.02,53.33,False,,39.15,72.58,65.17,71.96755325256063,2.9079861745111497,66.2,5.93,22.8,0.27831874644851773,49.16755325256064,43.28,severe
11,330,16_10,16,10,13.2027,80.2707,223.12,52.7,False,,24.16,61.95,53.91,63.76000957327658,3.0077698258417707,65.0,5.93,22.8,0.27831874644851773,40.96000957327658,50.88,severe
0,0,16_11,16,11,13.2027,80.2907,260.16,21.94,False,,0.0,0.9,3.73,0.8820272323346597,0.1070046821776646,98.8,7.88,22.91,0.0,0.0,0.0,safe
1,30,16_11,16,11,13.2027,80.2907,256.92,32.21,False,,14.85,3.34,1.94,3.712497903299095,0.3373331033270274,96.1,7.88,22.91,0.0,0.0,0.0,safe
2,60,16_11,16,11,13.2027,80.2907,255.41,36.79,False,,15.3,6.78,9.92,7.164431109430037,0.5334704437126571,93.8,7.88,22.91,0.0,0.0,0.0,safe
3,90,16_11,16,11,13.2027,80.2907,254.67,38.52,False,,18.89,9.66,9.93,9.683676069525902,0.6589252926082113,92.3,7.88,22.91,0.0,0.0,0.0,safe
4,120,16_11,16,11,13.2027,80.2907,246.97,42.99,False,,43.82,18.13,24.35,18.81676346301968,1.1364120197103638,86.8,7.88,22.91,0.0,0.0,0.0,safe
5,150,16_11,16,11,13.2027,80.2907,244.05,46.64,False,,66.94,30.88,37.65,32.08422266745833,1.8395249525672703,78.6,7.88,22.91,0.0,9.174222667458327,0.33,low
6,180,16_11,16,11,13.2027,80.2907,233.9,50.18,False,,67.21,45.96,50.99,47.564287258768346,2.518759700876564,70.7,7.88,22.91,0.0,24.654287258768345,3.9,low
7,210,16_11,16,11,13.2027,80.2907,223.8,50.73,False,,60.72,63.09,62.92,61.96357254326741,2.392692016212317,72.2,7.88,22.91,0.0,39.05357254326741,10.51,moderate
8,240,16_11,16,11,13.2027,80.2907,215.63,52.92,False,,49.64,75.39,69.78,75.44311767833399,2.305925919160345,73.2,7.88,22.91,0.0,52.533117678333994,19.94,high
9,270,16_11,16,11,13.2027,80.2907,216.76,52.82,False,,53.02,79.21,71.55,76.8703335523076,2.720610485141885,68.3,7.88,22.91,0.0,53.9603335523076,29.67,high
10,300,16_11,16,11,13.2027,80.2907,216.81,52.43,False,,41.46,82.25,65.17,71.95513028019025,3.334168179786916,61.2,7.88,22.91,0.0,49.04513028019025,38.37,severe
11,330,16_11,16,11,13.2027,80.2907,219.81,53.36,False,,37.88,75.0,53.91,71.66177425054413,3.5225634227827056,59.0,7.88,22.91,0.0,48.75177425054413,47.01,severe
0,0,16_12,16,12,13.2027,80.3107,255.98,16.65,False,,27.53,0.52,0.0,0.4821085042698524,0.0500438566538358,99.0,9.41,23.22,0.014099648578067558,0.0,0.0,safe
1,30,16_12,16,12,13.2027,80.3107,258.13,21.15,False,,21.45,0.91,2.77,0.8416336839712573,0.0914580739280273,98.9,9.41,23.22,0.014099648578067558,0.0,0.0,safe
2,60,16_12,16,12,13.2027,80.3107,256.13,34.21,False,,22.86,4.35,1.15,4.728034082185402,0.560617091545739,93.5,9.41,23.22,0.014099648578067558,0.0,0.0,safe
3,90,16_12,16,12,13.2027,80.3107,252.99,35.91,False,,25.24,8.5,0.63,7.9064267203227985,1.012564329021758,88.2,9.41,23.22,0.014099648578067558,0.0,0.0,safe
4,120,16_12,16,12,13.2027,80.3107,259.2,42.18,False,,39.55,14.86,6.44,14.52916980047824,1.2666107228538177,85.3,9.41,23.22,0.014099648578067558,0.0,0.0,safe
5,150,16_12,16,12,13.2027,80.3107,246.96,44.78,False,,49.12,25.17,12.28,23.68362103477226,1.74690011518388,79.7,9.41,23.22,0.014099648578067558,0.4636210347722596,0.0,safe
6,180,16_12,16,12,13.2027,80.3107,235.02,50.24,False,,76.31,42.85,21.02,43.23323442987829,2.742100598833386,68.1,9.41,23.22,0.014099648578067558,20.01323442987829,2.62,low
7,210,16_12,16,12,13.2027,80.3107,227.9,50.27,False,,55.48,56.13,31.77,53.96948641806511,5.462502615931257,50.0,9.41,23.22,0.014099648578067558,30.74948641806511,7.5,moderate
8,240,16_12,16,12,13.2027,80.3107,222.13,54.52,False,,72.57,73.48,48.03,72.50626787698396,3.2507904633449374,62.2,9.41,23.22,0.014099648578067558,49.286267876983956,16.28,high
9,270,16_12,16,12,13.2027,80.3107,213.05,53.87,False,,64.99,84.47,63.91,81.25459102813838,4.342241570015831,50.0,9.41,23.22,0.014099648578067558,58.03459102813838,26.91,high
10,300,16_12,16,12,13.2027,80.3107,212.95,53.89,False,,66.79,84.03,79.38,83.18791577594703,1.4005454015680454,83.7,9.41,23.22,0.014099648578067558,59.967915775947034,37.95,severe
11,330,16_12,16,12,13.2027,80.3107,219.65,52.68,False,,57.53,74.68,84.79,75.86731908094697,1.8968077290249736,77.9,9.41,23.22,0.014099648578067558,52.64731908094697,47.45,severe
0,0,16_13,16,13,13.2027,80.3307,263.23,25.29,False,,6.75,1.56,0.0,1.4927879505343007,0.0844321909742341,99.0,10.22,23.72,0.20013269332542194,0.0,0.0,safe
1,30,16_13,16,13,13.2027,80.3307,255.21,13.42,False,,14.83,0.37,2.77,0.2464916666666668,0.0370144106696597,99.0,10.22,23.72,0.20013269332542194,0.0,0.0,safe
2,60,16_13,16,13,13.2027,80.3307,257.84,28.57,False,,1.71,2.44,1.15,2.365151778821168,0.2154262376427309,97.5,10.22,23.72,0.20013269332542194,0.0,0.0,safe
3,90,16_13,16,13,13.2027,80.3307,253.43,38.57,False,,29.71,8.79,0.63,8.83600333245735,0.7710009907009032,91.0,10.22,23.72,0.20013269332542194,0.0,0.0,safe
4,120,16_13,16,13,13.2027,80.3307,258.1,41.94,False,,46.02,11.52,6.44,13.275383773632274,2.0710464460696025,75.9,10.22,23.72,0.20013269332542194,0.0,0.0,safe
5,150,16_13,16,13,13.2027,80.3307,247.24,43.49,False,,64.85,21.08,12.28,20.232726245750445,2.12752802695934,75.2,10.22,23.72,0.20013269332542194,0.0,0.0,safe
6,180,16_13,16,13,13.2027,80.3307,244.11,47.78,False,,43.31,38.7,21.02,36.05110491415612,3.545580269294641,58.7,10.22,23.72,0.20013269332542194,12.331104914156121,1.12,low
7,210,16_13,16,13,13.2027,80.3307,226.97,53.08,False,,58.46,51.67,31.77,61.86994983541464,4.9300557173969946,50.0,10.22,23.72,0.20013269332542194,38.14994983541464,7.93,moderate
8,240,16_13,16,13,13.2027,80.3307,220.25,51.25,False,,73.76,69.91,48.03,69.13191539406336,2.687026642279897,68.7,10.22,23.72,0.20013269332542194,45.41191539406336,16.35,high
9,270,16_13,16,13,13.2027,80.3307,217.78,54.23,False,,67.44,77.95,63.91,77.14648162569917,2.3991687839812106,72.1,10.22,23.72,0.20013269332542194,53.42648162569917,26.53,high
10,300,16_13,16,13,13.2027,80.3307,212.19,53.97,False,,65.38,83.17,79.38,83.05720004638243,1.2066027432863131,86.0,10.22,23.72,0.20013269332542194,59.337200046382435,38.01,severe
11,330,16_13,16,13,13.2027,80.3307,219.27,53.21,False,,38.58,78.17,84.79,78.3949631261794,2.6863109581972155,68.7,10.22,23.72,0.20013269332542194,54.67496312617941,48.47,severe
0,0,16_14,16,14,13.2027,80.3507,255.54,28.14,False,,12.34,1.74,0.0,1.8984972206653128,0.2055961072795057,97.6,11.49,24.37,0.0,0.0,0.0,safe
1,30,16_14,16,14,13.2027,80.3507,258.42,27.69,False,,6.35,2.06,2.77,2.230781397156528,0.2255314865717169,97.4,11.49,24.37,0.0,0.0,0.0,safe
2,60,16_14,16,14,13.2027,80.3507,259.54,26.08,False,,5.99,1.46,1.15,1.5875157990149718,0.1274844746843003,98.5,11.49,24.37,0.0,0.0,0.0,safe
3,90,16_14,16,14,13.2027,80.3507,252.83,34.73,False,,12.76,7.21,0.63,6.503979174447162,1.0196433801593223,88.1,11.49,24.37,0.0,0.0,0.0,safe
4,120,16_14,16,14,13.2027,80.3507,250.55,39.86,False,,28.77,11.46,6.44,11.542283590816462,1.082342671304565,87.4,11.49,24.37,0.0,0.0,0.0,safe
5,150,16_14,16,14,13.2027,80.3507,248.44,43.9,False,,39.32,20.07,12.28,20.11072280162565,1.2880153220748525,85.0,11.49,24.37,0.0,0.0,0.0,safe
6,180,16_14,16,14,13.2027,80.3507,243.01,47.17,False,,57.51,33.92,21.02,32.91913101010103,2.071826070887939,75.9,11.49,24.37,0.0,8.549131010101032,0.2,low
7,210,16_14,16,14,13.2027,80.3507,231.62,49.73,False,,66.17,48.51,31.77,49.2440124817103,2.344989806252445,72.7,11.49,24.37,0.0,24.8740124817103,3.82,low
8,240,16_14,16,14,13.2027,80.3507,226.72,51.2,False,,66.27,61.9,48.03,61.24210204254935,2.9864863607958125,65.3,11.49,24.37,0.0,36.87210204254934,9.96,moderate
9,270,16_14,16,14,13.2027,80.3507,220.94,54.95,False,,68.42,76.64,63.91,74.79058094304223,3.050209344879928,64.5,11.49,24.37,0.0,50.420580943042225,18.95,high
10,300,16_14,16,14,13.2027,80.3507,216.98,53.36,False,,56.72,81.84,79.38,80.46103299055301,2.372136297306394,72.4,11.49,24.37,0.0,56.091032990553,29.13,high
11,330,16_14,16,14,13.2027,80.3507,209.69,54.4,False,,55.35,82.57,84.79,83.15269873884385,1.0699664462907927,87.6,11.49,24.37,0.0,58.78269873884385,39.87,severe
0,0,16_15,16,15,13.2027,80.3707,255.6,18.4,False,,0.0,0.45,0.0,0.5026325623645367,0.072658380315763,99.0,11.45,25.15,0.6217370540963696,0.0,0.0,safe
1,30,16_15,16,15,13.2027,80.3707,259.92,-8.61,False,,5.74,0.0,2.77,0.0,0.0,99.0,11.45,25.15,0.6217370540963696,0.0,0.0,safe
2,60,16_15,16,15,13.2027,80.3707,258.46,27.61,False,,16.06,2.12,1.15,1.9915774476662584,0.3054764388051753,96.4,11.45,25.15,0.6217370540963696,0.0,0.0,safe
3,90,16_15,16,15,13.2027,80.3707,253.18,34.78,False,,18.29,5.27,0.63,5.628424292151083,0.6772254017914711,92.1,11.45,25.15,0.6217370540963696,0.0,0.0,safe
4,120,16_15,16,15,13.2027,80.3707,258.06,36.88,False,,21.87,7.66,6.44,7.299471284935078,0.4976634118084997,94.2,11.45,25.15,0.6217370540963696,0.0,0.0,safe
5,150,16_15,16,15,13.2027,80.3707,251.27,43.5,False,,44.15,13.85,12.28,16.60087456954842,3.211735027556482,62.6,11.45,25.15,0.6217370540963696,0.0,0.0,safe
6,180,16_15,16,15,13.2027,80.3707,246.04,45.63,False,,38.31,25.51,21.02,25.797793055388095,1.8145276827682133,78.9,11.45,25.15,0.6217370540963696,0.647793055388096,0.0,safe
7,210,16_15,16,15,13.2027,80.3707,239.54,48.41,False,,49.34,40.26,31.77,38.71743601735681,2.522466433873712,70.7,11.45,25.15,0.6217370540963696,13.567436017356812,1.69,low
8,240,16_15,16,15,13.2027,80.3707,229.79,50.17,False,,74.3,52.55,48.03,52.5574247644285,2.927582865514467,65.9,11.45,25.15,0.6217370540963696,27.407424764428498,6.74,moderate
9,270,16_15,16,15,13.2027,80.3707,219.89,55.15,False,,56.21,69.68,63.91,71.94914493797064,3.328754101859346,61.3,11.45,25.15,0.6217370540963696,46.799144937970645,16.5,high
10,300,16_15,16,15,13.2027,80.3707,212.53,51.06,False,,66.28,79.85,79.38,80.83746808829069,4.2147947350420525,51.0,11.45,25.15,0.6217370540963696,55.68746808829069,28.41,high
11,330,16_15,16,15,13.2027,80.3707,216.32,54.08,False,,46.82,80.85,84.79,81.57851908553917,1.6195592239900245,81.2,11.45,25.15,0.6217370540963696,56.42851908553917,40.5,severe
0,0,16_16,16,16,13.2027,80.3907,262.37,-8.91,False,,15.55,0.0,2.83,0.0,0.0,99.0,12.9,26.03,0.0,0.0,0.0,safe
1,30,16_16,16,16,13.2027,80.3907,255.03,29.4,False,,19.0,2.38,0.41,2.5388559250522604,0.3611824397545889,95.8,12.9,26.03,0.0,0.0,0.0,safe
2,60,16_16,16,16,13.2027,80.3907,257.44,24.21,False,,24.12,1.25,1.61,1.2698110946362724,0.1229547469645081,98.6,12.9,26.03,0.0,0.0,0.0,safe
3,90,16_16,16,16,13.2027,80.3907,259.85,24.38,False,,8.37,1.09,1.37,1.2088486584224416,0.1461383732218235,98.3,12.9,26.03,0.0,0.0,0.0,safe
4,120,16_16,16,16,13.2027,80.3907,261.91,33.75,False,,23.91,4.7,2.52,4.631984543918716,0.3572701060695729,95.8,12.9,26.03,0.0,0.0,0.0,safe
5,150,16_16,16,16,13.2027,80.3907,257.83,39.1,False,,18.6,14.28,10.31,12.629243582972084,1.962207221681953,77.2,12.9,26.03,0.0,0.0,0.0,safe
6,180,16_16,16,16,13.2027,80.3907,254.45,43.92,False,,32.49,20.56,14.14,19.84596787423861,1.4067661421915412,83.6,12.9,26.03,0.0,0.0,0.0,safe
7,210,16_16,16,16,13.2027,80.3907,242.89,47.16,False,,53.38,32.31,18.52,32.10910449181257,1.8277898150437857,78.7,12.9,26.03,0.0,6.079104491812572,0.0,safe
8,240,16_16,16,16,13.2027,80.3907,233.27,50.55,False,,72.25,50.7,29.86,50.218015149045385,2.650121198410233,69.2,12.9,26.03,0.0,24.188015149045384,3.48,low
9,270,16_16,16,16,13.2027,80.3907,223.26,51.32,False,,67.46,66.36,45.42,66.5343419144072,2.1338505651271062,75.2,12.9,26.03,0.0,40.50434191440719,10.39,moderate
10,300,16_16,16,16,13.2027,80.3907,223.35,52.61,False,,64.2,73.3,59.6,69.66774602347382,4.444915766573535,50.0,12.9,26.03,0.0,43.637746023473824,17.95,high
11,330,16_16,16,16,13.2027,80.3907,219.53,51.66,False,,66.07,79.16,64.52,75.42602299356709,4.521775902213514,50.0,12.9,26.03,0.0,49.39602299356709,26.72,high
0,0,16_17,16,17,13.2027,80.4107,257.19,29.57,False,,8.83,2.22,2.83,2.516857621285365,0.4665244059636707,94.6,12.91,26.99,0.5759270536936931,0.0,0.0,safe
1,30,16_17,16,17,13.2027,80.4107,263.0,-8.67,False,,15.76,0.0,0.41,0.0,0.0,99.0,12.91,26.99,0.5759270536936931,0.0,0.0,safe
2,60,16_17,16,17,13.2027,80.4107,259.66,-8.54,False,,15.58,0.0,1.61,0.0,0.0,99.0,12.91,26.99,0.5759270536936931,0.0,0.0,safe
3,90,16_17,16,17,13.2027,80.4107,258.84,19.93,False,,19.29,0.62,1.37,0.6233548737373741,0.0582438057738698,99.0,12.91,26.99,0.5759270536936931,0.0,0.0,safe
4,120,16_17,16,17,13.2027,80.4107,257.89,37.11,False,,14.23,7.04,2.52,6.904146561113828,0.6449283262020417,92.5,12.91,26.99,0.5759270536936931,0.0,0.0,safe
5,150,16_17,16,17,13.2027,80.4107,256.71,36.11,False,,25.64,5.88,10.31,6.584060734093601,0.7872997492857261,90.8,12.91,26.99,0.5759270536936931,0.0,0.0,safe
6,180,16_17,16,17,13.2027,80.4107,250.82,42.96,False,,27.61,16.54,14.14,16.769878519248383,1.1207421705880132,87.0,12.91,26.99,0.5759270536936931,0.0,0.0,safe
7,210,16_17,16,17,13.2027,80.4107,244.99,46.06,False,,50.68,25.84,18.52,26.41289376347026,1.8803127531635548,78.1,12.91,26.99,0.5759270536936931,0.0,0.0,safe
8,240,16_17,16,17,13.2027,80.4107,236.52,46.05,False,,55.7,38.19,29.86,35.77238982735998,4.222313632146413,50.9,12.91,26.99,0.5759270536936931,8.782389827359982,0.51,low
9,270,16_17,16,17,13.2027,80.4107,232.91,52.23,False,,61.62,52.69,45.42,53.67054702173128,3.3036463333052475,61.6,12.91,26.99,0.5759270536936931,26.680547021731282,5.32,moderate
10,300,16_17,16,17,13.2027,80.4107,219.46,50.95,False,,60.62,65.76,59.6,68.07251024770171,3.8897010967258887,54.7,12.91,26.99,0.5759270536936931,41.08251024770172,13.59,moderate
11,330,16_17,16,17,13.2027,80.4107,214.97,51.95,False,,62.75,71.06,64.52,72.36130199682135,3.523609733242841,59.0,12.91,26.99,0.5759270536936931,45.37130199682136,22.89,high
0,0,16_18,16,18,13.2027,80.4307,257.48,29.13,True,2.83,8.95,2.64,2.83,2.555663949275844,0.1899988546533297,97.8,14.23,28.0,0.0,0.0,0.0,safe
1,30,16_18,16,18,13.2027,80.4307,255.35,-9.28,True,0.41,8.91,0.0,0.41,0.0,0.0,99.0,14.23,28.0,0.0,0.0,0.0,safe
2,60,16_18,16,18,13.2027,80.4307,268.27,-8.42,True,1.61,11.99,0.0,1.61,0.0,0.0,99.0,14.23,28.0,0.0,0.0,0.0,safe
3,90,16_18,16,18,13.2027,80.4307,255.06,-9.12,True,1.37,1.88,0.0,1.37,0.0,0.0,99.0,14.23,28.0,0.0,0.0,0.0,safe
4,120,16_18,16,18,13.2027,80.4307,259.5,26.29,True,2.52,12.35,1.81,2.52,1.6969499853705192,0.1392206997522727,98.4,14.23,28.0,0.0,0.0,0.0,safe
5,150,16_18,16,18,13.2027,80.4307,259.37,37.39,True,10.31,27.12,7.95,10.31,7.740857195192493,0.6819195372178426,92.1,14.23,28.0,0.0,0.0,0.0,safe
6,180,16_18,16,18,13.2027,80.4307,250.35,40.55,True,14.14,29.0,14.67,14.14,13.975977931706176,1.0626215910599732,87.6,14.23,28.0,0.0,0.0,0.0,safe
7,210,16_18,16,18,13.2027,80.4307,246.94,42.31,True,18.52,43.29,18.55,18.52,18.12089796232509,1.4267455411005363,83.4,14.23,28.0,0.0,0.0,0.0,safe
8,240,16_18,16,18,13.2027,80.4307,236.26,46.61,True,29.86,45.92,30.12,29.86,32.55793714556271,3.889944002026808,54.7,14.23,28.0,0.0,4.557937145562711,0.0,safe
9,270,16_18,16,18,13.2027,80.4307,234.29,48.39,True,45.42,58.81,44.7,45.42,44.23233973376041,2.6321485296585223,69.4,14.23,28.0,0.0,16.232339733760412,1.81,low
10,300,16_18,16,18,13.2027,80.4307,227.4,51.36,True,59.6,63.49,57.73,59.6,58.14107305030282,2.5809633953359907,70.0,14.23,28.0,0.0,30.141073050302822,6.54,moderate
11,330,16_18,16,18,13.2027,80.4307,226.41,51.18,True,64.52,42.78,64.79,64.52,63.69386256413343,4.039430363395343,53.0,14.23,28.0,0.0,35.69386256413343,12.43,moderate
0,0,16_19,16,19,13.2027,80.4507,261.6,20.85,False,,0.0,0.76,2.83,0.7688481132500543,0.0752421004683836,99.0,15.01,29.06,0.0,0.0,0.0,safe
1,30,16_19,16,19,13.2027,80.4507,259.5,27.84,False,,5.47,1.69,0.41,1.8492933260963884,0.2716655402774707,96.8,15.01,29.06,0.0,0.0,0.0,safe
2,60,16_19,16,19,13.2027,80.4507,259.01,-9.59,False,,6.29,0.0,1.61,0.0,0.0,99.0,15.01,29.06,0.0,0.0,0.0,safe
3,90,16_19,16,19,13.2027,80.4507,256.56,-10.49,False,,23.62,0.0,1.37,0.0,0.0,99.0,15.01,29.06,0.0,0.0,0.0,safe
4,120,16_19,16,19,13.2027,80.4507,257.58,30.99,False,,5.09,3.61,2.52,3.5200761805742578,0.3726301765152972,95.7,15.01,29.06,0.0,0.0,0.0,safe
5,150,16_19,16,19,13.2027,80.4507,254.89,32.64,False,,14.69,3.79,10.31,4.087113142714956,0.6259079844493137,92.7,15.01,29.06,0.0,0.0,0.0,safe
6,180,16_19,16,19,13.2027,80.4507,250.94,39.21,False,,12.12,10.14,14.14,10.595011270512332,1.2525981932245311,85.4,15.01,29.06,0.0,0.0,0.0,safe
7,210,16_19,16,19,13.2027,80.4507,253.5,42.74,False,,25.22,16.13,18.52,16.111373890878415,1.205822800238668,86.0,15.01,29.06,0.0,0.0,0.0,safe
8,240,16_19,16,19,13.2027,80.4507,246.57,45.04,False,,54.81,26.07,29.86,25.39054041735195,1.9968614831875064,76.8,15.01,29.06,0.0,0.0,0.0,safe
9,270,16_19,16,19,13.2027,80.4507,239.13,47.87,False,,56.77,35.7,45.42,37.04413852595764,1.8252091285241143,78.8,15.01,29.06,0.0,7.984138525957643,0.08,low
10,300,16_19,16,19,13.2027,80.4507,235.85,48.56,False,,58.39,47.09,59.6,46.212485852589786,2.159126835295261,74.9,15.01,29.06,0.0,17.152485852589788,2.08,low
11,330,16_19,16,19,13.2027,80.4507,231.94,50.05,False,,50.97,55.85,64.52,54.0612859189747,2.5585774900992404,70.2,15.01,29.06,0.0,25.0012859189747,5.73,moderate
0,0,17_0,17,0,13.2227,80.0707,261.14,16.2,False,,19.28,0.49,0.0,0.4441671642543038,0.0588111454114403,99.0,15.45,30.87,0.0,0.0,0.0,safe
1,30,17_0,17,0,13.2227,80.0707,257.12,25.86,False,,4.82,1.7,3.66,1.6674401847781342,0.1160104054763328,98.7,15.45,30.87,0.0,0.0,0.0,safe
2,60,17_0,17,0,13.2227,80.0707,265.27,35.26,False,,13.7,5.19,8.64,5.365880555205612,0.433707358728646,95.0,15.45,30.87,0.0,0.0,0.0,safe
3,90,17_0,17,0,13.2227,80.0707,257.53,36.73,False,,17.78,5.99,13.31,6.559321844073386,0.9177046112771924,89.3,15.45,30.87,0.0,0.0,0.0,safe
4,120,17_0,17,0,13.2227,80.0707,254.57,41.88,False,,4.53,12.0,13.64,12.87954503279486,1.454737296248653,83.1,15.45,30.87,0.0,0.0,0.0,safe
5,150,17_0,17,0,13.2227,80.0707,252.01,39.53,False,,3.8,12.73,20.22,12.355686701554344,0.9502628780151792,88.9,15.45,30.87,0.0,0.0,0.0,safe
6,180,17_0,17,0,13.2227,80.0707,250.62,40.75,False,,15.5,13.79,17.07,14.544952513880505,1.3833937949120634,83.9,15.45,30.87,0.0,0.0,0.0,safe
7,210,17_0,17,0,13.2227,80.0707,243.41,38.5,False,,20.48,11.12,18.94,10.826279856352766,0.8229162064748226,90.4,15.45,30.87,0.0,0.0,0.0,safe
8,240,17_0,17,0,13.2227,80.0707,256.59,39.82,False,,11.07,9.53,17.37,10.315108241139953,1.234798526498543,85.6,15.45,30.87,0.0,0.0,0.0,safe
9,270,17_0,17,0,13.2227,80.0707,251.76,37.27,False,,0.15,8.94,9.02,8.431622432960634,0.7897979813425389,90.8,15.45,30.87,0.0,0.0,0.0,safe
10,300,17_0,17,0,13.2227,80.0707,258.31,36.22,False,,0.34,5.78,9.45,7.030869346484156,0.8331807074393552,90.3,15.45,30.87,0.0,0.0,0.0,safe
11,330,17_0,17,0,13.2227,80.0707,259.61,22.21,False,,8.94,0.81,6.47,0.8357844989367359,0.0969030715300284,98.9,15.45,30.87,0.0,0.0,0.0,safe
0,0,17_1,17,1,13.2227,80.0907,258.34,33.51,False,,14.07,4.85,0.0,4.59320917873458,0.4372590190115765,94.9,13.57,29.82,0.6077978661992383,0.0,0.0,safe
1,30,17_1,17,1,13.2227,80.0907,254.31,30.49,False,,6.95,3.42,3.66,3.2646409268788186,0.3386694779359956,96.1,13.57,29.82,0.6077978661992383,0.0,0.0,safe
2,60,17_1,17,1,13.2227,80.0907,262.78,36.45,False,,17.16,6.27,8.64,6.584568840783728,0.4915366983573593,94.3,13.57,29.82,0.6077978661992383,0.0,0.0,safe
3,90,17_1,17,1,13.2227,80.0907,252.26,37.38,False,,23.42,10.73,13.31,8.2724499782031,1.2996032278940828,84.9,13.57,29.82,0.6077978661992383,0.0,0.0,safe
4,120,17_1,17,1,13.2227,80.0907,251.43,39.79,False,,22.7,13.19,13.64,13.048307634167402,1.4600646642745136,83.0,13.57,29.82,0.6077978661992383,0.0,0.0,safe
5,150,17_1,17,1,13.2227,80.0907,244.43,43.96,False,,30.03,15.59,20.22,18.40137041555978,3.128326552100885,63.6,13.57,29.82,0.6077978661992383,0.0,0.0,safe
6,180,17_1,17,1,13.2227,80.0907,251.47,40.16,False,,11.37,14.27,17.07,13.596902571107208,1.340108978240015,84.4,13.57,29.82,0.6077978661992383,0.0,0.0,safe
7,210,17_1,17,1,13.2227,80.0907,251.59,42.38,False,,10.32,14.66,18.94,15.510158030415123,1.2180389403998009,85.8,13.57,29.82,0.6077978661992383,0.0,0.0,safe
8,240,17_1,17,1,13.2227,80.0907,254.39,37.07,False,,0.0,11.71,17.37,10.599519048104687,1.6598608888960886,80.7,13.57,29.82,0.6077978661992383,0.0,0.0,safe
9,270,17_1,17,1,13.2227,80.0907,255.88,40.09,False,,5.42,9.87,9.02,9.833814940289546,0.8766345234138317,89.8,13.57,29.82,0.6077978661992383,0.0,0.0,safe
10,300,17_1,17,1,13.2227,80.0907,253.98,37.23,False,,0.0,6.84,9.45,7.507236762865266,0.7244847965297492,91.6,13.57,29.82,0.6077978661992383,0.0,0.0,safe
11,330,17_1,17,1,13.2227,80.0907,259.15,34.33,False,,2.79,4.03,6.47,4.466707666956224,0.6788476739288442,92.1,13.57,29.82,0.6077978661992383,0.0,0.0,safe
0,0,17_2,17,2,13.2227,80.1107,262.77,16.17,True,0.74,7.56,0.31,0.74,0.3489626280663785,0.0575571241744713,99.0,12.73,28.82,0.27994980027563976,0.0,0.0,safe
1,30,17_2,17,2,13.2227,80.1107,259.72,29.56,True,2.71,26.67,2.49,2.71,2.515538801501861,0.440343622090332,94.9,12.73,28.82,0.27994980027563976,0.0,0.0,safe
2,60,17_2,17,2,13.2227,80.1107,256.4,39.21,True,8.53,0.03,8.91,8.53,9.401045858550155,0.7346517607462603,91.5,12.73,28.82,0.27994980027563976,0.0,0.0,safe
3,90,17_2,17,2,13.2227,80.1107,248.73,39.93,True,12.63,17.01,10.96,12.63,11.918915651862864,1.1636128372200814,86.5,12.73,28.82,0.27994980027563976,0.0,0.0,safe
4,120,17_2,17,2,13.2227,80.1107,250.2,39.12,True,10.79,31.39,11.49,10.79,11.81846093492255,1.0330830522961187,88.0,12.73,28.82,0.27994980027563976,0.0,0.0,safe
5,150,17_2,17,2,13.2227,80.1107,249.89,42.13,True,16.48,26.16,15.88,16.48,15.855229416304104,1.2138057787841297,85.9,12.73,28.82,0.27994980027563976,0.0,0.0,safe
6,180,17_2,17,2,13.2227,80.1107,248.6,42.35,True,19.2,16.58,18.53,19.2,18.08503753170253,1.4997419964097425,82.6,12.73,28.82,0.27994980027563976,0.0,0.0,safe
7,210,17_2,17,2,13.2227,80.1107,251.58,44.96,True,19.6,13.54,19.92,19.6,21.525883708506058,2.5197261035801994,70.7,12.73,28.82,0.27994980027563976,0.0,0.0,safe
8,240,17_2,17,2,13.2227,80.1107,248.93,44.52,True,19.78,16.05,19.67,19.78,21.21793987678176,2.040577568870402,76.3,12.73,28.82,0.27994980027563976,0.0,0.0,safe
9,270,17_2,17,2,13.2227,80.1107,249.75,42.06,True,16.22,0.0,16.15,16.22,16.013951045948428,1.4752445903136495,82.8,12.73,28.82,0.27994980027563976,0.0,0.0,safe
10,300,17_2,17,2,13.2227,80.1107,251.68,38.35,True,11.12,7.27,11.08,11.12,10.37212120700179,0.8302298156707019,90.3,12.73,28.82,0.27994980027563976,0.0,0.0,safe
11,330,17_2,17,2,13.2227,80.1107,253.93,39.61,True,10.32,0.0,9.3,10.32,10.244549944609078,1.612612818422516,81.2,12.73,28.82,0.27994980027563976,0.0,0.0,safe
0,0,17_3,17,3,13.2227,80.1307,258.59,-9.69,False,,10.24,0.0,0.74,0.0,0.0,99.0,12.38,27.87,0.0,0.0,0.0,safe
1,30,17_3,17,3,13.2227,80.1307,256.21,34.61,False,,11.3,4.63,2.71,5.046692402112849,0.6862947646201863,92.0,12.38,27.87,0.0,0.0,0.0,safe
2,60,17_3,17,3,13.2227,80.1307,258.57,37.29,False,,15.79,6.44,8.53,6.816299967019988,0.5851842975268572,93.2,12.38,27.87,0.0,0.0,0.0,safe
3,90,17_3,17,3,13.2227,80.1307,258.06,38.46,False,,17.8,10.34,12.63,9.473558897784716,0.8972279088545925,89.6,12.38,27.87,0.0,0.0,0.0,safe
4,120,17_3,17,3,13.2227,80.1307,257.12,44.3,False,,26.31,15.8,10.79,17.4131057610925,1.9175591316615572,77.7,12.38,27.87,0.0,0.0,0.0,safe
5,150,17_3,17,3,13.2227,80.1307,247.3,45.06,False,,10.12,20.26,16.48,22.180671243739035,2.10542678407614,75.5,12.38,27.87,0.0,0.0,0.0,safe
6,180,17_3,17,3,13.2227,80.1307,246.39,45.63,False,,25.54,22.98,19.2,24.66059606414449,1.833202789079502,78.7,12.38,27.87,0.0,0.0,0.0,safe
7,210,17_3,17,3,13.2227,80.1307,248.22,45.08,False,,10.38,25.67,19.6,24.403043073567293,1.8192958358155829,78.8,12.38,27.87,0.0,0.0,0.0,safe
8,240,17_3,17,3,13.2227,80.1307,247.81,44.77,False,,27.88,24.28,19.78,23.35859592885177,1.5836038520670264,81.6,12.38,27.87,0.0,0.0,0.0,safe
9,270,17_3,17,3,13.2227,80.1307,250.47,43.94,False,,8.32,21.63,16.22,20.50804938435028,1.6244684817988877,81.1,12.38,27.87,0.0,0.0,0.0,safe
10,300,17_3,17,3,13.2227,80.1307,246.42,41.52,False,,3.89,18.87,11.12,17.464404672270472,2.096259846926369,75.6,12.38,27.87,0.0,0.0,0.0,safe
11,330,17_3,17,3,13.2227,80.1307,249.84,39.03,False,,11.28,12.11,10.32,12.160627800588292,0.773424213189003,91.0,12.38,27.87,0.0,0.0,0.0,safe
0,0,17_4,17,4,13.2227,80.1507,262.83,25.03,False,,0.0,1.42,0.74,1.4380115905013973,0.1121591258217448,98.7,11.58,26.99,0.29036029830552934,0.0,0.0,safe
1,30,17_4,17,4,13.2227,80.1507,257.99,32.58,False,,20.46,4.56,2.71,4.457908190994649,0.3614187174516325,95.8,11.58,26.99,0.29036029830552934,0.0,0.0,safe
2,60,17_4,17,4,13.2227,80.1507,256.52,39.65,False,,8.52,9.63,8.53,9.83328633554475,1.0205830789329513,88.1,11.58,26.99,0.29036029830552934,0.0,0.0,safe
3,90,17_4,17,4,13.2227,80.1507,251.53,40.44,False,,36.77,13.59,12.63,13.286687825479053,1.208306018868744,85.9,11.58,26.99,0.29036029830552934,0.0,0.0,safe
4,120,17_4,17,4,13.2227,80.1507,248.86,43.62,False,,21.3,18.25,10.79,18.525689422416352,1.736485915833404,79.8,11.58,26.99,0.29036029830552934,0.0,0.0,safe
5,150,17_4,17,4,13.2227,80.1507,248.99,46.1,False,,31.12,23.86,16.48,25.439833832480844,2.343732600971152,72.7,11.58,26.99,0.29036029830552934,0.0,0.0,safe
6,180,17_4,17,4,13.2227,80.1507,241.95,45.68,False,,40.23,29.36,19.2,28.87302449798221,1.8592684800535133,78.4,11.58,26.99,0.29036029830552934,1.8830244979822126,0.0,safe
7,210,17_4,17,4,13.2227,80.1507,238.28,46.95,False,,35.51,33.44,19.6,33.83018005449622,2.6835342163046216,68.8,11.58,26.99,0.29036029830552934,6.840180054496219,0.0,safe
8,240,17_4,17,4,13.2227,80.1507,243.03,46.52,False,,19.55,29.68,19.78,29.793593231823397,1.8380418392454532,78.6,11.58,26.99,0.29036029830552934,2.803593231823399,0.0,safe
9,270,17_4,17,4,13.2227,80.1507,247.26,45.22,False,,32.59,26.08,16.22,25.51449651288182,2.1110685767675763,75.4,11.58,26.99,0.29036029830552934,0.0,0.0,safe
10,300,17_4,17,4,13.2227,80.1507,246.55,45.01,False,,8.06,21.82,11.12,22.658065869533544,1.8690449529742128,78.3,11.58,26.99,0.29036029830552934,0.0,0.0,safe
11,330,17_4,17,4,13.2227,80.1507,245.33,42.67,False,,3.66,18.07,10.32,17.12804922190145,1.7749352706866084,79.3,11.58,26.99,0.29036029830552934,0.0,0.0,safe
0,0,17_5,17,5,13.2227,80.1707,261.64,21.18,False,,21.85,0.72,0.5,0.7382788593922414,0.0407160629106986,99.0,11.02,26.18,0.0,0.0,0.0,safe
1,30,17_5,17,5,13.2227,80.1707,263.36,34.02,False,,1.42,5.08,2.38,4.915268508352258,0.4265584912923141,95.0,11.02,26.18,0.0,0.0,0.0,safe
2,60,17_5,17,5,13.2227,80.1707,260.09,34.77,False,,35.26,5.68,2.08,5.531368295593292,0.3928830507108774,95.4,11.02,26.18,0.0,0.0,0.0,safe
3,90,17_5,17,5,13.2227,80.1707,249.61,40.65,False,,22.24,10.67,4.89,11.645552832437854,1.1768908875590032,86.3,11.02,26.18,0.0,0.0,0.0,safe
4,120,17_5,17,5,13.2227,80.1707,249.99,41.42,False,,25.77,16.29,9.6,14.913930466459238,1.6359892645597358,81.0,11.02,26.18,0.0,0.0,0.0,safe
5,150,17_5,17,5,13.2227,80.1707,244.25,47.57,False,,33.99,24.87,16.43,28.100523124025703,4.84167532159304,50.0,11.02,26.18,0.0,1.9205231240257028,0.0,safe
6,180,17_5,17,5,13.2227,80.1707,243.54,48.11,False,,43.18,34.26,18.89,34.1996402894874,2.7648098731333097,67.8,11.02,26.18,0.0,8.019640289487398,0.08,low
7,210,17_5,17,5,13.2227,80.1707,235.54,48.93,False,,32.75,38.31,22.65,38.7746372413355,2.881517021912211,66.5,11.02,26.18,0.0,12.594637241335498,1.13,low
8,240,17_5,17,5,13.2227,80.1707,237.12,49.08,False,,37.06,39.01,31.98,40.67204002841474,2.9977426075150966,65.1,11.02,26.18,0.0,14.492040028414742,2.57,low
9,270,17_5,17,5,13.2227,80.1707,240.8,47.08,False,,14.29,35.23,25.3,32.963185590044866,3.1608547353187757,63.2,11.02,26.18,0.0,6.783185590044866,2.4,low
10,300,17_5,17,5,13.2227,80.1707,244.4,46.2,False,,8.09,28.3,25.68,28.29344592255532,2.7165011201814173,68.4,11.02,26.18,0.0,2.1134459225553215,1.24,low
11,330,17_5,17,5,13.2227,80.1707,250.56,45.35,False,,15.75,19.06,18.33,21.279408932390897,2.969857228885502,65.4,11.02,26.18,0.0,0.0,0.0,safe
0,0,17_6,17,6,13.2227,80.1907,261.74,22.33,False,,27.37,1.3,0.5,1.111461939114809,0.2413736768144211,97.2,9.47,25.48,0.0,0.0,0.0,safe
1,30,17_6,17,6,13.2227,80.1907,259.87,27.59,False,,9.24,2.31,2.38,2.067315678394817,0.3046708572841428,96.5,9.47,25.48,0.0,0.0,0.0,safe
2,60,17_6,17,6,13.2227,80.1907,254.19,36.54,False,,23.1,6.89,2.08,6.792946362118388,0.7028571398705927,91.8,9.47,25.48,0.0,0.0,0.0,safe
3,90,17_6,17,6,13.2227,80.1907,249.56,40.44,False,,25.66,11.21,4.89,11.744588454194906,1.139256143082286,86.7,9.47,25.48,0.0,0.0,0.0,safe
4,120,17_6,17,6,13.2227,80.1907,243.36,43.29,False,,32.82,21.95,9.6,20.45494478541109,2.286601493211452,73.4,9.47,25.48,0.0,0.0,0.0,safe
5,150,17_6,17,6,13.2227,80.1907,240.54,44.22,False,,45.65,29.39,16.43,27.006788458312936,4.285306268106001,50.1,9.47,25.48,0.0,1.5267884583129359,0.0,safe
6,180,17_6,17,6,13.2227,80.1907,243.98,49.45,False,,37.23,35.29,18.89,35.59557894167663,2.485431317420778,71.1,9.47,25.48,0.0,10.115578941676628,0.52,low
7,210,17_6,17,6,13.2227,80.1907,236.33,49.78,False,,36.16,44.35,22.65,43.14118455244577,2.7549585758439865,67.9,9.47,25.48,0.0,17.66118455244577,2.63,low
8,240,17_6,17,6,13.2227,80.1907,239.44,47.57,False,,28.98,44.18,31.98,40.212610776477234,4.404680444272345,50.0,9.47,25.48,0.0,14.732610776477234,4.13,low
9,270,17_6,17,6,13.2227,80.1907,230.85,47.63,False,,23.83,42.91,25.3,42.93713367063485,2.4183364075742517,71.9,9.47,25.48,0.0,17.45713367063485,6.19,moderate
10,300,17_6,17,6,13.2227,80.1907,242.24,47.8,False,,23.33,39.03,25.68,37.06895987958607,3.195429826089487,62.8,9.47,25.48,0.0,11.588959879586067,7.03,moderate
11,330,17_6,17,6,13.2227,80.1907,243.29,46.39,False,,16.24,29.87,18.33,29.88648038482562,1.6061910620762716,81.3,9.47,25.48,0.0,4.40648038482562,6.35,moderate
0,0,17_7,17,7,13.2227,80.2107,261.45,10.54,False,,3.3,0.21,3.73,0.2012826190476195,0.0207228643032755,99.0,7.77,24.9,0.151980676924941,0.0,0.0,safe
1,30,17_7,17,7,13.2227,80.2107,257.99,32.0,False,,11.63,3.58,1.94,3.674824245990671,0.2591435916453287,97.0,7.77,24.9,0.151980676924941,0.0,0.0,safe
2,60,17_7,17,7,13.2227,80.2107,259.81,33.41,False,,37.13,4.9,9.92,4.969523844765456,0.6278164380528165,92.7,7.77,24.9,0.151980676924941,0.0,0.0,safe
3,90,17_7,17,7,13.2227,80.2107,252.46,38.55,False,,17.74,9.98,9.93,9.977611338029709,0.5910669737855685,93.1,7.77,24.9,0.151980676924941,0.0,0.0,safe
4,120,17_7,17,7,13.2227,80.2107,248.3,44.05,False,,36.86,20.33,24.35,20.542538438825183,1.684585784816712,80.4,7.77,24.9,0.151980676924941,0.0,0.0,safe
5,150,17_7,17,7,13.2227,80.2107,239.81,47.05,False,,42.87,30.41,37.65,36.59744534991048,3.4731514399131287,59.6,7.77,24.9,0.151980676924941,11.697445349910481,0.95,low
6,180,17_7,17,7,13.2227,80.2107,234.32,48.34,False,,34.58,39.9,50.99,42.01501066230146,3.008121349909012,65.0,7.77,24.9,0.151980676924941,17.115010662301458,3.08,low
7,210,17_7,17,7,13.2227,80.2107,238.52,49.14,False,,52.74,48.36,62.92,46.02487103519095,3.683791691721763,57.1,7.77,24.9,0.151980676924941,21.12487103519095,6.09,moderate
8,240,17_7,17,7,13.2227,80.2107,235.11,50.62,False,,38.13,54.57,69.78,52.67048999877658,4.043259429335775,53.0,7.77,24.9,0.151980676924941,27.770489998776583,10.54,moderate
9,270,17_7,17,7,13.2227,80.2107,235.33,49.65,False,,26.01,49.27,71.55,48.13386770196611,4.000464056823246,53.5,7.77,24.9,0.151980676924941,23.233867701966112,14.0,moderate
10,300,17_7,17,7,13.2227,80.2107,235.93,47.39,False,,31.82,45.33,65.17,43.26075359747701,3.511674912479444,59.1,7.77,24.9,0.151980676924941,18.360753597477014,16.41,high
11,330,17_7,17,7,13.2227,80.2107,239.34,47.72,False,,29.68,37.74,53.91,38.63475525070804,2.6452071259796885,69.2,7.77,24.9,0.151980676924941,13.73475525070804,17.8,high
0,0,17_8,17,8,13.2227,80.2307,260.53,31.0,False,,0.0,3.47,3.73,3.436691981739717,0.2885548221787764,96.6,6.4,24.46,0.0,0.0,0.0,safe
1,30,17_8,17,8,13.2227,80.2307,261.25,14.07,False,,16.42,0.28,1.94,0.2683575000000004,0.0282439196873513,99.0,6.4,24.46,0.0,0.0,0.0,safe
2,60,17_8,17,8,13.2227,80.2307,252.71,35.3,False,,19.11,4.92,9.92,5.653143110773995,0.9118766392192555,89.4,6.4,24.46,0.0,0.0,0.0,safe
3,90,17_8,17,8,13.2227,80.2307,246.63,41.84,False,,28.63,11.4,9.93,12.677510861741478,2.204420946612593,74.4,6.4,24.46,0.0,0.0,0.0,safe
4,120,17_8,17,8,13.2227,80.2307,246.38,41.69,False,,34.16,15.32,24.35,15.595293883485631,1.128237084815804,86.9,6.4,24.46,0.0,0.0,0.0,safe
5,150,17_8,17,8,13.2227,80.2307,244.54,47.43,False,,33.06,29.87,37.65,33.00581567163504,3.140551064565517,63.5,6.4,24.46,0.0,8.54581567163504,0.19,low
6,180,17_8,17,8,13.2227,80.2307,238.03,48.48,False,,48.2,40.88,50.99,39.9589033690345,3.747265028672992,56.4,6.4,24.46,0.0,15.498903369034501,1.85,low
7,210,17_8,17,8,13.2227,80.2307,231.23,51.6,False,,48.03,51.66,62.92,53.25482588539883,3.6556720016770337,57.5,6.4,24.46,0.0,28.79482588539883,6.3,moderate
8,240,17_8,17,8,13.2227,80.2307,225.8,52.12,False,,53.51,60.86,69.78,63.73129612221884,3.393683568961241,60.5,6.4,24.46,0.0,39.27129612221884,12.94,moderate
9,270,17_8,17,8,13.2227,80.2307,230.32,49.72,False,,34.39,60.31,71.55,57.41267144917069,3.4663455165779373,59.7,6.4,24.46,0.0,32.95267144917069,18.26,high
10,300,17_8,17,8,13.2227,80.2307,223.73,52.48,False,,37.25,53.56,65.17,64.96541892810401,3.754253586484906,56.3,6.4,24.46,0.0,40.505418928104014,25.17,high
11,330,17_8,17,8,13.2227,80.2307,234.08,50.97,False,,14.07,46.92,53.91,47.29608590113548,3.870485056113896,55.0,6.4,24.46,0.0,22.836085901135476,28.37,high
0,0,17_9,17,9,13.2227,80.2507,261.57,27.96,False,,2.35,1.98,3.73,2.0685887087378325,0.1755538230052504,98.0,4.34,24.19,1.432101112081022,0.0,0.0,safe
1,30,17_9,17,9,13.2227,80.2507,251.58,25.33,False,,24.87,1.37,1.94,1.4607462936844748,0.1678297345589765,98.0,4.34,24.19,1.432101112081022,0.0,0.0,safe
2,60,17_9,17,9,13.2227,80.2507,256.5,35.43,False,,0.19,4.24,9.92,6.036694940720613,0.852196637062073,90.1,4.34,24.19,1.432101112081022,0.0,0.0,safe
3,90,17_9,17,9,13.2227,80.2507,254.36,41.66,False,,24.98,12.87,9.93,13.448429905411905,1.2598491354955716,85.3,4.34,24.19,1.432101112081022,0.0,0.0,safe
4,120,17_9,17,9,13.2227,80.2507,247.81,41.76,False,,46.05,16.03,24.35,16.09893760412774,1.0491295794053248,87.8,4.34,24.19,1.432101112081022,0.0,0.0,safe
5,150,17_9,17,9,13.2227,80.2507,245.71,45.51,False,,53.91,30.63,37.65,29.947616551401424,1.906363261809628,77.8,4.34,24.19,1.432101112081022,5.757616551401423,0.04,safe
6,180,17_9,17,9,13.2227,80.2507,241.66,49.69,False,,62.38,43.59,50.99,42.63270946278857,2.542864999561021,70.4,4.34,24.19,1.432101112081022,18.442709462788567,3.7,low
7,210,17_9,17,9,13.2227,80.2507,228.18,51.05,False,,67.38,54.14,62.92,55.476634673007695,2.3070473827151448,73.2,4.34,24.19,1.432101112081022,31.286634673007693,11.02,moderate
8,240,17_9,17,9,13.2227,80.2507,224.88,50.04,False,,52.97,62.26,69.78,63.53626578410067,3.4270591560084207,60.1,4.34,24.19,1.432101112081022,39.346265784100666,20.65,high
9,270,17_9,17,9,13.2227,80.2507,232.18,52.75,False,,47.46,66.36,71.55,62.42443464100598,5.916135545558298,50.0,4.34,24.19,1.432101112081022,38.234434641005976,29.95,high
10,300,17_9,17,9,13.2227,80.2507,221.43,51.74,False,,40.74,64.31,65.17,68.78845991976165,3.85764988375679,55.1,4.34,24.19,1.432101112081022,44.59845991976165,41.07,severe
11,330,17_9,17,9,13.2227,80.2507,226.23,50.36,False,,19.58,56.49,53.91,57.85148343522697,3.814319192492677,55.6,4.34,24.19,1.432101112081022,33.66148343522697,49.07,severe
0,0,17_10,17,10,13.2227,80.2707,257.07,33.09,False,,10.1,4.37,3.73,4.160795201203499,0.5047900975058264,94.1,7.26,24.1,0.0,0.0,0.0,safe
1,30,17_10,17,10,13.2227,80.2707,253.79,34.12,False,,11.17,4.07,1.94,4.567398865700483,0.5338937453918572,93.8,7.26,24.1,0.0,0.0,0.0,safe
2,60,17_10,17,10,13.2227,80.2707,261.98,30.56,False,,21.52,3.22,9.92,3.168663996616191,0.2751544780086384,96.8,7.26,24.1,0.0,0.0,0.0,safe
3,90,17_10,17,10,13.2227,80.2707,258.35,36.51,False,,25.96,6.41,9.93,6.806156657604348,0.7162488512470074,91.7,7.26,24.1,0.0,0.0,0.0,safe
4,120,17_10,17,10,13.2227,80.2707,250.89,42.41,False,,47.7,15.1,24.35,16.443667369340652,1.766884240940779,79.4,7.26,24.1,0.0,0.0,0.0,safe
5,150,17_10,17,10,13.2227,80.2707,247.51,44.86,False,,47.51,24.15,37.65,24.185259206702845,1.9436489222050517,77.4,7.26,24.1,0.0,0.08525920670284393,0.0,safe
6,180,17_10,17,10,13.2227,80.2707,238.74,49.64,False,,54.26,38.75,50.99,43.0820307518572,2.952554703593396,65.6,7.26,24.1,0.0,18.982030751857195,2.39,low
7,210,17_10,17,10,13.2227,80.2707,228.18,49.66,False,,69.71,54.18,62.92,54.80108618366654,2.310509621126035,73.1,7.26,24.1,0.0,30.70108618366654,7.23,moderate
8,240,17_10,17,10,13.2227,80.2707,221.31,52.66,False,,64.25,63.8,69.78,67.84828551302553,4.574513918625295,50.0,7.26,24.1,0.0,43.74828551302553,14.82,moderate
9,270,17_10,17,10,13.2227,80.2707,223.67,51.83,False,,51.93,70.98,71.55,69.20537728128154,2.956798919736479,65.6,7.26,24.1,0.0,45.10537728128154,22.69,high
10,300,17_10,17,10,13.2227,80.2707,226.13,51.63,False,,48.75,71.71,65.17,68.24939516974305,3.868071090048492,55.0,7.26,24.1,0.0,44.14939516974305,30.36,severe
11,330,17_10,17,10,13.2227,80.2707,224.93,51.25,False,,23.82,64.98,53.91,64.80578831945712,2.9033179530768147,66.2,7.26,24.1,0.0,40.70578831945712,37.31,severe
0,0,17_11,17,11,13.2227,80.2907,261.4,28.46,False,,7.03,2.14,0.11,2.0439060759177163,0.2910387184456547,96.6,8.72,24.19,0.0,0.0,0.0,safe
1,30,17_11,17,11,13.2227,80.2907,255.6,24.76,False,,15.07,1.19,1.08,1.4539314229258458,0.2147689872073849,97.5,8.72,24.19,0.0,0.0,0.0,safe
2,60,17_11,17,11,13.2227,80.2907,263.11,33.11,False,,25.37,4.08,0.04,4.249058863532705,0.4344376184744724,94.9,8.72,24.19,0.0,0.0,0.0,safe
3,90,17_11,17,11,13.2227,80.2907,253.71,36.42,False,,26.83,8.57,1.2,7.885678437996542,1.0038138418798803,88.3,8.72,24.19,0.0,0.0,0.0,safe
4,120,17_11,17,11,13.2227,80.2907,252.29,40.79,False,,27.91,12.5,3.69,12.1465459673099,1.0055583059449702,88.3,8.72,24.19,0.0,0.0,0.0,safe
5,150,17_11,17,11,13.2227,80.2907,247.28,45.84,False,,46.54,26.99,11.35,26.194367653758743,2.722344891571239,68.3,8.72,24.19,0.0,2.0043676537587416,0.0,safe
6,180,17_11,17,11,13.2227,80.2907,240.68,47.26,False,,56.02,35.47,23.56,34.25199104369046,2.2242564623639955,74.1,8.72,24.19,0.0,10.061991043690458,0.51,low
7,210,17_11,17,11,13.2227,80.2907,229.1,51.82,False,,72.47,52.03,34.4,52.73549412865256,4.539970464533367,50.0,8.72,24.19,0.0,28.54549412865256,4.91,low
8,240,17_11,17,11,13.2227,80.2907,222.3,51.35,False,,61.45,69.22,46.74,68.61678284503375,2.648640282596188,69.2,8.72,24.19,0.0,44.426782845033756,12.64,moderate
9,270,17_11,17,11,13.2227,80.2907,217.51,52.45,False,,73.89,78.74,61.88,73.1932118552223,3.932054072212386,54.3,8.72,24.19,0.0,49.003211855222304,21.33,high
10,300,17_11,17,11,13.2227,80.2907,215.1,54.0,False,,58.19,80.87,72.32,79.00554806129827,2.423499319726115,71.8,8.72,24.19,0.0,54.81554806129827,31.24,severe
11,330,17_11,17,11,13.2227,80.2907,226.06,51.76,False,,43.38,69.51,71.09,68.56882732898016,2.9212751164538067,66.0,8.72,24.19,0.0,44.378827328980165,38.96,severe
0,0,17_12,17,12,13.2227,80.3107,258.74,24.38,False,,10.58,1.36,0.0,1.3521527514397187,0.1116432993733859,98.7,9.69,24.46,0.0,0.0,0.0,safe
1,30,17_12,17,12,13.2227,80.3107,256.05,23.82,False,,4.31,1.38,2.77,1.250729384371545,0.1527614167418222,98.2,9.69,24.46,0.0,0.0,0.0,safe
2,60,17_12,17,12,13.2227,80.3107,254.81,29.49,False,,9.97,2.93,1.15,2.743223123773562,0.3267736134412895,96.2,9.69,24.46,0.0,0.0,0.0,safe
3,90,17_12,17,12,13.2227,80.3107,261.41,34.3,False,,32.44,4.77,0.63,4.764363672163759,0.301588307001094,96.5,9.69,24.46,0.0,0.0,0.0,safe
4,120,17_12,17,12,13.2227,80.3107,247.27,41.25,False,,36.42,12.78,6.44,13.517191903431105,1.9622340209255444,77.2,9.69,24.46,0.0,0.0,0.0,safe
5,150,17_12,17,12,13.2227,80.3107,256.8,43.79,False,,43.16,19.65,12.28,18.96184828637088,1.6931589895196186,80.3,9.69,24.46,0.0,0.0,0.0,safe
6,180,17_12,17,12,13.2227,80.3107,241.99,47.52,False,,53.64,32.87,21.02,33.01485761446884,2.5132209343402705,70.8,9.69,24.46,0.0,8.554857614468837,0.2,low
7,210,17_12,17,12,13.2227,80.3107,232.3,50.97,False,,63.49,48.13,31.77,48.73062453033077,2.34551918145056,72.7,9.69,24.46,0.0,24.27062453033077,3.69,low
8,240,17_12,17,12,13.2227,80.3107,225.46,51.87,False,,81.79,64.78,48.03,65.0376101362119,2.4352143509689865,71.7,9.69,24.46,0.0,40.577610136211895,10.61,moderate
9,270,17_12,17,12,13.2227,80.3107,212.85,54.64,False,,76.21,75.86,63.91,77.99123834235216,3.5353789080699207,58.9,9.69,24.46,0.0,53.53123834235216,20.26,high
10,300,17_12,17,12,13.2227,80.3107,211.52,54.34,False,,51.81,83.81,79.38,83.4362197243065,1.329548085380954,84.5,9.69,24.46,0.0,58.976219724306496,31.04,severe
11,330,17_12,17,12,13.2227,80.3107,219.37,52.98,False,,50.38,77.18,84.79,77.1294412297703,2.736078934819027,68.2,9.69,24.46,0.0,52.66944122977029,40.5,severe
0,0,17_13,17,13,13.2227,80.3307,257.25,16.99,False,,10.35,0.4,0.0,0.430137050219947,0.0478060750403458,99.0,10.57,24.9,0.48055647595405304,0.0,0.0,safe
1,30,17_13,17,13,13.2227,80.3307,261.95,-10.31,False,,14.53,0.0,2.77,0.0,0.0,99.0,10.57,24.9,0.48055647595405304,0.0,0.0,safe
2,60,17_13,17,13,13.2227,80.3307,256.86,35.62,False,,1.5,5.14,1.15,5.742462433707972,0.986581339596624,88.5,10.57,24.9,0.48055647595405304,0.0,0.0,safe
3,90,17_13,17,13,13.2227,80.3307,263.31,30.99,False,,39.2,3.12,0.63,3.210891992058728,0.3575448446652435,95.8,10.57,24.9,0.48055647595405304,0.0,0.0,safe
4,120,17_13,17,13,13.2227,80.3307,251.86,39.53,False,,40.7,11.17,6.44,11.322161034430383,1.067915035865059,87.6,10.57,24.9,0.48055647595405304,0.0,0.0,safe
5,150,17_13,17,13,13.2227,80.3307,250.53,43.38,False,,51.71,19.61,12.28,19.413166643417448,1.8669687447007453,78.3,10.57,24.9,0.48055647595405304,0.0,0.0,safe
6,180,17_13,17,13,13.2227,80.3307,235.95,47.56,False,,52.59,32.05,21.02,33.72914818452388,3.0574798837863497,64.4,10.57,24.9,0.48055647595405304,8.82914818452388,0.48,low
7,210,17_13,17,13,13.2227,80.3307,234.37,50.33,False,,65.55,45.13,31.77,44.82186041751731,2.335504970277176,72.8,10.57,24.9,0.48055647595405304,19.92186041751731,3.56,low
8,240,17_13,17,13,13.2227,80.3307,227.48,51.47,False,,95.7,62.81,48.03,61.02449133750096,3.377649682169249,60.7,10.57,24.9,0.48055647595405304,36.12449133750096,10.46,moderate
9,270,17_13,17,13,13.2227,80.3307,221.67,53.16,False,,68.84,74.92,63.91,73.67868653413629,2.776545540501906,67.7,10.57,24.9,0.48055647595405304,48.77868653413629,20.33,high
10,300,17_13,17,13,13.2227,80.3307,213.9,53.73,False,,72.61,84.1,79.38,81.74847708284234,2.2077185266539296,74.3,10.57,24.9,0.48055647595405304,56.848477082842344,32.11,severe
11,330,17_13,17,13,13.2227,80.3307,211.59,54.68,False,,64.13,83.57,84.79,83.64475298785878,1.3430420806647876,84.4,10.57,24.9,0.48055647595405304,58.74475298785878,44.33,severe
0,0,17_14,17,14,13.2227,80.3507,257.51,-8.61,False,,0.0,0.0,0.0,0.0,0.0,99.0,12.0,25.48,0.0,0.0,0.0,safe
1,30,17_14,17,14,13.2227,80.3507,264.36,22.71,False,,15.17,1.15,2.77,1.091856244572393,0.103795653240425,98.8,12.0,25.48,0.0,0.0,0.0,safe
2,60,17_14,17,14,13.2227,80.3507,260.78,21.91,False,,14.08,0.75,1.15,0.8125730226597451,0.0912610915539345,98.9,12.0,25.48,0.0,0.0,0.0,safe
3,90,17_14,17,14,13.2227,80.3507,260.71,28.71,False,,10.03,2.25,0.63,2.24896300225364,0.1690836750872895,98.0,12.0,25.48,0.0,0.0,0.0,safe
4,120,17_14,17,14,13.2227,80.3507,256.84,38.19,False,,32.6,7.36,6.44,8.579519889109541,1.0972027367378,87.2,12.0,25.48,0.0,0.0,0.0,safe
5,150,17_14,17,14,13.2227,80.3507,249.37,41.18,False,,38.91,14.86,12.28,14.688444154270009,1.4460421447158005,83.2,12.0,25.48,0.0,0.0,0.0,safe
6,180,17_14,17,14,13.2227,80.3507,246.35,47.17,False,,52.26,25.3,21.02,26.906845326917374,2.8195677038493616,67.2,12.0,25.48,0.0,1.4268453269173733,0.0,safe
7,210,17_14,17,14,13.2227,80.3507,238.35,49.55,False,,57.82,39.75,31.77,40.69726296234178,2.0573270740196303,76.1,12.0,25.48,0.0,15.217262962341781,1.6,low
8,240,17_14,17,14,13.2227,80.3507,230.18,51.82,False,,72.57,58.36,48.03,56.23953793671465,3.8947665975022905,54.7,12.0,25.48,0.0,30.759537936714647,6.46,moderate
9,270,17_14,17,14,13.2227,80.3507,220.73,53.13,False,,64.77,71.7,63.91,72.17899546375908,2.809820261936705,67.3,12.0,25.48,0.0,46.698995463759076,14.66,moderate
10,300,17_14,17,14,13.2227,80.3507,212.87,52.09,False,,65.59,83.16,79.38,81.77002608357625,2.925150484186078,66.0,12.0,25.48,0.0,56.29002608357625,24.88,high
11,330,17_14,17,14,13.2227,80.3507,216.87,53.55,False,,57.82,84.98,84.79,83.05926245342329,2.278438029559416,73.5,12.0,25.48,0.0,57.57926245342328,35.37,severe
0,0,17_15,17,15,13.2227,80.3707,250.81,31.66,False,,4.77,3.49,0.0,3.566519937784756,0.3160679152461795,96.3,12.67,26.18,0.0,0.0,0.0,safe
1,30,17_15,17,15,13.2227,80.3707,258.86,-9.53,False,,13.58,0.0,2.77,0.0,0.0,99.0,12.67,26.18,0.0,0.0,0.0,safe
2,60,17_15,17,15,13.2227,80.3707,259.98,26.2,False,,14.61,1.79,1.15,1.6645751724514133,0.1431833316982667,98.3,12.67,26.18,0.0,0.0,0.0,safe
3,90,17_15,17,15,13.2227,80.3707,256.29,31.98,False,,20.82,3.54,0.63,3.6993394952429743,0.2646439030541506,96.9,12.67,26.18,0.0,0.0,0.0,safe
4,120,17_15,17,15,13.2227,80.3707,249.54,36.2,False,,23.56,6.65,6.44,7.023024289066062,0.8084160868616626,90.6,12.67,26.18,0.0,0.0,0.0,safe
5,150,17_15,17,15,13.2227,80.3707,250.77,37.32,False,,51.38,9.79,12.28,9.249230951964693,1.0059091961128193,88.3,12.67,26.18,0.0,0.0,0.0,safe
6,180,17_15,17,15,13.2227,80.3707,246.67,43.62,False,,54.57,20.32,21.02,20.516346617813564,1.9639921601850128,77.1,12.67,26.18,0.0,0.0,0.0,safe
7,210,17_15,17,15,13.2227,80.3707,245.64,46.54,False,,57.42,34.58,31.77,33.158302372813694,2.5013613183763144,70.9,12.67,26.18,0.0,6.978302372813694,0.0,safe
8,240,17_15,17,15,13.2227,80.3707,230.76,51.96,False,,68.26,50.79,48.03,52.46642813854579,2.6733941126829883,68.9,12.67,26.18,0.0,26.286428138545787,3.92,low
9,270,17_15,17,15,13.2227,80.3707,225.69,50.48,False,,72.68,64.96,63.91,62.616601395537415,3.2593948275953197,62.1,12.67,26.18,0.0,36.436601395537416,9.97,moderate
10,300,17_15,17,15,13.2227,80.3707,215.3,53.59,False,,67.31,78.91,79.38,81.06408179503657,2.7885944384142087,67.6,12.67,26.18,0.0,54.88408179503657,19.9,high
11,330,17_15,17,15,13.2227,80.3707,215.65,54.16,False,,58.75,84.72,84.79,82.72939268272094,1.6885385091339258,80.4,12.67,26.18,0.0,56.54939268272094,30.17,severe
0,0,17_16,17,16,13.2227,80.3907,256.54,26.61,False,,8.55,1.75,0.19,1.6534911634999154,0.1539258656160793,98.2,12.38,26.99,0.8517961244140526,0.0,0.0,safe
1,30,17_16,17,16,13.2227,80.3907,257.09,-7.53,False,,0.0,0.0,0.89,0.0,0.0,99.0,12.38,26.99,0.8517961244140526,0.0,0.0,safe
2,60,17_16,17,16,13.2227,80.3907,260.11,-10.9,False,,18.89,0.0,0.0,0.0,0.0,99.0,12.38,26.99,0.8517961244140526,0.0,0.0,safe
3,90,17_16,17,16,13.2227,80.3907,256.88,21.98,False,,21.67,0.95,0.0,0.9392903408356348,0.0963195955126161,98.9,12.38,26.99,0.8517961244140526,0.0,0.0,safe
4,120,17_16,17,16,13.2227,80.3907,257.24,32.38,False,,27.55,4.06,1.75,3.897385546969255,0.285401201390626,96.7,12.38,26.99,0.8517961244140526,0.0,0.0,safe
5,150,17_16,17,16,13.2227,80.3907,255.83,36.42,False,,22.93,8.03,5.26,7.269450879286129,0.8402731428429335,90.2,12.38,26.99,0.8517961244140526,0.0,0.0,safe
6,180,17_16,17,16,13.2227,80.3907,247.73,41.52,False,,50.24,16.04,13.14,15.71447565267244,1.5017715071367783,82.5,12.38,26.99,0.8517961244140526,0.0,0.0,safe
7,210,17_16,17,16,13.2227,80.3907,245.63,43.69,False,,54.02,26.24,26.11,24.886820063504448,2.804361485884389,67.4,12.38,26.99,0.8517961244140526,0.0,0.0,safe
8,240,17_16,17,16,13.2227,80.3907,235.42,49.84,False,,57.99,41.77,36.02,43.251077502486034,2.2403178526207927,73.9,12.38,26.99,0.8517961244140526,16.261077502486035,2.54,low
9,270,17_16,17,16,13.2227,80.3907,227.39,51.12,False,,69.45,59.7,52.7,58.42104474022488,3.1609770799829504,63.2,12.38,26.99,0.8517961244140526,31.43104474022488,8.95,moderate
10,300,17_16,17,16,13.2227,80.3907,222.63,53.35,False,,83.29,72.12,63.75,71.4556433955979,3.3935772513251363,60.5,12.38,26.99,0.8517961244140526,44.46564339559791,18.67,high
11,330,17_16,17,16,13.2227,80.3907,217.86,52.84,False,,73.63,79.78,78.92,77.15155116464867,3.765146789267881,56.2,12.38,26.99,0.8517961244140526,50.16155116464867,29.85,high
0,0,17_17,17,17,13.2227,80.4107,257.51,-7.57,False,,10.13,0.0,2.83,0.0,0.0,99.0,14.03,27.87,0.0,0.0,0.0,safe
1,30,17_17,17,17,13.2227,80.4107,263.04,17.57,False,,5.65,0.5,0.41,0.4819727507434087,0.0501990280762695,99.0,14.03,27.87,0.0,0.0,0.0,safe
2,60,17_17,17,17,13.2227,80.4107,254.21,25.91,False,,8.19,1.68,1.61,1.63552053431634,0.1131053598633908,98.7,14.03,27.87,0.0,0.0,0.0,safe
3,90,17_17,17,17,13.2227,80.4107,257.66,29.0,False,,9.16,2.21,1.37,2.317759549291892,0.1912956830792005,97.8,14.03,27.87,0.0,0.0,0.0,safe
4,120,17_17,17,17,13.2227,80.4107,261.34,28.25,False,,6.44,2.46,2.52,2.214650496545969,0.2746367306854543,96.8,14.03,27.87,0.0,0.0,0.0,safe
5,150,17_17,17,17,13.2227,80.4107,257.79,40.15,False,,25.14,9.39,10.31,11.839727022777822,1.5045748016107876,82.5,14.03,27.87,0.0,0.0,0.0,safe
6,180,17_17,17,17,13.2227,80.4107,250.92,39.55,False,,39.83,12.0,14.14,11.91338757328617,1.280707579017775,85.1,14.03,27.87,0.0,0.0,0.0,safe
7,210,17_17,17,17,13.2227,80.4107,244.63,44.66,False,,62.06,23.37,18.52,23.17913034047242,1.5200884221124975,82.3,14.03,27.87,0.0,0.0,0.0,safe
8,240,17_17,17,17,13.2227,80.4107,247.08,48.45,False,,60.26,35.53,29.86,34.58669794952201,2.7499244935024945,68.0,14.03,27.87,0.0,6.716697949522011,0.0,safe
9,270,17_17,17,17,13.2227,80.4107,231.39,49.96,False,,61.28,49.61,45.42,51.12956053566988,2.6889815394231085,68.7,14.03,27.87,0.0,23.25956053566988,3.28,low
10,300,17_17,17,17,13.2227,80.4107,225.81,51.78,False,,78.13,63.11,59.6,65.95246888826483,3.698390504998426,57.0,14.03,27.87,0.0,38.08246888826483,9.68,moderate
11,330,17_17,17,17,13.2227,80.4107,219.18,52.44,False,,55.35,75.74,64.52,74.2824447762339,2.940196770132596,65.8,14.03,27.87,0.0,46.4124447762339,17.83,high
0,0,17_18,17,18,13.2227,80.4307,261.18,23.5,False,,5.31,0.97,2.83,1.0338157419462888,0.093911724843603,98.9,14.65,28.82,0.018109386985447173,0.0,0.0,safe
1,30,17_18,17,18,13.2227,80.4307,261.61,-8.95,False,,16.52,0.0,0.41,0.0,0.0,99.0,14.65,28.82,0.018109386985447173,0.0,0.0,safe
2,60,17_18,17,18,13.2227,80.4307,256.05,-9.27,False,,0.0,0.0,1.61,0.0,0.0,99.0,14.65,28.82,0.018109386985447173,0.0,0.0,safe
3,90,17_18,17,18,13.2227,80.4307,258.62,26.88,False,,17.69,1.79,1.37,1.7530927872542743,0.2901927788902546,96.6,14.65,28.82,0.018109386985447173,0.0,0.0,safe
4,120,17_18,17,18,13.2227,80.4307,259.78,31.16,False,,0.0,4.17,2.52,3.789165752894144,0.4357260617431238,94.9,14.65,28.82,0.018109386985447173,0.0,0.0,safe
5,150,17_18,17,18,13.2227,80.4307,256.41,33.2,False,,10.75,4.44,10.31,4.397147204158879,0.5191465603261171,94.0,14.65,28.82,0.018109386985447173,0.0,0.0,safe
6,180,17_18,17,18,13.2227,80.4307,256.57,37.53,False,,22.91,8.39,14.14,8.477290956724655,0.8535197578990144,90.1,14.65,28.82,0.018109386985447173,0.0,0.0,safe
7,210,17_18,17,18,13.2227,80.4307,243.92,43.59,False,,27.56,16.63,18.52,18.678089228074825,2.5683685610677918,70.1,14.65,28.82,0.018109386985447173,0.0,0.0,safe
8,240,17_18,17,18,13.2227,80.4307,248.36,46.45,False,,62.95,29.47,29.86,30.453743898268385,3.323284481350725,61.3,14.65,28.82,0.018109386985447173,1.633743898268385,0.0,safe
9,270,17_18,17,18,13.2227,80.4307,238.23,49.25,False,,68.37,40.01,45.42,42.95005187484097,3.324241337861435,61.3,14.65,28.82,0.018109386985447173,14.130051874840973,1.38,low
10,300,17_18,17,18,13.2227,80.4307,228.23,52.34,False,,65.33,54.69,59.6,57.46891771496844,4.049536051930817,52.9,14.65,28.82,0.018109386985447173,28.64891771496844,5.82,moderate
11,330,17_18,17,18,13.2227,80.4307,225.4,51.77,False,,67.2,66.45,64.52,66.56789854969742,2.9332505279656065,65.9,14.65,28.82,0.018109386985447173,37.74789854969742,12.19,moderate
0,0,17_19,17,19,13.2227,80.4507,258.65,21.14,False,,0.0,0.58,2.83,0.6887362461925329,0.1394991007561717,98.4,15.18,29.82,0.10682786068707273,0.0,0.0,safe
1,30,17_19,17,19,13.2227,80.4507,263.48,-8.94,False,,0.0,0.0,0.41,0.0,0.0,99.0,15.18,29.82,0.10682786068707273,0.0,0.0,safe
2,60,17_19,17,19,13.2227,80.4507,256.35,29.82,False,,14.48,2.25,1.61,2.556326803750515,0.4442906319973368,94.8,15.18,29.82,0.10682786068707273,0.0,0.0,safe
3,90,17_19,17,19,13.2227,80.4507,259.39,25.72,False,,5.68,1.6,1.37,1.6293403086930862,0.1219649379059012,98.6,15.18,29.82,0.10682786068707273,0.0,0.0,safe
4,120,17_19,17,19,13.2227,80.4507,260.03,29.62,False,,0.49,1.98,2.52,2.2727171555169745,0.4272973016704669,95.0,15.18,29.82,0.10682786068707273,0.0,0.0,safe
5,150,17_19,17,19,13.2227,80.4507,259.86,34.91,False,,8.47,5.63,10.31,5.63709883740604,0.4162391934344802,95.2,15.18,29.82,0.10682786068707273,0.0,0.0,safe
6,180,17_19,17,19,13.2227,80.4507,262.1,34.68,False,,22.51,5.11,14.14,5.298131351822774,0.4659528297266239,94.6,15.18,29.82,0.10682786068707273,0.0,0.0,safe
7,210,17_19,17,19,13.2227,80.4507,253.88,41.27,False,,31.79,13.15,18.52,13.155126891244407,1.7068688463651094,80.1,15.18,29.82,0.10682786068707273,0.0,0.0,safe
8,240,17_19,17,19,13.2227,80.4507,248.65,44.61,False,,29.39,21.55,29.86,22.661720025159028,2.51312445699526,70.8,15.18,29.82,0.10682786068707273,0.0,0.0,safe
9,270,17_19,17,19,13.2227,80.4507,241.31,47.88,False,,45.38,35.24,45.42,35.86764413567085,2.382670070367123,72.3,15.18,29.82,0.10682786068707273,6.047644135670851,0.0,safe
10,300,17_19,17,19,13.2227,80.4507,231.05,51.06,False,,57.21,48.47,59.6,51.29250880595075,3.5457671897397307,58.7,15.18,29.82,0.10682786068707273,21.472508805950753,3.03,low
11,330,17_19,17,19,13.2227,80.4507,227.6,51.2,False,,39.72,56.88,64.52,56.76547053020743,2.272705900362859,73.6,15.18,29.82,0.10682786068707273,26.94547053020743,7.24,moderate
0,0,18_0,18,0,13.2427,80.0707,258.3,25.8,False,,12.71,1.39,0.18,1.497226598138285,0.1740848361083791,98.0,15.51,31.65,0.02952501871274471,0.0,0.0,safe
1,30,18_0,18,0,13.2427,80.0707,260.14,25.89,False,,10.71,1.37,1.05,1.503746042630764,0.1620165034337971,98.1,15.51,31.65,0.02952501871274471,0.0,0.0,safe
2,60,18_0,18,0,13.2427,80.0707,256.91,32.1,False,,0.04,4.0,6.06,3.9051251468221153,0.282974705911739,96.7,15.51,31.65,0.02952501871274471,0.0,0.0,safe
3,90,18_0,18,0,13.2427,80.0707,254.23,36.58,False,,17.19,6.95,8.09,6.947128391796964,0.6268557538826598,92.7,15.51,31.65,0.02952501871274471,0.0,0.0,safe
4,120,18_0,18,0,13.2427,80.0707,252.71,36.22,False,,0.34,7.28,11.09,7.245553130465236,0.6248451518868362,92.7,15.51,31.65,0.02952501871274471,0.0,0.0,safe
5,150,18_0,18,0,13.2427,80.0707,256.39,40.16,False,,15.49,10.79,14.17,11.341565500205322,1.162370932489683,86.5,15.51,31.65,0.02952501871274471,0.0,0.0,safe
6,180,18_0,18,0,13.2427,80.0707,257.94,38.02,False,,21.35,9.37,13.34,9.248634199949498,0.6392999645342825,92.6,15.51,31.65,0.02952501871274471,0.0,0.0,safe
7,210,18_0,18,0,13.2427,80.0707,256.13,36.58,False,,13.53,9.98,13.93,9.01760935176672,1.454937803885743,83.1,15.51,31.65,0.02952501871274471,0.0,0.0,safe
8,240,18_0,18,0,13.2427,80.0707,252.3,37.4,False,,31.51,6.97,13.08,7.946597945175685,1.3246572579940634,84.6,15.51,31.65,0.02952501871274471,0.0,0.0,safe
9,270,18_0,18,0,13.2427,80.0707,254.52,34.65,False,,0.0,5.41,11.52,5.60103918478608,0.6331431889447501,92.6,15.51,31.65,0.02952501871274471,0.0,0.0,safe
10,300,18_0,18,0,13.2427,80.0707,264.27,33.36,False,,3.2,3.84,9.74,4.162066068458329,0.5238411080205061,93.9,15.51,31.65,0.02952501871274471,0.0,0.0,safe
11,330,18_0,18,0,13.2427,80.0707,262.63,21.15,False,,5.44,0.7,4.53,0.7454930399461648,0.0609687807128902,99.0,15.51,31.65,0.02952501871274471,0.0,0.0,safe
0,0,18_1,18,1,13.2427,80.0907,256.75,-8.2,True,0.18,9.0,0.0,0.18,0.0,0.0,99.0,14.97,30.65,0.0,0.0,0.0,safe
1,30,18_1,18,1,13.2427,80.0907,261.29,28.89,True,1.05,6.34,2.0,1.05,2.061522715792658,0.189352737276944,97.8,14.97,30.65,0.0,0.0,0.0,safe
2,60,18_1,18,1,13.2427,80.0907,256.61,34.91,True,6.06,34.21,6.32,6.06,6.220234922124282,0.4944700843995745,94.2,14.97,30.65,0.0,0.0,0.0,safe
3,90,18_1,18,1,13.2427,80.0907,252.86,35.28,True,8.09,26.45,6.92,8.09,6.453813589951739,0.7313461254234667,91.5,14.97,30.65,0.0,0.0,0.0,safe
4,120,18_1,18,1,13.2427,80.0907,255.72,39.04,True,11.09,20.94,12.14,11.09,10.902398588070932,1.6070233405909906,81.3,14.97,30.65,0.0,0.0,0.0,safe
5,150,18_1,18,1,13.2427,80.0907,251.33,43.03,True,14.17,13.51,14.08,14.17,16.7403596384028,1.5477000112821078,82.0,14.97,30.65,0.0,0.0,0.0,safe
6,180,18_1,18,1,13.2427,80.0907,247.76,40.69,True,13.34,12.02,13.52,13.34,13.545566883182076,1.022877233625434,88.1,14.97,30.65,0.0,0.0,0.0,safe
7,210,18_1,18,1,13.2427,80.0907,252.54,41.34,True,13.93,19.34,13.54,13.93,13.538726005646208,1.0497704456157675,87.8,14.97,30.65,0.0,0.0,0.0,safe
8,240,18_1,18,1,13.2427,80.0907,255.09,40.94,True,13.08,12.02,12.7,13.08,12.987009172083566,1.2137638011192324,85.9,14.97,30.65,0.0,0.0,0.0,safe
9,270,18_1,18,1,13.2427,80.0907,249.91,40.11,True,11.52,7.05,10.55,11.52,12.124276606221642,1.1561617676292395,86.5,14.97,30.65,0.0,0.0,0.0,safe
10,300,18_1,18,1,13.2427,80.0907,255.15,36.95,True,9.74,17.33,8.3,9.74,7.858693546139253,0.5198949278040692,94.0,14.97,30.65,0.0,0.0,0.0,safe
11,330,18_1,18,1,13.2427,80.0907,259.93,32.25,True,4.53,14.86,3.67,4.53,3.635234192603475,0.2546153659626596,97.0,14.97,30.65,0.0,0.0,0.0,safe
0,0,18_2,18,2,13.2427,80.1107,261.52,27.62,False,,19.49,2.22,0.74,2.0723279616547687,0.2407489246285137,97.2,13.72,29.71,0.16841387691602172,0.0,0.0,safe
1,30,18_2,18,2,13.2427,80.1107,257.27,28.71,False,,11.76,1.99,2.71,2.091663098062263,0.1813558155397434,97.9,13.72,29.71,0.16841387691602172,0.0,0.0,safe
2,60,18_2,18,2,13.2427,80.1107,258.09,32.02,False,,24.96,3.32,8.53,4.092473676423618,0.6196638390580698,92.8,13.72,29.71,0.16841387691602172,0.0,0.0,safe
3,90,18_2,18,2,13.2427,80.1107,259.76,31.83,False,,7.19,4.89,12.63,4.693923962813357,0.4750813887701014,94.5,13.72,29.71,0.16841387691602172,0.0,0.0,safe
4,120,18_2,18,2,13.2427,80.1107,259.07,38.64,False,,25.64,9.21,10.79,9.193680467220586,0.7597629358556589,91.2,13.72,29.71,0.16841387691602172,0.0,0.0,safe
5,150,18_2,18,2,13.2427,80.1107,252.09,40.56,False,,24.64,13.14,16.48,13.466068862597483,1.1101365821141942,87.1,13.72,29.71,0.16841387691602172,0.0,0.0,safe
6,180,18_2,18,2,13.2427,80.1107,251.06,43.55,False,,15.11,18.8,19.2,18.450493095238517,1.270650659627619,85.2,13.72,29.71,0.16841387691602172,0.0,0.0,safe
7,210,18_2,18,2,13.2427,80.1107,248.97,42.26,False,,10.23,15.05,19.6,15.9898575732302,1.555564062308164,81.9,13.72,29.71,0.16841387691602172,0.0,0.0,safe
8,240,18_2,18,2,13.2427,80.1107,252.56,44.41,False,,24.38,15.84,19.78,17.25332083244895,2.173187043723489,74.7,13.72,29.71,0.16841387691602172,0.0,0.0,safe
9,270,18_2,18,2,13.2427,80.1107,250.64,40.58,False,,22.66,12.82,16.22,13.72224936777266,1.285356531498297,85.0,13.72,29.71,0.16841387691602172,0.0,0.0,safe
10,300,18_2,18,2,13.2427,80.1107,251.39,41.05,False,,0.0,12.1,11.12,12.421435320990495,1.2130141150542988,85.9,13.72,29.71,0.16841387691602172,0.0,0.0,safe
11,330,18_2,18,2,13.2427,80.1107,257.96,35.67,False,,2.51,6.83,10.32,6.445633020448261,0.8467884441698089,90.1,13.72,29.71,0.16841387691602172,0.0,0.0,safe
0,0,18_3,18,3,13.2427,80.1307,258.8,16.0,False,,4.0,0.39,0.74,0.3832595173398154,0.0330603209055747,99.0,13.39,28.82,0.0,0.0,0.0,safe
1,30,18_3,18,3,13.2427,80.1307,262.99,-10.14,False,,15.04,0.0,2.71,0.0,0.0,99.0,13.39,28.82,0.0,0.0,0.0,safe
2,60,18_3,18,3,13.2427,80.1307,256.65,34.13,False,,28.89,5.07,8.53,5.102013909410958,0.5313432838761786,93.8,13.39,28.82,0.0,0.0,0.0,safe
3,90,18_3,18,3,13.2427,80.1307,256.42,38.63,False,,10.22,7.66,12.63,8.872320024863456,1.0502895434532795,87.8,13.39,28.82,0.0,0.0,0.0,safe
4,120,18_3,18,3,13.2427,80.1307,251.57,42.13,False,,26.68,11.87,10.79,13.16368249311207,1.927988396761597,77.6,13.39,28.82,0.0,0.0,0.0,safe
5,150,18_3,18,3,13.2427,80.1307,251.25,43.71,False,,27.06,16.08,16.48,17.211308902472766,1.6500690738512798,80.8,13.39,28.82,0.0,0.0,0.0,safe
6,180,18_3,18,3,13.2427,80.1307,249.2,44.13,False,,24.39,18.42,19.2,19.699813651567048,1.5587147085789983,81.9,13.39,28.82,0.0,0.0,0.0,safe
7,210,18_3,18,3,13.2427,80.1307,247.64,44.12,False,,22.58,21.11,19.6,20.492511513897966,1.4255483725075724,83.4,13.39,28.82,0.0,0.0,0.0,safe
8,240,18_3,18,3,13.2427,80.1307,247.89,45.77,False,,4.87,21.55,19.78,26.24672730247773,2.611746133383792,69.6,13.39,28.82,0.0,0.0,0.0,safe
9,270,18_3,18,3,13.2427,80.1307,248.43,43.7,False,,15.89,19.52,16.22,19.75550571564836,1.6401939860113368,80.9,13.39,28.82,0.0,0.0,0.0,safe
10,300,18_3,18,3,13.2427,80.1307,254.46,41.41,False,,0.56,12.96,11.12,13.44208453279565,1.4433104416587923,83.2,13.39,28.82,0.0,0.0,0.0,safe
11,330,18_3,18,3,13.2427,80.1307,250.72,39.52,False,,0.0,12.11,10.32,11.769545931973823,0.9449505567856488,89.0,13.39,28.82,0.0,0.0,0.0,safe
0,0,18_4,18,4,13.2427,80.1507,258.6,25.15,False,,1.12,1.5,0.5,1.492194964818303,0.0914415648746017,98.9,12.48,28.0,0.0,0.0,0.0,safe
1,30,18_4,18,4,13.2427,80.1507,260.55,34.05,False,,11.61,5.22,2.38,4.737486242727121,0.4959845040027405,94.2,12.48,28.0,0.0,0.0,0.0,safe
2,60,18_4,18,4,13.2427,80.1507,253.49,28.6,False,,18.82,2.54,2.08,2.192073311374277,0.3165774764223464,96.3,12.48,28.0,0.0,0.0,0.0,safe
3,90,18_4,18,4,13.2427,80.1507,255.82,37.76,False,,40.24,8.35,4.89,8.535883099572724,1.3172347372482525,84.7,12.48,28.0,0.0,0.0,0.0,safe
4,120,18_4,18,4,13.2427,80.1507,250.43,42.14,False,,36.82,13.71,9.6,14.20702308888442,1.457372314576885,83.0,12.48,28.0,0.0,0.0,0.0,safe
5,150,18_4,18,4,13.2427,80.1507,251.95,43.34,False,,15.32,20.48,16.43,17.87921933746138,1.6496110878622583,80.8,12.48,28.0,0.0,0.0,0.0,safe
6,180,18_4,18,4,13.2427,80.1507,248.62,44.14,False,,20.65,22.37,18.89,19.79663487218723,1.5210137398817392,82.3,12.48,28.0,0.0,0.0,0.0,safe
7,210,18_4,18,4,13.2427,80.1507,244.0,46.13,False,,19.41,26.17,22.65,28.24445648101703,2.8119219721392,67.3,12.48,28.0,0.0,0.24445648101702844,0.0,safe
8,240,18_4,18,4,13.2427,80.1507,242.38,45.41,False,,22.27,29.94,31.98,29.19646437129792,1.795802916814768,79.1,12.48,28.0,0.0,1.196464371297921,0.0,safe
9,270,18_4,18,4,13.2427,80.1507,245.79,44.7,False,,25.48,23.34,25.3,24.602490315984294,1.98998820575283,76.8,12.48,28.0,0.0,0.0,0.0,safe
10,300,18_4,18,4,13.2427,80.1507,247.18,43.91,False,,4.82,18.53,25.68,20.17750478094483,2.755508891890197,67.9,12.48,28.0,0.0,0.0,0.0,safe
11,330,18_4,18,4,13.2427,80.1507,251.99,44.16,False,,12.6,15.11,18.33,17.059132994959974,2.4901554588990926,71.0,12.48,28.0,0.0,0.0,0.0,safe
0,0,18_5,18,5,13.2427,80.1707,257.63,17.2,False,,0.0,0.36,0.5,0.4045210036313014,0.0567895139037164,99.0,11.94,27.26,0.0,0.0,0.0,safe
1,30,18_5,18,5,13.2427,80.1707,258.43,26.39,False,,8.69,2.06,2.38,1.581782435945991,0.1824390774692307,97.9,11.94,27.26,0.0,0.0,0.0,safe
2,60,18_5,18,5,13.2427,80.1707,256.69,34.18,False,,7.1,5.86,2.08,5.329584597422621,0.5013282400863432,94.2,11.94,27.26,0.0,0.0,0.0,safe
3,90,18_5,18,5,13.2427,80.1707,251.4,38.72,False,,9.31,10.73,4.89,9.8853218422304,1.2167178088787505,85.8,11.94,27.26,0.0,0.0,0.0,safe
4,120,18_5,18,5,13.2427,80.1707,253.75,39.58,False,,18.03,11.7,9.6,11.239841222308849,1.3791703223901166,84.0,11.94,27.26,0.0,0.0,0.0,safe
5,150,18_5,18,5,13.2427,80.1707,252.69,43.74,False,,28.93,18.89,16.43,18.39104941789297,1.387379535422976,83.9,11.94,27.26,0.0,0.0,0.0,safe
6,180,18_5,18,5,13.2427,80.1707,243.13,45.01,False,,34.58,27.12,18.89,25.67012233928206,2.266121408104814,73.6,11.94,27.26,0.0,0.0,0.0,safe
7,210,18_5,18,5,13.2427,80.1707,239.25,49.23,False,,35.24,33.93,22.65,35.06003918115801,2.199350353761472,74.4,11.94,27.26,0.0,7.800039181158009,0.04,safe
8,240,18_5,18,5,13.2427,80.1707,244.27,46.46,False,,21.48,32.29,31.98,32.13089476456765,1.3782655253953722,84.0,11.94,27.26,0.0,4.870894764567648,0.0,safe
9,270,18_5,18,5,13.2427,80.1707,242.4,47.14,False,,24.98,31.75,25.3,31.28996318883549,1.953464131553167,77.3,11.94,27.26,0.0,4.029963188835488,0.0,safe
10,300,18_5,18,5,13.2427,80.1707,242.76,45.62,False,,6.92,30.54,25.68,28.90619707263097,2.139951071531392,75.1,11.94,27.26,0.0,1.6461970726309687,0.0,safe
11,330,18_5,18,5,13.2427,80.1707,242.35,44.95,False,,7.63,23.1,18.33,22.535429099022306,3.3557857786881486,61.0,11.94,27.26,0.0,0.0,0.0,safe
0,0,18_6,18,6,13.2427,80.1907,264.27,29.28,False,,11.87,1.89,0.5,2.3990496052917227,0.2780568011755497,96.8,11.05,26.63,0.0,0.0,0.0,safe
1,30,18_6,18,6,13.2427,80.1907,254.5,33.03,False,,11.49,4.19,2.38,4.226889706031381,0.3198197497658333,96.3,11.05,26.63,0.0,0.0,0.0,safe
2,60,18_6,18,6,13.2427,80.1907,255.6,36.35,False,,25.33,5.39,2.08,6.403403141233727,1.1320763589998917,86.8,11.05,26.63,0.0,0.0,0.0,safe
3,90,18_6,18,6,13.2427,80.1907,254.27,35.01,False,,38.13,6.39,4.89,5.963096367357792,0.6566593188821923,92.4,11.05,26.63,0.0,0.0,0.0,safe
4,120,18_6,18,6,13.2427,80.1907,250.71,42.72,False,,27.64,15.76,9.6,16.255179700890118,1.027368985096671,88.0,11.05,26.63,0.0,0.0,0.0,safe
5,150,18_6,18,6,13.2427,80.1907,251.93,44.1,False,,26.16,19.92,16.43,18.80638313470087,2.373837752778872,72.4,11.05,26.63,0.0,0.0,0.0,safe
6,180,18_6,18,6,13.2427,80.1907,245.89,47.49,False,,36.52,26.38,18.89,27.86300990940105,3.312358322949032,61.5,11.05,26.63,0.0,1.2330099094010514,0.0,safe
7,210,18_6,18,6,13.2427,80.1907,237.41,46.55,False,,46.11,34.87,22.65,33.94531560559971,2.798365569956512,67.4,11.05,26.63,0.0,7.315315605599711,0.0,safe
8,240,18_6,18,6,13.2427,80.1907,237.86,47.58,False,,41.53,38.72,31.98,40.018973257230975,2.935700559822505,65.8,11.05,26.63,0.0,13.388973257230976,1.21,low
9,270,18_6,18,6,13.2427,80.1907,241.12,49.65,False,,22.18,40.06,25.3,39.59716751223988,2.6328692145695314,69.4,11.05,26.63,0.0,12.967167512239879,2.33,low
10,300,18_6,18,6,13.2427,80.1907,235.6,49.07,False,,12.07,34.92,25.68,36.491903900821455,3.0227932535947204,64.8,11.05,26.63,0.0,9.861903900821456,2.81,low
11,330,18_6,18,6,13.2427,80.1907,246.86,45.69,False,,22.47,27.33,18.33,25.605458540447373,2.895654754527208,66.3,11.05,26.63,0.0,0.0,1.21,low
0,0,18_7,18,7,13.2427,80.2107,260.21,33.56,False,,10.22,3.8,0.5,4.431148951679418,0.5357416956631494,93.8,9.42,26.11,0.0,0.0,0.0,safe
1,30,18_7,18,7,13.2427,80.2107,258.83,29.07,False,,1.15,2.52,2.38,2.500563263488892,0.1482155348647968,98.3,9.42,26.11,0.0,0.0,0.0,safe
2,60,18_7,18,7,13.2427,80.2107,260.94,38.28,False,,12.65,6.58,2.08,7.389331215123674,1.2370401706163652,85.6,9.42,26.11,0.0,0.0,0.0,safe
3,90,18_7,18,7,13.2427,80.2107,258.32,36.19,False,,12.9,7.11,4.89,6.858074991939102,0.5500287895896472,93.6,9.42,26.11,0.0,0.0,0.0,safe
4,120,18_7,18,7,13.2427,80.2107,252.72,39.1,False,,25.21,13.08,9.6,12.240631837410668,1.2641471846289598,85.3,9.42,26.11,0.0,0.0,0.0,safe
5,150,18_7,18,7,13.2427,80.2107,251.73,44.48,False,,41.9,23.4,16.43,21.458006847915403,2.481637170624722,71.1,9.42,26.11,0.0,0.0,0.0,safe
6,180,18_7,18,7,13.2427,80.2107,240.85,46.63,False,,42.17,30.91,18.89,31.24297713901605,3.4313427162667383,60.1,9.42,26.11,0.0,5.132977139016049,0.0,safe
7,210,18_7,18,7,13.2427,80.2107,240.69,50.05,False,,50.43,38.57,22.65,37.41812945207575,3.927320849459311,54.3,9.42,26.11,0.0,11.308129452075754,0.77,low
8,240,18_7,18,7,13.2427,80.2107,237.0,47.61,False,,46.5,45.0,31.98,42.26587497637463,3.3264486239355486,61.3,9.42,26.11,0.0,16.155874976374633,2.57,low
9,270,18_7,18,7,13.2427,80.2107,230.94,49.97,False,,23.01,49.4,25.3,49.63934430544395,3.705101186598828,56.9,9.42,26.11,0.0,23.52934430544395,5.91,moderate
10,300,18_7,18,7,13.2427,80.2107,230.72,48.99,False,,16.4,44.41,25.68,45.29557300643796,3.2958490193933625,61.7,9.42,26.11,0.0,19.185573006437963,8.34,moderate
11,330,18_7,18,7,13.2427,80.2107,239.47,49.39,False,,14.8,37.0,18.33,36.93831383883495,2.79430130956342,67.5,9.42,26.11,0.0,10.828313838834951,9.01,moderate
0,0,18_8,18,8,13.2427,80.2307,258.58,-9.39,False,,11.34,0.0,3.73,0.0,0.0,99.0,7.3,25.72,0.31736751862816615,0.0,0.0,safe
1,30,18_8,18,8,13.2427,80.2307,260.68,24.44,False,,13.92,1.58,1.94,1.4534675465501372,0.156093278412506,98.2,7.3,25.72,0.31736751862816615,0.0,0.0,safe
2,60,18_8,18,8,13.2427,80.2307,254.63,30.64,False,,8.28,3.53,9.92,3.321744142990655,0.398719998583866,95.4,7.3,25.72,0.31736751862816615,0.0,0.0,safe
3,90,18_8,18,8,13.2427,80.2307,254.62,35.77,False,,28.52,7.16,9.93,6.998929320631711,0.6199287840789813,92.8,7.3,25.72,0.31736751862816615,0.0,0.0,safe
4,120,18_8,18,8,13.2427,80.2307,254.95,39.45,False,,37.37,11.74,24.35,11.450192283651065,1.151751739136196,86.6,7.3,25.72,0.31736751862816615,0.0,0.0,safe
5,150,18_8,18,8,13.2427,80.2307,252.99,44.86,False,,48.58,21.39,37.65,22.315270189801275,2.352230527862137,72.6,7.3,25.72,0.31736751862816615,0.0,0.0,safe
6,180,18_8,18,8,13.2427,80.2307,241.58,45.61,False,,49.14,33.47,50.99,33.39173720512581,1.734115967303382,79.8,7.3,25.72,0.31736751862816615,7.671737205125808,0.14,low
7,210,18_8,18,8,13.2427,80.2307,231.8,49.36,False,,39.03,46.36,62.92,50.36060150051558,4.556288356344483,50.0,7.3,25.72,0.31736751862816615,24.64060150051558,4.12,low
8,240,18_8,18,8,13.2427,80.2307,235.35,50.1,False,,43.38,48.46,69.78,49.10305253606728,4.066150307972276,52.7,7.3,25.72,0.31736751862816615,23.383052536067282,7.82,moderate
9,270,18_8,18,8,13.2427,80.2307,227.6,51.32,False,,49.13,55.03,71.55,56.74782217922738,3.332679249569539,61.2,7.3,25.72,0.31736751862816615,31.02782217922738,13.26,moderate
10,300,18_8,18,8,13.2427,80.2307,230.48,49.81,False,,43.09,53.24,65.17,53.76597905247328,2.188627324388116,74.5,7.3,25.72,0.31736751862816615,28.045979052473278,18.01,high
11,330,18_8,18,8,13.2427,80.2307,236.91,50.05,False,,20.24,44.71,53.91,45.300080418620325,2.6024686227394054,69.7,7.3,25.72,0.31736751862816615,19.580080418620327,20.85,high
0,0,18_9,18,9,13.2427,80.2507,261.14,24.64,False,,7.45,1.4,3.73,1.4109723802590244,0.1159605677379039,98.7,5.08,25.48,1.3928519507329833,0.0,0.0,safe
1,30,18_9,18,9,13.2427,80.2507,260.94,5.56,False,,12.27,0.07,1.94,0.0740766666666667,0.0421997987093672,99.0,5.08,25.48,1.3928519507329833,0.0,0.0,safe
2,60,18_9,18,9,13.2427,80.2507,258.71,32.31,False,,10.49,3.67,9.92,3.826034376000203,0.3812457590121004,95.6,5.08,25.48,1.3928519507329833,0.0,0.0,safe
3,90,18_9,18,9,13.2427,80.2507,254.16,37.56,False,,34.77,6.33,9.93,7.427443792682909,1.3432420103343945,84.4,5.08,25.48,1.3928519507329833,0.0,0.0,safe
4,120,18_9,18,9,13.2427,80.2507,252.67,37.42,False,,30.79,9.98,24.35,9.613643853951013,1.240428547577655,85.6,5.08,25.48,1.3928519507329833,0.0,0.0,safe
5,150,18_9,18,9,13.2427,80.2507,250.73,42.87,False,,52.98,19.63,37.65,16.94627438258585,2.365933388458935,72.5,5.08,25.48,1.3928519507329833,0.0,0.0,safe
6,180,18_9,18,9,13.2427,80.2507,243.3,46.29,False,,42.55,32.29,50.99,32.057464964548444,1.9097269222782025,77.8,5.08,25.48,1.3928519507329833,6.577464964548444,0.26,low
7,210,18_9,18,9,13.2427,80.2507,237.22,50.59,False,,48.25,42.92,62.92,45.10364622905726,3.3082574025608955,61.5,5.08,25.48,1.3928519507329833,19.62364622905726,4.22,low
8,240,18_9,18,9,13.2427,80.2507,232.49,49.66,False,,47.32,52.38,69.78,52.373058327644415,2.9165617382839195,66.1,5.08,25.48,1.3928519507329833,26.893058327644415,10.23,moderate
9,270,18_9,18,9,13.2427,80.2507,229.11,50.33,False,,39.63,58.2,71.55,57.25097986399116,2.1605460201879336,74.9,5.08,25.48,1.3928519507329833,31.770979863991162,17.63,high
10,300,18_9,18,9,13.2427,80.2507,223.89,49.51,False,,33.64,60.51,65.17,60.84727909974751,2.410320830190761,72.0,5.08,25.48,1.3928519507329833,35.367279099747506,26.04,high
11,330,18_9,18,9,13.2427,80.2507,231.17,51.38,False,,29.98,56.32,53.91,53.20073824696849,3.569564793586685,58.5,5.08,25.48,1.3928519507329833,27.72073824696849,32.29,severe
0,0,18_10,18,10,13.2427,80.2707,265.44,27.14,False,,16.04,1.7,0.11,1.737080854393427,0.2323780091998872,97.3,6.44,25.4,0.07914363809913283,0.0,0.0,safe
1,30,18_10,18,10,13.2427,80.2707,262.34,23.42,False,,9.92,1.04,1.08,1.062783786013794,0.0719043042296936,99.0,6.44,25.4,0.07914363809913283,0.0,0.0,safe
2,60,18_10,18,10,13.2427,80.2707,257.61,28.95,False,,14.22,2.64,0.04,2.203730316320802,0.2705329664092635,96.9,6.44,25.4,0.07914363809913283,0.0,0.0,safe
3,90,18_10,18,10,13.2427,80.2707,253.98,34.11,False,,17.96,5.33,1.2,5.064824377544428,0.4870120578061688,94.3,6.44,25.4,0.07914363809913283,0.0,0.0,safe
4,120,18_10,18,10,13.2427,80.2707,257.08,38.73,False,,33.76,9.24,3.69,9.29837439991866,0.8144564413494748,90.5,6.44,25.4,0.07914363809913283,0.0,0.0,safe
5,150,18_10,18,10,13.2427,80.2707,247.5,42.54,False,,48.82,19.73,11.35,19.155636040794008,1.3225787629182388,84.6,6.44,25.4,0.07914363809913283,0.0,0.0,safe
6,180,18_10,18,10,13.2427,80.2707,246.5,46.02,False,,54.76,32.67,23.56,30.23298868907901,3.3540672189203957,61.0,6.44,25.4,0.07914363809913283,4.832988689079013,0.0,safe
7,210,18_10,18,10,13.2427,80.2707,238.89,47.69,False,,56.71,44.14,34.4,41.64051092712027,3.382488987503012,60.6,6.44,25.4,0.07914363809913283,16.24051092712027,1.88,low
8,240,18_10,18,10,13.2427,80.2707,223.46,50.61,False,,75.87,59.01,46.74,60.27151587662722,2.468761394705252,71.3,6.44,25.4,0.07914363809913283,34.87151587662722,7.75,moderate
9,270,18_10,18,10,13.2427,80.2707,221.93,52.59,False,,59.38,65.12,61.88,67.00295345831698,3.4569884602842893,59.8,6.44,25.4,0.07914363809913283,41.60295345831698,15.06,high
10,300,18_10,18,10,13.2427,80.2707,224.76,52.46,False,,56.44,67.2,72.32,68.45884135820943,3.0033373739243503,65.1,6.44,25.4,0.07914363809913283,43.05884135820943,22.68,high
11,330,18_10,18,10,13.2427,80.2707,225.18,54.39,False,,44.58,64.71,71.09,66.66986972083455,3.360415222479251,60.9,6.44,25.4,0.07914363809913283,41.269869720834556,29.91,high
0,0,18_11,18,11,13.2427,80.2907,260.08,32.07,False,,17.56,3.3,0.11,3.573919819338877,0.4325004854319685,95.0,7.25,25.48,0.9941928454501614,0.0,0.0,safe
1,30,18_11,18,11,13.2427,80.2907,259.62,-8.44,False,,16.23,0.0,1.08,0.0,0.0,99.0,7.25,25.48,0.9941928454501614,0.0,0.0,safe
2,60,18_11,18,11,13.2427,80.2907,261.05,25.57,False,,20.51,1.32,0.04,1.429161600283506,0.1531460898795796,98.2,7.25,25.48,0.9941928454501614,0.0,0.0,safe
3,90,18_11,18,11,13.2427,80.2907,258.07,34.33,False,,21.05,5.21,1.2,4.991751537103521,0.4202469061117878,95.1,7.25,25.48,0.9941928454501614,0.0,0.0,safe
4,120,18_11,18,11,13.2427,80.2907,251.16,39.42,False,,24.07,11.57,3.69,11.53624240559369,1.6148000416398012,81.2,7.25,25.48,0.9941928454501614,0.0,0.0,safe
5,150,18_11,18,11,13.2427,80.2907,248.84,43.74,False,,50.44,18.77,11.35,19.26412883814313,1.5685553218877,81.8,7.25,25.48,0.9941928454501614,0.0,0.0,safe
6,180,18_11,18,11,13.2427,80.2907,245.82,46.27,False,,48.1,31.44,23.56,30.063747784197854,2.386387016247617,72.2,7.25,25.48,0.9941928454501614,4.583747784197854,0.0,safe
7,210,18_11,18,11,13.2427,80.2907,238.53,49.29,False,,51.48,44.39,34.4,43.160903549498535,2.911474719591878,66.1,7.25,25.48,0.9941928454501614,17.680903549498534,3.04,low
8,240,18_11,18,11,13.2427,80.2907,227.32,49.23,False,,75.03,59.55,46.74,57.8680827255785,3.162456902037464,63.2,7.25,25.48,0.9941928454501614,32.3880827255785,9.93,moderate
9,270,18_11,18,11,13.2427,80.2907,223.52,52.8,False,,54.38,69.85,61.88,65.99890055979428,3.5519247585458253,58.7,7.25,25.48,0.9941928454501614,40.518900559794275,18.95,high
10,300,18_11,18,11,13.2427,80.2907,215.7,52.32,False,,58.38,72.7,72.32,73.75773340914513,2.882866358514883,66.5,7.25,25.48,0.9941928454501614,48.27773340914513,30.01,severe
11,330,18_11,18,11,13.2427,80.2907,224.42,52.26,False,,57.7,71.27,71.09,69.99252103721096,2.485592774151438,71.1,7.25,25.48,0.9941928454501614,44.51252103721096,40.08,severe
0,0,18_12,18,12,13.2427,80.3107,260.06,-8.61,False,,14.25,0.0,0.11,0.0,0.0,99.0,9.74,25.72,0.0,0.0,0.0,safe
1,30,18_12,18,12,13.2427,80.3107,255.47,27.3,False,,2.05,2.53,1.08,2.1993021117878238,0.3804431740264242,95.6,9.74,25.72,0.0,0.0,0.0,safe
2,60,18_12,18,12,13.2427,80.3107,260.58,11.63,False,,15.77,0.21,0.04,0.209879166666667,0.0195782896873892,99.0,9.74,25.72,0.0,0.0,0.0,safe
3,90,18_12,18,12,13.2427,80.3107,258.78,33.93,False,,23.43,4.87,1.2,4.775861908318491,0.2909658944620865,96.6,9.74,25.72,0.0,0.0,0.0,safe
4,120,18_12,18,12,13.2427,80.3107,257.78,34.77,False,,20.95,6.91,3.69,5.54011901871229,0.5976001746512846,93.0,9.74,25.72,0.0,0.0,0.0,safe
5,150,18_12,18,12,13.2427,80.3107,252.4,41.61,False,,25.51,14.92,11.35,14.360600072826344,1.6792251842816692,80.5,9.74,25.72,0.0,0.0,0.0,safe
6,180,18_12,18,12,13.2427,80.3107,249.5,45.7,False,,47.82,27.44,23.56,26.10667493149161,1.7361651878552866,79.8,9.74,25.72,0.0,0.38667493149161203,0.0,safe
7,210,18_12,18,12,13.2427,80.3107,238.03,47.56,False,,68.09,38.37,34.4,39.18870070453926,4.580174225687043,50.0,9.74,25.72,0.0,13.468700704539259,1.23,low
8,240,18_12,18,12,13.2427,80.3107,231.43,50.36,False,,52.05,56.04,46.74,52.72316444390525,3.064439470580154,64.3,9.74,25.72,0.0,27.00316444390525,5.3,moderate
9,270,18_12,18,12,13.2427,80.3107,219.45,51.91,False,,75.4,71.94,61.88,71.67472016120426,2.6709175163246863,68.9,9.74,25.72,0.0,45.954720161204264,13.35,moderate
10,300,18_12,18,12,13.2427,80.3107,216.35,54.04,False,,61.65,77.46,72.32,77.3257630955947,2.236056317253317,74.0,9.74,25.72,0.0,51.605763095594696,22.59,high
11,330,18_12,18,12,13.2427,80.3107,218.77,51.28,False,,46.83,79.7,71.09,76.15556612191132,4.925181202619368,50.0,9.74,25.72,0.0,50.43556612191132,31.58,severe
0,0,18_13,18,13,13.2427,80.3307,260.73,22.91,False,,19.84,0.94,0.0,1.0523901020099182,0.1380455301550614,98.4,12.31,26.11,0.0,0.0,0.0,safe
1,30,18_13,18,13,13.2427,80.3307,257.91,27.91,False,,4.56,2.5,2.77,2.310200127311534,0.1868983580557806,97.8,12.31,26.11,0.0,0.0,0.0,safe
2,60,18_13,18,13,13.2427,80.3307,263.24,28.72,False,,12.34,2.07,1.15,2.205666641723619,0.1778835349041499,97.9,12.31,26.11,0.0,0.0,0.0,safe
3,90,18_13,18,13,13.2427,80.3307,257.68,33.34,False,,19.27,3.67,0.63,4.06477587443426,0.488612586188785,94.3,12.31,26.11,0.0,0.0,0.0,safe
4,120,18_13,18,13,13.2427,80.3307,260.32,35.03,False,,18.78,5.29,6.44,5.66515214009339,0.4765051815417736,94.5,12.31,26.11,0.0,0.0,0.0,safe
5,150,18_13,18,13,13.2427,80.3307,253.55,39.66,False,,45.87,13.5,12.28,12.880060342056584,1.0987354749005849,87.2,12.31,26.11,0.0,0.0,0.0,safe
6,180,18_13,18,13,13.2427,80.3307,250.37,45.67,False,,50.99,22.94,21.02,24.289796945473064,1.9630610392037384,77.2,12.31,26.11,0.0,0.0,0.0,safe
7,210,18_13,18,13,13.2427,80.3307,243.76,47.11,False,,61.85,35.89,31.77,34.48527374334183,1.8975356362081264,77.9,12.31,26.11,0.0,8.375273743341829,0.16,low
8,240,18_13,18,13,13.2427,80.3307,230.0,51.08,False,,64.61,54.23,48.03,55.05959855252181,2.7423115601178827,68.1,12.31,26.11,0.0,28.949598552521813,4.64,low
9,270,18_13,18,13,13.2427,80.3307,228.14,51.75,False,,73.67,66.1,63.91,63.62250373405112,4.145676153329768,51.8,12.31,26.11,0.0,37.51250373405112,10.92,moderate
10,300,18_13,18,13,13.2427,80.3307,216.66,55.17,False,,79.02,79.76,79.38,79.90406877357174,2.5032957685483104,70.9,12.31,26.11,0.0,53.79406877357174,20.61,high
11,330,18_13,18,13,13.2427,80.3307,219.83,54.78,False,,47.36,84.11,84.79,82.31218308874469,2.564460646591918,70.2,12.31,26.11,0.0,56.20218308874469,30.82,severe
0,0,18_14,18,14,13.2427,80.3507,261.15,16.16,True,0.0,5.2,0.36,0.0,0.3812659459112438,0.0482375416078797,99.0,12.74,26.63,0.0,0.0,0.0,safe
1,30,18_14,18,14,13.2427,80.3507,260.64,28.2,True,2.77,20.78,2.06,2.77,2.121473263149221,0.1938651730031678,97.7,12.74,26.63,0.0,0.0,0.0,safe
2,60,18_14,18,14,13.2427,80.3507,256.43,18.62,True,1.15,19.02,0.69,1.15,0.5571443387825629,0.0631466949102301,99.0,12.74,26.63,0.0,0.0,0.0,safe
3,90,18_14,18,14,13.2427,80.3507,259.07,17.51,True,0.63,5.75,0.45,0.63,0.4503336374736379,0.0416020365671129,99.0,12.74,26.63,0.0,0.0,0.0,safe
4,120,18_14,18,14,13.2427,80.3507,253.3,35.03,True,6.44,13.77,5.0,6.44,5.588586057595842,0.6754565345033476,92.1,12.74,26.63,0.0,0.0,0.0,safe
5,150,18_14,18,14,13.2427,80.3507,259.48,40.29,True,12.28,23.29,13.56,12.28,12.94932114361502,1.233028171379982,85.7,12.74,26.63,0.0,0.0,0.0,safe
6,180,18_14,18,14,13.2427,80.3507,248.17,44.94,True,21.02,40.17,20.76,21.02,21.78897231136092,1.782428537928572,79.3,12.74,26.63,0.0,0.0,0.0,safe
7,210,18_14,18,14,13.2427,80.3507,244.41,47.66,True,31.77,47.78,33.16,31.77,33.73157974168969,2.7312436616397857,68.2,12.74,26.63,0.0,7.101579741689694,0.0,safe
8,240,18_14,18,14,13.2427,80.3507,237.95,49.08,True,48.03,65.15,48.63,48.03,46.374237310598026,3.197162413353843,62.8,12.74,26.63,0.0,19.744237310598027,2.55,low
9,270,18_14,18,14,13.2427,80.3507,224.33,51.72,True,63.91,74.59,65.43,63.91,65.82536404315593,2.6521636190577,69.1,12.74,26.63,0.0,39.195364043155934,9.18,moderate
10,300,18_14,18,14,13.2427,80.3507,217.51,53.88,True,79.38,80.71,77.53,79.38,77.70532850879168,2.874890198111227,66.6,12.74,26.63,0.0,51.075328508791685,18.3,high
11,330,18_14,18,14,13.2427,80.3507,209.26,52.61,True,84.79,57.56,86.76,84.79,84.61282177501262,2.893795851892305,66.3,12.74,26.63,0.0,57.982821775012624,28.88,high
0,0,18_15,18,15,13.2427,80.3707,263.11,-9.78,False,,8.64,0.0,0.0,0.0,0.0,99.0,12.82,27.26,0.4571470332962093,0.0,0.0,safe
1,30,18_15,18,15,13.2427,80.3707,265.17,24.18,False,,0.27,1.13,2.77,1.1632105103290975,0.1253079688226028,98.5,12.82,27.26,0.4571470332962093,0.0,0.0,safe
2,60,18_15,18,15,13.2427,80.3707,259.36,9.83,False,,17.6,0.2,1.15,0.1887014484126986,0.0325132341602937,99.0,12.82,27.26,0.4571470332962093,0.0,0.0,safe
3,90,18_15,18,15,13.2427,80.3707,262.32,25.68,False,,11.52,1.69,0.63,1.63492081751524,0.1591891686599606,98.1,12.82,27.26,0.4571470332962093,0.0,0.0,safe
4,120,18_15,18,15,13.2427,80.3707,252.66,32.03,False,,35.11,4.26,6.44,4.101624740645304,0.3794451487706518,95.6,12.82,27.26,0.4571470332962093,0.0,0.0,safe
5,150,18_15,18,15,13.2427,80.3707,254.03,41.34,False,,13.48,9.16,12.28,10.702342373597135,2.0284852784305536,76.4,12.82,27.26,0.4571470332962093,0.0,0.0,safe
6,180,18_15,18,15,13.2427,80.3707,250.39,41.96,False,,31.42,18.27,21.02,17.44788076872651,1.424851966938818,83.4,12.82,27.26,0.4571470332962093,0.0,0.0,safe
7,210,18_15,18,15,13.2427,80.3707,247.06,46.66,False,,38.09,28.75,31.77,29.99715469837775,2.828841480435506,67.1,12.82,27.26,0.4571470332962093,2.737154698377747,0.0,safe
8,240,18_15,18,15,13.2427,80.3707,241.31,49.02,False,,56.24,43.34,48.03,41.29569688270327,3.1406815204856096,63.5,12.82,27.26,0.4571470332962093,14.035696882703267,1.68,low
9,270,18_15,18,15,13.2427,80.3707,224.09,50.84,False,,64.48,59.8,63.91,60.609909001097655,1.940248785165587,77.4,12.82,27.26,0.4571470332962093,33.34990900109766,7.89,moderate
10,300,18_15,18,15,13.2427,80.3707,219.94,52.32,False,,80.83,74.07,79.38,73.17666476216695,2.778436570091598,67.7,12.82,27.26,0.4571470332962093,45.916664762166945,17.03,high
11,330,18_15,18,15,13.2427,80.3707,214.38,53.82,False,,56.78,83.66,84.79,83.28068430118198,1.422353424611016,83.5,12.82,27.26,0.4571470332962093,56.02068430118197,28.54,high
0,0,18_16,18,16,13.2427,80.3907,261.24,-10.3,True,0.19,23.82,0.0,0.19,0.0,0.0,99.0,13.33,28.0,0.3792748535803554,0.0,0.0,safe
1,30,18_16,18,16,13.2427,80.3907,258.42,23.71,True,0.89,2.31,1.19,0.89,1.2136119982075175,0.188012548375989,97.8,13.33,28.0,0.3792748535803554,0.0,0.0,safe
2,60,18_16,18,16,13.2427,80.3907,256.17,-8.58,True,0.0,10.3,0.0,0.0,0.0,0.0,99.0,13.33,28.0,0.3792748535803554,0.0,0.0,safe
3,90,18_16,18,16,13.2427,80.3907,263.63,11.86,True,0.0,19.6,0.25,0.0,0.231275,0.0261246889933641,99.0,13.33,28.0,0.3792748535803554,0.0,0.0,safe
4,120,18_16,18,16,13.2427,80.3907,257.28,24.55,True,1.75,14.95,1.66,1.75,1.5331678285119703,0.1828096540873429,97.9,13.33,28.0,0.3792748535803554,0.0,0.0,safe
5,150,18_16,18,16,13.2427,80.3907,255.88,35.03,True,5.26,21.2,5.93,5.26,5.867033637528806,0.4157785842117967,95.2,13.33,28.0,0.3792748535803554,0.0,0.0,safe
6,180,18_16,18,16,13.2427,80.3907,252.02,42.19,True,13.14,41.08,13.26,13.14,14.332309778237397,1.7821745469969028,79.3,13.33,28.0,0.3792748535803554,0.0,0.0,safe
7,210,18_16,18,16,13.2427,80.3907,244.96,46.13,True,26.11,54.8,26.2,26.11,27.585014490890497,2.5600807689732563,70.2,13.33,28.0,0.3792748535803554,0.0,0.0,safe
8,240,18_16,18,16,13.2427,80.3907,239.28,48.28,True,36.02,66.1,36.26,36.02,37.97100738373017,2.805583066826869,67.4,13.33,28.0,0.3792748535803554,9.971007383730168,0.69,low
9,270,18_16,18,16,13.2427,80.3907,230.58,52.88,True,52.7,61.59,53.14,52.7,54.32300332216531,3.77203305169746,56.1,13.33,28.0,0.3792748535803554,26.323003322165313,5.14,moderate
10,300,18_16,18,16,13.2427,80.3907,225.6,50.19,True,63.75,56.26,64.79,63.75,60.72592773405544,3.5329301132316977,58.9,13.33,28.0,0.3792748535803554,32.72592773405544,11.07,moderate
11,330,18_16,18,16,13.2427,80.3907,219.87,53.45,True,78.92,70.61,78.85,78.92,76.44236997459716,3.7564902967976734,56.3,13.33,28.0,0.3792748535803554,48.442369974597156,20.61,high
0,0,18_17,18,17,13.2427,80.4107,263.37,-8.69,False,,10.69,0.0,0.19,0.0,0.0,99.0,15.04,28.82,0.0,0.0,0.0,safe
1,30,18_17,18,17,13.2427,80.4107,261.16,-8.68,False,,7.76,0.0,0.89,0.0,0.0,99.0,15.04,28.82,0.0,0.0,0.0,safe
2,60,18_17,18,17,13.2427,80.4107,259.4,24.3,False,,13.26,1.47,0.0,1.390680079629803,0.1103975234572993,98.7,15.04,28.82,0.0,0.0,0.0,safe
3,90,18_17,18,17,13.2427,80.4107,259.71,27.1,False,,15.77,1.57,0.0,1.7117809684387382,0.2714273907281058,96.8,15.04,28.82,0.0,0.0,0.0,safe
4,120,18_17,18,17,13.2427,80.4107,257.25,28.84,False,,9.05,2.49,1.75,2.344771346442409,0.1921339072372272,97.8,15.04,28.82,0.0,0.0,0.0,safe
5,150,18_17,18,17,13.2427,80.4107,255.87,35.42,False,,25.3,5.96,5.26,5.897619406332166,0.677261424271517,92.1,15.04,28.82,0.0,0.0,0.0,safe
6,180,18_17,18,17,13.2427,80.4107,252.04,38.04,False,,34.99,9.02,13.14,9.164011873594854,0.8025905235128313,90.7,15.04,28.82,0.0,0.0,0.0,safe
7,210,18_17,18,17,13.2427,80.4107,252.62,41.98,False,,44.93,17.13,26.11,17.132922840411094,1.0075005845116027,88.3,15.04,28.82,0.0,0.0,0.0,safe
8,240,18_17,18,17,13.2427,80.4107,242.11,49.0,False,,62.29,30.63,36.02,33.34707514714865,3.8977181795129354,54.7,15.04,28.82,0.0,4.527075147148651,0.0,safe
9,270,18_17,18,17,13.2427,80.4107,230.34,51.13,False,,50.81,48.03,52.7,51.25395967565715,3.783364511230533,56.0,15.04,28.82,0.0,22.43395967565715,3.11,low
10,300,18_17,18,17,13.2427,80.4107,227.74,52.81,False,,66.62,63.62,63.75,62.601918173053534,3.3826121456189884,60.6,15.04,28.82,0.0,33.78191817305353,8.61,moderate
11,330,18_17,18,17,13.2427,80.4107,218.51,54.56,False,,62.15,74.81,78.92,76.51762068119565,2.961003808516713,65.5,15.04,28.82,0.0,47.69762068119565,17.02,high
0,0,18_18,18,18,13.2427,80.4307,257.71,-8.68,False,,5.65,0.0,2.83,0.0,0.0,99.0,15.25,29.71,0.33181717535737754,0.0,0.0,safe
1,30,18_18,18,18,13.2427,80.4307,264.33,-8.92,False,,15.37,0.0,0.41,0.0,0.0,99.0,15.25,29.71,0.33181717535737754,0.0,0.0,safe
2,60,18_18,18,18,13.2427,80.4307,256.35,27.98,False,,3.33,1.75,1.61,1.9403057116763975,0.269849442834934,96.9,15.25,29.71,0.33181717535737754,0.0,0.0,safe
3,90,18_18,18,18,13.2427,80.4307,254.84,9.99,False,,0.0,0.16,1.37,0.1779174999999999,0.0304847639426466,99.0,15.25,29.71,0.33181717535737754,0.0,0.0,safe
4,120,18_18,18,18,13.2427,80.4307,257.05,3.48,False,,12.52,0.06,2.52,0.0686266666666666,0.0432557068810322,99.0,15.25,29.71,0.33181717535737754,0.0,0.0,safe
5,150,18_18,18,18,13.2427,80.4307,257.52,27.84,False,,30.37,1.75,10.31,2.1204091914204093,0.2365829929520858,97.2,15.25,29.71,0.33181717535737754,0.0,0.0,safe
6,180,18_18,18,18,13.2427,80.4307,257.81,36.81,False,,36.23,7.61,14.14,7.868842943372709,0.9218252921815248,89.3,15.25,29.71,0.33181717535737754,0.0,0.0,safe
7,210,18_18,18,18,13.2427,80.4307,251.51,43.0,False,,41.65,16.24,18.52,16.65805726228504,1.4855189705875866,82.7,15.25,29.71,0.33181717535737754,0.0,0.0,safe
8,240,18_18,18,18,13.2427,80.4307,247.81,44.28,False,,46.99,22.91,29.86,22.190852638597605,1.801842434463255,79.0,15.25,29.71,0.33181717535737754,0.0,0.0,safe
9,270,18_18,18,18,13.2427,80.4307,238.35,49.88,False,,63.26,42.27,45.42,42.841426095958894,2.214662427275317,74.2,15.25,29.71,0.33181717535737754,13.131426095958894,1.39,low
10,300,18_18,18,18,13.2427,80.4307,232.25,51.35,False,,55.34,51.63,59.6,52.41502438512427,2.961351596369969,65.5,15.25,29.71,0.33181717535737754,22.70502438512427,4.95,low
11,330,18_18,18,18,13.2427,80.4307,216.85,52.42,False,,61.56,68.05,64.52,70.48801613306226,3.2413690238742614,62.3,15.25,29.71,0.33181717535737754,40.77801613306226,12.62,moderate
0,0,18_19,18,19,13.2427,80.4507,257.78,30.06,False,,6.73,3.43,2.83,3.097623670845248,0.4543318682508294,94.7,16.2,30.65,0.0,0.0,0.0,safe
1,30,18_19,18,19,13.2427,80.4507,257.8,-9.55,False,,2.72,0.0,0.41,0.0,0.0,99.0,16.2,30.65,0.0,0.0,0.0,safe
2,60,18_19,18,19,13.2427,80.4507,258.08,-8.83,False,,2.85,0.0,1.61,0.0,0.0,99.0,16.2,30.65,0.0,0.0,0.0,safe
3,90,18_19,18,19,13.2427,80.4507,265.41,21.44,False,,6.4,0.76,1.37,0.7841808320152072,0.0792029163115297,99.0,16.2,30.65,0.0,0.0,0.0,safe
4,120,18_19,18,19,13.2427,80.4507,256.63,24.61,False,,9.63,1.07,2.52,1.2453096622464652,0.2291087516069456,97.3,16.2,30.65,0.0,0.0,0.0,safe
5,150,18_19,18,19,13.2427,80.4507,254.89,25.24,False,,17.24,1.34,10.31,1.3949913128538125,0.2177675661853689,97.5,16.2,30.65,0.0,0.0,0.0,safe
6,180,18_19,18,19,13.2427,80.4507,257.07,35.7,False,,21.61,6.13,14.14,6.366531959796072,0.7188794169285925,91.6,16.2,30.65,0.0,0.0,0.0,safe
7,210,18_19,18,19,13.2427,80.4507,257.03,39.16,False,,23.86,10.02,18.52,10.69901121756503,1.51662004553586,82.4,16.2,30.65,0.0,0.0,0.0,safe
8,240,18_19,18,19,13.2427,80.4507,250.01,43.88,False,,51.1,19.2,29.86,19.88520659977446,1.5384606268372054,82.1,16.2,30.65,0.0,0.0,0.0,safe
9,270,18_19,18,19,13.2427,80.4507,247.83,45.81,False,,51.63,29.53,45.42,28.640410256708247,2.4170093105247816,71.9,16.2,30.65,0.0,0.0,0.0,safe
10,300,18_19,18,19,13.2427,80.4507,234.25,48.57,False,,55.75,45.42,59.6,45.78716342237142,2.073070252675351,75.9,16.2,30.65,0.0,15.137163422371422,1.58,low
11,330,18_19,18,19,13.2427,80.4507,228.41,52.7,False,,68.3,54.79,64.52,57.491922315230056,4.165904775046453,51.5,16.2,30.65,0.0,26.841922315230057,5.62,moderate
0,0,19_0,19,0,13.2627,80.0707,257.44,26.92,False,,11.0,1.9,1.72,1.792677946376504,0.1905822956664155,97.8,16.21,32.49,0.0,0.0,0.0,safe
1,30,19_0,19,0,13.2627,80.0707,263.33,19.35,False,,9.09,0.59,0.0,0.5932152976190488,0.0434713839037305,99.0,16.21,32.49,0.0,0.0,0.0,safe
2,60,19_0,19,0,13.2627,80.0707,251.62,27.55,False,,17.93,1.78,0.85,1.878359059274472,0.2211621941491253,97.4,16.21,32.49,0.0,0.0,0.0,safe
3,90,19_0,19,0,13.2627,80.0707,261.42,23.59,False,,28.91,1.14,3.12,1.165751676415903,0.1018092647330034,98.8,16.21,32.49,0.0,0.0,0.0,safe
4,120,19_0,19,0,13.2627,80.0707,255.67,33.51,False,,4.57,5.28,3.38,4.726537868508532,0.6117402635666542,92.9,16.21,32.49,0.0,0.0,0.0,safe
5,150,19_0,19,0,13.2627,80.0707,254.91,31.67,False,,0.0,4.2,5.85,3.937779834279195,0.4083961358720229,95.2,16.21,32.49,0.0,0.0,0.0,safe
6,180,19_0,19,0,13.2627,80.0707,258.43,37.11,False,,14.25,7.16,9.07,7.2085653846116,0.5158541999035432,94.0,16.21,32.49,0.0,0.0,0.0,safe
7,210,19_0,19,0,13.2627,80.0707,257.33,38.92,False,,14.7,8.04,10.03,8.936018699588345,1.423298145727362,83.4,16.21,32.49,0.0,0.0,0.0,safe
8,240,19_0,19,0,13.2627,80.0707,257.75,36.14,False,,12.94,6.49,9.14,6.9345441754312365,0.8519132804092463,90.1,16.21,32.49,0.0,0.0,0.0,safe
9,270,19_0,19,0,13.2627,80.0707,256.95,34.05,False,,20.19,4.09,8.03,4.490815896638116,0.5494041272086067,93.6,16.21,32.49,0.0,0.0,0.0,safe
10,300,19_0,19,0,13.2627,80.0707,255.85,32.22,False,,11.37,3.52,6.49,3.643268265260256,0.3158889147389809,96.3,16.21,32.49,0.0,0.0,0.0,safe
11,330,19_0,19,0,13.2627,80.0707,262.12,27.51,False,,2.34,1.61,4.83,1.8068119672237235,0.2783686013045993,96.8,16.21,32.49,0.0,0.0,0.0,safe
0,0,19_1,19,1,13.2627,80.0907,256.0,27.79,True,1.72,7.94,1.84,1.72,1.956764684079167,0.2068909664017499,97.6,15.16,31.55,0.044235254985336425,0.0,0.0,safe
1,30,19_1,19,1,13.2627,80.0907,260.66,20.51,True,0.0,11.1,0.73,0.0,0.7249787883972755,0.0698641473238365,99.0,15.16,31.55,0.044235254985336425,0.0,0.0,safe
2,60,19_1,19,1,13.2627,80.0907,256.23,25.74,True,0.85,18.64,1.63,0.85,1.586044348382656,0.1860942842720374,97.8,15.16,31.55,0.044235254985336425,0.0,0.0,safe
3,90,19_1,19,1,13.2627,80.0907,253.82,33.68,True,3.12,15.88,4.05,3.12,4.375737106354844,0.5577782449255035,93.5,15.16,31.55,0.044235254985336425,0.0,0.0,safe
4,120,19_1,19,1,13.2627,80.0907,260.12,32.15,True,3.38,18.68,2.97,3.38,3.346689567138938,0.4472237250951895,94.8,15.16,31.55,0.044235254985336425,0.0,0.0,safe
5,150,19_1,19,1,13.2627,80.0907,255.43,38.04,True,5.85,10.11,7.79,5.85,8.15105862656081,0.8265135677059833,90.4,15.16,31.55,0.044235254985336425,0.0,0.0,safe
6,180,19_1,19,1,13.2627,80.0907,251.4,37.93,True,9.07,25.28,9.48,9.07,9.552024864382537,0.6726375985576046,92.2,15.16,31.55,0.044235254985336425,0.0,0.0,safe
7,210,19_1,19,1,13.2627,80.0907,247.26,38.25,True,10.03,15.51,9.09,10.03,10.274247735031537,0.8622602088654336,90.0,15.16,31.55,0.044235254985336425,0.0,0.0,safe
8,240,19_1,19,1,13.2627,80.0907,253.43,38.68,True,9.14,6.11,8.93,9.14,9.254482805018222,0.7118970277352782,91.7,15.16,31.55,0.044235254985336425,0.0,0.0,safe
9,270,19_1,19,1,13.2627,80.0907,258.75,34.85,True,8.03,0.0,7.07,8.03,6.46404916756763,0.6630621342671326,92.3,15.16,31.55,0.044235254985336425,0.0,0.0,safe
10,300,19_1,19,1,13.2627,80.0907,257.9,34.26,True,6.49,5.65,6.24,6.49,4.930847579102938,0.6974784304722168,91.9,15.16,31.55,0.044235254985336425,0.0,0.0,safe
11,330,19_1,19,1,13.2627,80.0907,258.64,33.46,True,4.83,0.0,4.06,4.83,4.2482562548135405,0.4047377100288493,95.3,15.16,31.55,0.044235254985336425,0.0,0.0,safe
0,0,19_2,19,2,13.2627,80.1107,260.86,23.87,True,0.57,19.62,1.32,0.57,1.2466981341248615,0.1340708650425711,98.4,14.44,30.65,0.0,0.0,0.0,safe
1,30,19_2,19,2,13.2627,80.1107,257.82,29.5,True,0.78,2.42,2.36,0.78,2.3826566509523355,0.2368658272856887,97.2,14.44,30.65,0.0,0.0,0.0,safe
2,60,19_2,19,2,13.2627,80.1107,258.98,11.82,True,0.71,13.94,0.18,0.71,0.1969091323953823,0.0253241795808187,99.0,14.44,30.65,0.0,0.0,0.0,safe
3,90,19_2,19,2,13.2627,80.1107,262.0,34.79,True,7.63,2.84,5.95,7.63,5.831158476783404,0.4230425063087807,95.1,14.44,30.65,0.0,0.0,0.0,safe
4,120,19_2,19,2,13.2627,80.1107,259.37,36.79,True,6.56,13.54,7.08,6.56,6.908724308519464,0.4892775839330193,94.3,14.44,30.65,0.0,0.0,0.0,safe
5,150,19_2,19,2,13.2627,80.1107,255.14,40.19,True,13.52,0.0,13.71,13.52,12.619757262982162,1.382226907466737,83.9,14.44,30.65,0.0,0.0,0.0,safe
6,180,19_2,19,2,13.2627,80.1107,253.61,41.31,True,14.3,10.74,14.06,14.3,13.72914470913613,1.088807963637522,87.3,14.44,30.65,0.0,0.0,0.0,safe
7,210,19_2,19,2,13.2627,80.1107,247.35,39.72,True,14.19,24.51,13.71,14.19,12.973959784154736,1.2384079138132404,85.6,14.44,30.65,0.0,0.0,0.0,safe
8,240,19_2,19,2,13.2627,80.1107,248.44,43.07,True,15.86,9.6,15.99,15.86,16.750807425334916,1.4386044769520698,83.3,14.44,30.65,0.0,0.0,0.0,safe
9,270,19_2,19,2,13.2627,80.1107,248.99,41.05,True,10.51,6.54,11.45,10.51,12.388094847341254,1.5401487346409406,82.1,14.44,30.65,0.0,0.0,0.0,safe
10,300,19_2,19,2,13.2627,80.1107,255.91,38.98,True,10.24,6.29,9.42,10.24,9.778040347747949,1.257889208446779,85.4,14.44,30.65,0.0,0.0,0.0,safe
11,330,19_2,19,2,13.2627,80.1107,256.24,34.85,True,5.97,13.83,6.71,5.97,6.092256413968935,0.6593524867432743,92.3,14.44,30.65,0.0,0.0,0.0,safe
0,0,19_3,19,3,13.2627,80.1307,262.96,16.63,False,,12.11,0.37,0.57,0.3879279730941573,0.0538312386028043,99.0,13.62,29.82,0.0,0.0,0.0,safe
1,30,19_3,19,3,13.2627,80.1307,265.41,30.08,False,,11.63,2.09,0.78,2.496576655056407,0.537908663918428,93.7,13.62,29.82,0.0,0.0,0.0,safe
2,60,19_3,19,3,13.2627,80.1307,257.32,27.31,False,,20.07,2.06,0.71,1.9002695400432896,0.2760917957118562,96.8,13.62,29.82,0.0,0.0,0.0,safe
3,90,19_3,19,3,13.2627,80.1307,254.36,34.24,False,,12.06,6.39,7.63,5.021571389806496,0.7078411442490524,91.8,13.62,29.82,0.0,0.0,0.0,safe
4,120,19_3,19,3,13.2627,80.1307,257.54,40.43,False,,23.55,9.32,6.56,11.274613430570524,1.458174670986433,83.0,13.62,29.82,0.0,0.0,0.0,safe
5,150,19_3,19,3,13.2627,80.1307,248.76,39.42,False,,20.17,12.53,13.52,12.42442965962622,0.7796160233591083,90.9,13.62,29.82,0.0,0.0,0.0,safe
6,180,19_3,19,3,13.2627,80.1307,249.07,42.6,False,,28.91,18.27,14.3,18.08064579303871,0.9128942911577816,89.4,13.62,29.82,0.0,0.0,0.0,safe
7,210,19_3,19,3,13.2627,80.1307,247.24,42.33,False,,20.22,18.59,14.19,17.880751756358634,1.3955069057943716,83.8,13.62,29.82,0.0,0.0,0.0,safe
8,240,19_3,19,3,13.2627,80.1307,250.37,42.88,False,,27.86,18.38,15.86,17.25229017122643,1.2200788800056916,85.8,13.62,29.82,0.0,0.0,0.0,safe
9,270,19_3,19,3,13.2627,80.1307,247.93,43.04,False,,12.55,16.66,10.51,17.410840925767516,1.577112736444821,81.7,13.62,29.82,0.0,0.0,0.0,safe
10,300,19_3,19,3,13.2627,80.1307,254.56,40.57,False,,0.0,13.39,10.24,12.589483370529228,1.3857231710342717,83.9,13.62,29.82,0.0,0.0,0.0,safe
11,330,19_3,19,3,13.2627,80.1307,253.84,41.21,False,,3.96,11.22,5.97,12.021553392851995,1.2556385363408735,85.4,13.62,29.82,0.0,0.0,0.0,safe
0,0,19_4,19,4,13.2627,80.1507,257.42,28.34,False,,16.1,2.01,0.5,1.9923985026851572,0.1515228282620799,98.2,12.26,29.06,0.5903793661186878,0.0,0.0,safe
1,30,19_4,19,4,13.2627,80.1507,257.94,20.48,False,,8.07,0.78,2.38,0.7336425506766627,0.0868144047407644,99.0,12.26,29.06,0.5903793661186878,0.0,0.0,safe
2,60,19_4,19,4,13.2627,80.1507,258.02,30.55,False,,16.04,3.25,2.08,3.0832780184396773,0.3158073659064115,96.3,12.26,29.06,0.5903793661186878,0.0,0.0,safe
3,90,19_4,19,4,13.2627,80.1507,259.41,33.42,False,,29.91,5.02,4.89,4.831698599726497,0.3665750262269495,95.7,12.26,29.06,0.5903793661186878,0.0,0.0,safe
4,120,19_4,19,4,13.2627,80.1507,252.09,38.24,False,,12.51,10.14,9.6,9.932583694564393,0.5694102017705021,93.4,12.26,29.06,0.5903793661186878,0.0,0.0,safe
5,150,19_4,19,4,13.2627,80.1507,250.12,40.3,False,,20.83,13.52,16.43,13.953899561199892,0.9689054318284585,88.7,12.26,29.06,0.5903793661186878,0.0,0.0,safe
6,180,19_4,19,4,13.2627,80.1507,251.67,40.77,False,,22.96,15.83,18.89,15.23913353354054,1.4198305355081453,83.5,12.26,29.06,0.5903793661186878,0.0,0.0,safe
7,210,19_4,19,4,13.2627,80.1507,249.15,42.99,False,,18.34,19.61,22.65,18.74731629019301,1.5656031526045306,81.8,12.26,29.06,0.5903793661186878,0.0,0.0,safe
8,240,19_4,19,4,13.2627,80.1507,246.66,43.73,False,,26.23,24.75,31.98,23.29893568092038,2.528068249899833,70.6,12.26,29.06,0.5903793661186878,0.0,0.0,safe
9,270,19_4,19,4,13.2627,80.1507,254.97,44.2,False,,13.43,20.49,25.3,21.44006480190836,2.369075801275419,72.4,12.26,29.06,0.5903793661186878,0.0,0.0,safe
10,300,19_4,19,4,13.2627,80.1507,245.48,42.91,False,,10.87,19.79,25.68,19.15102220754718,1.4993954570661194,82.6,12.26,29.06,0.5903793661186878,0.0,0.0,safe
11,330,19_4,19,4,13.2627,80.1507,250.52,44.12,False,,0.81,15.34,18.33,19.78067828433023,2.7076569411835623,68.5,12.26,29.06,0.5903793661186878,0.0,0.0,safe
0,0,19_5,19,5,13.2627,80.1707,257.15,21.57,True,0.5,6.33,0.72,0.5,0.8002115804538596,0.1148771555012822,98.7,12.44,28.38,0.0,0.0,0.0,safe
1,30,19_5,19,5,13.2627,80.1707,257.76,21.44,True,2.38,11.0,0.79,2.38,0.797987507949782,0.0568959205567054,99.0,12.44,28.38,0.0,0.0,0.0,safe
2,60,19_5,19,5,13.2627,80.1707,261.21,30.72,True,2.08,4.14,2.33,2.08,2.6382166837274683,0.4434361072790308,94.8,12.44,28.38,0.0,0.0,0.0,safe
3,90,19_5,19,5,13.2627,80.1707,257.6,33.78,True,4.89,9.94,4.85,4.89,4.8136612558081024,0.2969548305873482,96.5,12.44,28.38,0.0,0.0,0.0,safe
4,120,19_5,19,5,13.2627,80.1707,254.17,39.73,True,9.6,16.68,10.44,9.6,10.839807452554783,1.077117269322862,87.5,12.44,28.38,0.0,0.0,0.0,safe
5,150,19_5,19,5,13.2627,80.1707,251.01,40.32,True,16.43,24.57,15.56,16.43,14.70643656053419,1.0034773700895054,88.3,12.44,28.38,0.0,0.0,0.0,safe
6,180,19_5,19,5,13.2627,80.1707,249.6,42.2,True,18.89,32.16,19.22,18.89,17.75620550770691,1.955677426509324,77.2,12.44,28.38,0.0,0.0,0.0,safe
7,210,19_5,19,5,13.2627,80.1707,245.83,45.13,True,22.65,19.65,22.75,22.65,24.52508936826729,2.394939016551972,72.1,12.44,28.38,0.0,0.0,0.0,safe
8,240,19_5,19,5,13.2627,80.1707,240.42,48.25,True,31.98,22.36,29.95,31.98,33.65495313810255,4.634714111591446,50.0,12.44,28.38,0.0,5.27495313810255,0.0,safe
9,270,19_5,19,5,13.2627,80.1707,245.19,44.85,True,25.3,25.6,26.99,25.3,26.144426910957375,1.6606952790974134,80.7,12.44,28.38,0.0,0.0,0.0,safe
10,300,19_5,19,5,13.2627,80.1707,248.99,44.17,True,25.68,19.4,26.11,25.68,24.35057146257056,2.4364423253988337,71.7,12.44,28.38,0.0,0.0,0.0,safe
11,330,19_5,19,5,13.2627,80.1707,248.31,40.76,True,18.33,15.11,17.96,18.33,16.938930380175385,1.8107271958057296,78.9,12.44,28.38,0.0,0.0,0.0,safe
0,0,19_6,19,6,13.2627,80.1907,265.19,24.97,False,,6.94,1.47,0.5,1.4574548532128235,0.0821507985577658,99.0,12.66,27.8,0.0,0.0,0.0,safe
1,30,19_6,19,6,13.2627,80.1907,259.8,31.56,False,,19.26,3.6,2.38,3.589789498529872,0.3193387925731698,96.3,12.66,27.8,0.0,0.0,0.0,safe
2,60,19_6,19,6,13.2627,80.1907,259.32,30.96,False,,18.85,2.65,2.08,2.9740811890891274,0.4379639539739264,94.9,12.66,27.8,0.0,0.0,0.0,safe
3,90,19_6,19,6,13.2627,80.1907,255.58,33.78,False,,22.7,5.04,4.89,4.728870186212294,0.5317887684730107,93.8,12.66,27.8,0.0,0.0,0.0,safe
4,120,19_6,19,6,13.2627,80.1907,253.7,38.24,False,,21.09,10.38,9.6,9.73331831019432,0.6439263223151915,92.5,12.66,27.8,0.0,0.0,0.0,safe
5,150,19_6,19,6,13.2627,80.1907,249.2,41.42,False,,29.19,15.03,16.43,15.112887777062966,1.15243592906854,86.6,12.66,27.8,0.0,0.0,0.0,safe
6,180,19_6,19,6,13.2627,80.1907,248.44,45.22,False,,30.79,23.51,18.89,24.934727382022253,1.56845082161676,81.8,12.66,27.8,0.0,0.0,0.0,safe
7,210,19_6,19,6,13.2627,80.1907,239.03,45.58,False,,41.42,26.94,22.65,28.166515743325267,2.4593006524434005,71.4,12.66,27.8,0.0,0.36651574332526593,0.0,safe
8,240,19_6,19,6,13.2627,80.1907,243.68,47.56,False,,46.43,33.98,31.98,34.229647219236114,3.2797978747407446,61.8,12.66,27.8,0.0,6.429647219236113,0.0,safe
9,270,19_6,19,6,13.2627,80.1907,246.83,46.44,False,,34.98,32.82,25.3,30.84792823014132,2.9915894533556315,65.2,12.66,27.8,0.0,3.04792823014132,0.0,safe
10,300,19_6,19,6,13.2627,80.1907,243.42,46.87,False,,25.46,33.34,25.68,31.96858128469341,2.3062798475230286,73.2,12.66,27.8,0.0,4.16858128469341,0.0,safe
11,330,19_6,19,6,13.2627,80.1907,238.35,45.53,False,,0.46,29.23,18.33,28.890282418031997,2.199451150716489,74.4,12.66,27.8,0.0,1.0902824180319968,0.0,safe
0,0,19_7,19,7,13.2627,80.2107,263.73,-10.91,False,,15.63,0.0,0.5,0.0,0.0,99.0,11.0,27.33,0.0,0.0,0.0,safe
1,30,19_7,19,7,13.2627,80.2107,260.55,21.53,False,,3.56,0.81,2.38,0.7926912170184908,0.0646167010624719,99.0,11.0,27.33,0.0,0.0,0.0,safe
2,60,19_7,19,7,13.2627,80.2107,255.3,24.22,False,,0.0,1.01,2.08,1.2846679375292571,0.2223510537151868,97.4,11.0,27.33,0.0,0.0,0.0,safe
3,90,19_7,19,7,13.2627,80.2107,257.96,34.24,False,,12.7,4.9,4.89,4.870111113690806,0.4382633135924588,94.9,11.0,27.33,0.0,0.0,0.0,safe
4,120,19_7,19,7,13.2627,80.2107,249.77,41.43,False,,27.85,12.34,9.6,13.477561303826205,1.575180318014222,81.7,11.0,27.33,0.0,0.0,0.0,safe
5,150,19_7,19,7,13.2627,80.2107,246.22,42.36,False,,28.37,15.19,16.43,16.635300411268798,1.773709498563827,79.4,11.0,27.33,0.0,0.0,0.0,safe
6,180,19_7,19,7,13.2627,80.2107,246.42,43.69,False,,34.17,24.69,18.89,22.54053391083148,2.727610630897669,68.3,11.0,27.33,0.0,0.0,0.0,safe
7,210,19_7,19,7,13.2627,80.2107,242.69,45.64,False,,52.45,31.69,22.65,30.488992274044055,2.1112405373513723,75.4,11.0,27.33,0.0,3.1589922740440564,0.0,safe
8,240,19_7,19,7,13.2627,80.2107,240.13,49.66,False,,44.74,36.05,31.98,38.73784478100659,4.084658562889564,52.5,11.0,27.33,0.0,11.407844781006588,0.8,low
9,270,19_7,19,7,13.2627,80.2107,239.74,49.13,False,,29.51,39.97,25.3,38.76908942797932,3.329439891219512,61.3,11.0,27.33,0.0,11.439089427979319,1.6,low
10,300,19_7,19,7,13.2627,80.2107,240.65,50.05,False,,21.36,40.51,25.68,41.21492668622617,4.140040778355051,51.8,11.0,27.33,0.0,13.884926686226173,2.91,low
11,330,19_7,19,7,13.2627,80.2107,243.14,48.89,False,,10.9,37.66,18.33,35.50978720170525,3.876928822160034,54.9,11.0,27.33,0.0,8.179787201705253,3.03,low
0,0,19_8,19,8,13.2627,80.2307,261.97,-8.55,False,,0.58,0.0,0.5,0.0,0.0,99.0,9.57,26.99,0.0,0.0,0.0,safe
1,30,19_8,19,8,13.2627,80.2307,261.71,-10.71,False,,4.2,0.0,2.38,0.0,0.0,99.0,9.57,26.99,0.0,0.0,0.0,safe
2,60,19_8,19,8,13.2627,80.2307,261.44,17.16,False,,9.07,0.46,2.08,0.4469988532597433,0.0453487880782979,99.0,9.57,26.99,0.0,0.0,0.0,safe
3,90,19_8,19,8,13.2627,80.2307,255.13,34.5,False,,25.35,5.61,4.89,5.482032361846064,0.456755176719625,94.7,9.57,26.99,0.0,0.0,0.0,safe
4,120,19_8,19,8,13.2627,80.2307,251.06,37.35,False,,26.78,9.83,9.6,8.916584872945819,1.0972837836432063,87.2,9.57,26.99,0.0,0.0,0.0,safe
5,150,19_8,19,8,13.2627,80.2307,251.08,41.92,False,,26.32,16.11,16.43,16.104706825509613,1.0542818496821396,87.7,9.57,26.99,0.0,0.0,0.0,safe
6,180,19_8,19,8,13.2627,80.2307,249.11,45.61,False,,30.2,27.02,18.89,25.9577654032789,1.433060081806639,83.3,9.57,26.99,0.0,0.0,0.0,safe
7,210,19_8,19,8,13.2627,80.2307,239.45,48.61,False,,31.73,33.79,22.65,34.943046283268245,2.87053953536115,66.6,9.57,26.99,0.0,7.953046283268247,0.07,low
8,240,19_8,19,8,13.2627,80.2307,239.34,47.59,False,,46.44,40.58,31.98,38.09755340179884,5.393651027063896,50.0,9.57,26.99,0.0,11.107553401798842,0.8,low
9,270,19_8,19,8,13.2627,80.2307,238.74,49.43,False,,50.98,48.96,25.3,45.671877353846725,4.643540299297607,50.0,9.57,26.99,0.0,18.681877353846726,3.13,low
10,300,19_8,19,8,13.2627,80.2307,230.09,50.91,False,,35.28,47.66,25.68,49.07016550362509,3.818756162190777,55.6,9.57,26.99,0.0,22.080165503625093,6.16,moderate
11,330,19_8,19,8,13.2627,80.2307,231.01,49.66,False,,33.44,43.44,18.33,45.94444373183418,3.965023095236933,53.9,9.57,26.99,0.0,18.95444373183418,8.54,moderate
0,0,19_9,19,9,13.2627,80.2507,261.48,-7.29,False,,0.0,0.0,0.11,0.0,0.0,99.0,7.8,26.77,0.0,0.0,0.0,safe
1,30,19_9,19,9,13.2627,80.2507,254.83,23.74,False,,13.46,1.12,1.08,1.2272934032570726,0.204440630766066,97.6,7.8,26.77,0.0,0.0,0.0,safe
2,60,19_9,19,9,13.2627,80.2507,255.48,25.13,False,,25.75,1.55,0.04,1.4932088131996812,0.1306190872262823,98.5,7.8,26.77,0.0,0.0,0.0,safe
3,90,19_9,19,9,13.2627,80.2507,254.05,33.44,False,,13.2,3.82,1.2,4.347636668439268,0.4548918866465636,94.7,7.8,26.77,0.0,0.0,0.0,safe
4,120,19_9,19,9,13.2627,80.2507,260.13,38.84,False,,22.94,10.4,3.69,9.763095566864692,1.0366331966452755,87.9,7.8,26.77,0.0,0.0,0.0,safe
5,150,19_9,19,9,13.2627,80.2507,256.69,42.65,False,,40.85,15.57,11.35,14.45041235757433,1.5986196699065776,81.4,7.8,26.77,0.0,0.0,0.0,safe
6,180,19_9,19,9,13.2627,80.2507,252.68,44.66,False,,45.37,25.96,23.56,24.00484520010729,2.6671837807562837,69.0,7.8,26.77,0.0,0.0,0.0,safe
7,210,19_9,19,9,13.2627,80.2507,237.64,47.61,False,,62.07,37.74,34.4,41.27627967759727,3.972315345922899,53.8,7.8,26.77,0.0,14.506279677597274,1.45,low
8,240,19_9,19,9,13.2627,80.2507,233.59,50.38,False,,50.49,47.65,46.74,47.79112210852298,2.367337667913962,72.5,7.8,26.77,0.0,21.021122108522977,4.26,low
9,270,19_9,19,9,13.2627,80.2507,229.29,50.02,False,,45.86,52.36,61.88,54.2395107287053,2.226635569951215,74.1,7.8,26.77,0.0,27.4695107287053,8.43,moderate
10,300,19_9,19,9,13.2627,80.2507,228.3,51.09,False,,35.43,57.88,72.32,57.97526196358135,2.514668892732951,70.7,7.8,26.77,0.0,31.205261963581354,13.38,moderate
11,330,19_9,19,9,13.2627,80.2507,230.4,51.06,False,,38.01,56.4,71.09,55.9957287308403,3.6379881275946144,57.7,7.8,26.77,0.0,29.2257287308403,17.92,high
0,0,19_10,19,10,13.2627,80.2707,260.52,-8.11,False,,4.96,0.0,0.11,0.0,0.0,99.0,6.47,26.7,0.9706961151713642,0.0,0.0,safe
1,30,19_10,19,10,13.2627,80.2707,258.45,11.43,False,,2.06,0.17,1.08,0.1909941323953825,0.0198988049448826,99.0,6.47,26.7,0.9706961151713642,0.0,0.0,safe
2,60,19_10,19,10,13.2627,80.2707,258.89,28.79,False,,15.98,2.34,0.04,2.217598629165365,0.244966464245534,97.1,6.47,26.7,0.9706961151713642,0.0,0.0,safe
3,90,19_10,19,10,13.2627,80.2707,258.67,33.96,False,,15.28,4.53,1.2,4.699041516968167,0.3062910427037531,96.4,6.47,26.7,0.9706961151713642,0.0,0.0,safe
4,120,19_10,19,10,13.2627,80.2707,257.0,36.96,False,,12.95,8.17,3.69,7.68768319341772,0.6637797194084963,92.3,6.47,26.7,0.9706961151713642,0.0,0.0,safe
5,150,19_10,19,10,13.2627,80.2707,250.05,41.52,False,,27.45,16.34,11.35,15.46831174351481,1.4292650393678965,83.4,6.47,26.7,0.9706961151713642,0.0,0.0,safe
6,180,19_10,19,10,13.2627,80.2707,247.94,45.04,False,,36.29,24.82,23.56,24.38451677299624,1.9053856277953007,77.8,6.47,26.7,0.9706961151713642,0.0,0.0,safe
7,210,19_10,19,10,13.2627,80.2707,237.64,45.62,False,,61.32,33.62,34.4,33.64914441017309,2.1799751055690533,74.6,6.47,26.7,0.9706961151713642,6.949144410173094,0.21,low
8,240,19_10,19,10,13.2627,80.2707,237.85,48.79,False,,54.51,48.13,46.74,44.09809431895327,4.422020901842287,50.0,6.47,26.7,0.9706961151713642,17.398094318953273,3.15,low
9,270,19_10,19,10,13.2627,80.2707,230.53,51.51,False,,65.18,60.31,61.88,57.146469345105416,4.044216151660255,52.9,6.47,26.7,0.9706961151713642,30.446469345105417,9.5,moderate
10,300,19_10,19,10,13.2627,80.2707,227.97,52.91,False,,45.16,61.88,72.32,62.68395367615221,2.8636079062568767,66.7,6.47,26.7,0.9706961151713642,35.98395367615221,17.29,high
11,330,19_10,19,10,13.2627,80.2707,226.19,49.11,False,,18.94,62.63,71.09,60.71836744047605,4.659181254266686,50.0,6.47,26.7,0.9706961151713642,34.018367440476055,24.57,high
0,0,19_11,19,11,13.2627,80.2907,261.99,-8.45,True,0.11,15.32,0.0,0.11,0.0,0.0,99.0,8.09,26.77,0.0,0.0,0.0,safe
1,30,19_11,19,11,13.2627,80.2907,255.7,-11.09,True,1.08,0.0,0.0,1.08,0.0,0.0,99.0,8.09,26.77,0.0,0.0,0.0,safe
2,60,19_11,19,11,13.2627,80.2907,258.24,30.34,True,0.04,18.75,2.5,0.04,2.718661177928537,0.3334392297080056,96.1,8.09,26.77,0.0,0.0,0.0,safe
3,90,19_11,19,11,13.2627,80.2907,259.3,18.74,True,1.2,13.29,0.51,1.2,0.5451267987567991,0.0456384646668064,99.0,8.09,26.77,0.0,0.0,0.0,safe
4,120,19_11,19,11,13.2627,80.2907,256.05,31.99,True,3.69,39.4,4.31,3.69,3.938359789546921,0.4627664024688589,94.6,8.09,26.77,0.0,0.0,0.0,safe
5,150,19_11,19,11,13.2627,80.2907,253.71,41.08,True,11.35,29.73,12.65,11.35,12.41598718213807,0.8132277574733292,90.5,8.09,26.77,0.0,0.0,0.0,safe
6,180,19_11,19,11,13.2627,80.2907,249.09,44.59,True,23.56,32.07,23.28,23.56,23.160668193037683,1.5709700321648938,81.7,8.09,26.77,0.0,0.0,0.0,safe
7,210,19_11,19,11,13.2627,80.2907,243.21,47.32,True,34.4,56.93,35.05,34.4,34.33586075109678,1.4423847366645413,83.2,8.09,26.77,0.0,7.565860751096782,0.0,safe
8,240,19_11,19,11,13.2627,80.2907,230.53,49.91,True,46.74,49.79,47.81,46.74,50.592293772219634,3.3024319531867588,61.6,8.09,26.77,0.0,23.822293772219634,3.4,low
9,270,19_11,19,11,13.2627,80.2907,229.48,53.09,True,61.88,66.31,61.24,61.88,60.83415796795062,2.6887261555129243,68.7,8.09,26.77,0.0,34.06415796795062,8.96,moderate
10,300,19_11,19,11,13.2627,80.2907,223.1,53.85,True,72.32,64.14,70.25,72.32,70.55132766018706,2.030937603056373,76.4,8.09,26.77,0.0,43.78132766018706,16.55,high
11,330,19_11,19,11,13.2627,80.2907,217.76,53.58,True,71.09,53.76,69.57,71.09,72.8538947640889,3.449688698295071,59.9,8.09,26.77,0.0,46.08389476408891,24.63,high
0,0,19_12,19,12,13.2627,80.3107,262.24,-10.61,False,,5.74,0.0,0.11,0.0,0.0,99.0,9.19,26.99,0.5188525949528113,0.0,0.0,safe
1,30,19_12,19,12,13.2627,80.3107,257.43,-9.13,False,,0.0,0.0,1.08,0.0,0.0,99.0,9.19,26.99,0.5188525949528113,0.0,0.0,safe
2,60,19_12,19,12,13.2627,80.3107,257.79,16.43,False,,13.11,0.47,0.04,0.4170433077161057,0.0449349975458172,99.0,9.19,26.99,0.5188525949528113,0.0,0.0,safe
3,90,19_12,19,12,13.2627,80.3107,259.25,31.68,False,,10.04,3.47,1.2,3.566532484785518,0.3719218021457257,95.7,9.19,26.99,0.5188525949528113,0.0,0.0,safe
4,120,19_12,19,12,13.2627,80.3107,258.93,34.39,False,,21.43,4.24,3.69,4.49455715295404,0.4123653150387267,95.2,9.19,26.99,0.5188525949528113,0.0,0.0,safe
5,150,19_12,19,12,13.2627,80.3107,251.54,40.67,False,,36.57,11.2,11.35,12.017775093918878,1.005142524699277,88.3,9.19,26.99,0.5188525949528113,0.0,0.0,safe
6,180,19_12,19,12,13.2627,80.3107,250.02,44.0,False,,39.42,19.13,23.56,20.02942990898721,2.327595939861602,72.9,9.19,26.99,0.5188525949528113,0.0,0.0,safe
7,210,19_12,19,12,13.2627,80.3107,244.25,47.04,False,,59.19,32.43,34.4,32.958045396355914,1.3187819360097384,84.7,9.19,26.99,0.5188525949528113,5.968045396355915,0.0,safe
8,240,19_12,19,12,13.2627,80.3107,235.49,49.33,False,,51.91,47.33,46.74,47.391716695862485,2.274601950556696,73.5,9.19,26.99,0.5188525949528113,20.401716695862486,3.24,low
9,270,19_12,19,12,13.2627,80.3107,222.85,52.23,False,,79.09,63.63,61.88,66.65660920421645,3.432505546737647,60.1,9.19,26.99,0.5188525949528113,39.666609204216456,11.05,moderate
10,300,19_12,19,12,13.2627,80.3107,223.95,53.47,False,,59.85,72.35,72.32,71.66183690802262,2.361008481018477,72.5,9.19,26.99,0.5188525949528113,44.67183690802263,20.05,high
11,330,19_12,19,12,13.2627,80.3107,218.7,53.29,False,,46.09,75.71,71.09,74.89064126119747,2.760419809221299,67.9,9.19,26.99,0.5188525949528113,47.90064126119748,29.81,high
0,0,19_13,19,13,13.2627,80.3307,257.21,-9.1,False,,13.27,0.0,0.0,0.0,0.0,99.0,11.28,27.33,0.11153619788947644,0.0,0.0,safe
1,30,19_13,19,13,13.2627,80.3307,255.6,22.72,False,,3.29,1.05,2.77,1.0780135127416706,0.1249686688891147,98.5,11.28,27.33,0.11153619788947644,0.0,0.0,safe
2,60,19_13,19,13,13.2627,80.3307,257.56,-9.16,False,,14.76,0.0,1.15,0.0,0.0,99.0,11.28,27.33,0.11153619788947644,0.0,0.0,safe
3,90,19_13,19,13,13.2627,80.3307,259.72,28.89,False,,14.4,2.2,0.63,2.220116557380932,0.2448002850006324,97.2,11.28,27.33,0.11153619788947644,0.0,0.0,safe
4,120,19_13,19,13,13.2627,80.3307,257.88,30.62,False,,27.26,2.49,6.44,2.79375262496598,0.4279282933701437,95.0,11.28,27.33,0.11153619788947644,0.0,0.0,safe
5,150,19_13,19,13,13.2627,80.3307,251.5,36.54,False,,28.9,7.43,12.28,7.559384855600516,0.7899325671948209,90.8,11.28,27.33,0.11153619788947644,0.0,0.0,safe
6,180,19_13,19,13,13.2627,80.3307,251.31,43.42,False,,38.5,17.09,21.02,17.727030578894738,1.6147935573912755,81.2,11.28,27.33,0.11153619788947644,0.0,0.0,safe
7,210,19_13,19,13,13.2627,80.3307,243.8,47.59,False,,62.84,29.53,31.77,35.066008733536,4.41407186153288,50.0,11.28,27.33,0.11153619788947644,7.7360087335360035,0.07,low
8,240,19_13,19,13,13.2627,80.3307,235.9,50.33,False,,57.16,48.49,48.03,47.952417135092574,1.865932756766532,78.3,11.28,27.33,0.11153619788947644,20.622417135092576,2.92,low
9,270,19_13,19,13,13.2627,80.3307,226.7,51.86,False,,65.42,60.95,63.91,61.97240858854902,3.1993441800432296,62.8,11.28,27.33,0.11153619788947644,34.642408588549024,8.8,moderate
10,300,19_13,19,13,13.2627,80.3307,224.64,53.0,False,,60.36,74.17,79.38,72.63912668007919,3.3381091109768533,61.2,11.28,27.33,0.11153619788947644,45.30912668007919,16.98,high
11,330,19_13,19,13,13.2627,80.3307,217.39,53.99,False,,52.55,79.31,84.79,80.83331163239922,2.936545044532055,65.8,11.28,27.33,0.11153619788947644,53.50331163239922,26.93,high
0,0,19_14,19,14,13.2627,80.3507,260.19,-7.68,False,,2.12,0.0,0.0,0.0,0.0,99.0,12.7,27.8,0.1057226658890027,0.0,0.0,safe
1,30,19_14,19,14,13.2627,80.3507,263.42,-6.49,False,,0.0,0.0,2.77,0.0,0.0,99.0,12.7,27.8,0.1057226658890027,0.0,0.0,safe
2,60,19_14,19,14,13.2627,80.3507,262.22,-9.6,False,,3.69,0.0,1.15,0.0,0.0,99.0,12.7,27.8,0.1057226658890027,0.0,0.0,safe
3,90,19_14,19,14,13.2627,80.3507,257.79,31.25,False,,23.94,3.87,0.63,3.633649913838541,0.3867181085545987,95.5,12.7,27.8,0.1057226658890027,0.0,0.0,safe
4,120,19_14,19,14,13.2627,80.3507,257.92,36.06,False,,16.97,5.31,6.44,5.97477960900878,0.7689567422910982,91.1,12.7,27.8,0.1057226658890027,0.0,0.0,safe
5,150,19_14,19,14,13.2627,80.3507,251.88,37.27,False,,27.4,9.23,12.28,8.759444462332208,0.8218097378330431,90.4,12.7,27.8,0.1057226658890027,0.0,0.0,safe
6,180,19_14,19,14,13.2627,80.3507,253.67,41.3,False,,45.26,12.97,21.02,13.74974016352307,1.953019615577834,77.3,12.7,27.8,0.1057226658890027,0.0,0.0,safe
7,210,19_14,19,14,13.2627,80.3507,245.51,46.04,False,,43.81,28.43,31.77,28.94652830855995,3.6788464526065634,57.2,12.7,27.8,0.1057226658890027,1.146528308559951,0.0,safe
8,240,19_14,19,14,13.2627,80.3507,244.48,48.31,False,,61.21,39.79,48.03,37.55386262355698,4.39374083581618,50.0,12.7,27.8,0.1057226658890027,9.75386262355698,0.5,low
9,270,19_14,19,14,13.2627,80.3507,223.48,49.75,False,,57.19,58.21,63.91,59.35019463747973,1.796125379865937,79.1,12.7,27.8,0.1057226658890027,31.55019463747973,5.7,moderate
10,300,19_14,19,14,13.2627,80.3507,217.24,52.79,False,,80.93,69.38,79.38,72.10595565392926,3.999352052573117,53.5,12.7,27.8,0.1057226658890027,44.30595565392926,13.65,moderate
11,330,19_14,19,14,13.2627,80.3507,221.22,53.81,False,,70.91,81.21,84.79,80.54208830001855,3.1961432778290018,62.8,12.7,27.8,0.1057226658890027,52.74208830001855,23.42,high
0,0,19_15,19,15,13.2627,80.3707,259.46,-8.04,True,0.0,25.17,0.0,0.0,0.0,0.0,99.0,14.39,28.38,0.0,0.0,0.0,safe
1,30,19_15,19,15,13.2627,80.3707,254.6,-7.2,True,0.15,9.61,0.0,0.15,0.0008,0.0112853887837327,99.0,14.39,28.38,0.0,0.0,0.0,safe
2,60,19_15,19,15,13.2627,80.3707,260.16,29.87,True,1.3,1.15,2.5,1.3,2.565101567875924,0.3405630871460244,96.0,14.39,28.38,0.0,0.0,0.0,safe
3,90,19_15,19,15,13.2627,80.3707,258.16,-8.93,True,0.0,17.55,0.0,0.0,0.0,0.0,99.0,14.39,28.38,0.0,0.0,0.0,safe
4,120,19_15,19,15,13.2627,80.3707,259.38,32.54,True,1.67,9.68,3.73,1.67,3.902930775834849,0.3282974680150027,96.2,14.39,28.38,0.0,0.0,0.0,safe
5,150,19_15,19,15,13.2627,80.3707,259.9,35.26,True,7.06,14.51,5.47,7.06,5.574841126615819,0.3020830469177545,96.5,14.39,28.38,0.0,0.0,0.0,safe
6,180,19_15,19,15,13.2627,80.3707,252.45,40.86,True,14.93,43.03,13.89,14.93,13.652820831254983,0.9663553501138916,88.8,14.39,28.38,0.0,0.0,0.0,safe
7,210,19_15,19,15,13.2627,80.3707,248.59,46.29,True,25.87,44.98,25.69,25.87,26.89698622077045,2.5033217742541973,70.9,14.39,28.38,0.0,0.0,0.0,safe
8,240,19_15,19,15,13.2627,80.3707,240.79,48.87,True,38.15,60.88,38.11,38.15,37.98865829201336,4.606622440978705,50.0,14.39,28.38,0.0,9.608658292013363,0.42,low
9,270,19_15,19,15,13.2627,80.3707,230.88,52.62,True,55.2,72.32,54.87,55.2,54.78310068965639,2.779013482973203,67.7,14.39,28.38,0.0,26.403100689656394,4.36,low
10,300,19_15,19,15,13.2627,80.3707,218.64,51.44,True,68.2,80.75,68.32,68.2,70.5909267798216,3.829325988765447,55.4,14.39,28.38,0.0,42.210926779821605,11.63,moderate
11,330,19_15,19,15,13.2627,80.3707,208.86,53.44,True,82.57,71.64,81.89,82.57,82.43485593728205,2.021038816773828,76.5,14.39,28.38,0.0,54.054855937282056,21.38,high
0,0,19_16,19,16,13.2627,80.3907,257.62,24.05,True,1.96,12.99,1.31,1.96,1.2761691180896255,0.1277688623186058,98.5,14.58,29.06,0.0,0.0,0.0,safe
1,30,19_16,19,16,13.2627,80.3907,265.24,-9.04,True,0.0,8.39,0.0,0.0,0.0,0.0,99.0,14.58,29.06,0.0,0.0,0.0,safe
2,60,19_16,19,16,13.2627,80.3907,258.89,21.15,True,1.98,7.77,0.87,1.98,0.8391573049583293,0.069641023571252,99.0,14.58,29.06,0.0,0.0,0.0,safe
3,90,19_16,19,16,13.2627,80.3907,257.22,-8.01,True,0.0,5.43,0.0,0.0,0.0,0.0,99.0,14.58,29.06,0.0,0.0,0.0,safe
4,120,19_16,19,16,13.2627,80.3907,258.33,30.41,True,3.81,4.13,2.51,3.81,2.712392031628193,0.3545623690541192,95.9,14.58,29.06,0.0,0.0,0.0,safe
5,150,19_16,19,16,13.2627,80.3907,263.33,31.61,True,3.91,30.77,3.87,3.91,3.6674035839213,0.4018785335352093,95.3,14.58,29.06,0.0,0.0,0.0,safe
6,180,19_16,19,16,13.2627,80.3907,254.85,40.13,True,11.51,52.4,9.78,11.51,11.981051765557662,1.643120674546824,80.9,14.58,29.06,0.0,0.0,0.0,safe
7,210,19_16,19,16,13.2627,80.3907,250.11,42.11,True,19.25,39.78,18.51,19.25,17.677950021378926,1.6547421719424606,80.7,14.58,29.06,0.0,0.0,0.0,safe
8,240,19_16,19,16,13.2627,80.3907,240.51,47.26,True,31.28,76.41,31.73,31.28,33.04067790552774,2.754727790912159,67.9,14.58,29.06,0.0,3.980677905527738,0.0,safe
9,270,19_16,19,16,13.2627,80.3907,232.0,47.63,True,45.54,69.37,45.48,45.54,45.54126423260963,2.000305142282842,76.7,14.58,29.06,0.0,16.48126423260963,1.86,low
10,300,19_16,19,16,13.2627,80.3907,228.39,52.11,True,63.07,70.84,63.14,63.07,59.162285655500845,4.515833139881883,50.0,14.58,29.06,0.0,30.102285655500847,6.58,moderate
11,330,19_16,19,16,13.2627,80.3907,216.5,53.27,True,74.49,82.24,74.26,74.49,74.64741874739588,4.080141272168987,52.5,14.58,29.06,0.0,45.58741874739587,14.56,moderate
0,0,19_17,19,17,13.2627,80.4107,257.28,-10.07,False,,21.0,0.0,1.96,0.0,0.0,99.0,15.38,29.82,0.0,0.0,0.0,safe
1,30,19_17,19,17,13.2627,80.4107,257.45,-9.07,False,,0.76,0.0,0.0,0.0,0.0,99.0,15.38,29.82,0.0,0.0,0.0,safe
2,60,19_17,19,17,13.2627,80.4107,258.56,27.48,False,,2.17,1.99,1.98,2.063367495808046,0.3914269532914624,95.4,15.38,29.82,0.0,0.0,0.0,safe
3,90,19_17,19,17,13.2627,80.4107,257.05,18.47,False,,9.46,0.59,0.0,0.5705134257409266,0.0508366193954632,99.0,15.38,29.82,0.0,0.0,0.0,safe
4,120,19_17,19,17,13.2627,80.4107,251.58,32.02,False,,14.5,3.6,3.81,3.711322932879993,0.3413456864570457,96.0,15.38,29.82,0.0,0.0,0.0,safe
5,150,19_17,19,17,13.2627,80.4107,263.82,32.47,False,,21.85,3.74,3.91,3.864656278356358,0.3373756318758014,96.1,15.38,29.82,0.0,0.0,0.0,safe
6,180,19_17,19,17,13.2627,80.4107,258.22,38.31,False,,30.75,7.89,11.51,8.526778503771613,0.9576929188846748,88.9,15.38,29.82,0.0,0.0,0.0,safe
7,210,19_17,19,17,13.2627,80.4107,252.17,41.0,False,,31.45,13.51,19.25,13.619106850687144,1.800073185089232,79.1,15.38,29.82,0.0,0.0,0.0,safe
8,240,19_17,19,17,13.2627,80.4107,237.25,46.48,False,,49.03,26.02,31.28,29.15435317009386,4.93922452849047,50.0,15.38,29.82,0.0,0.0,0.0,safe
9,270,19_17,19,17,13.2627,80.4107,237.71,47.8,False,,66.76,39.36,45.54,38.973622191151634,2.8951600770568104,66.3,15.38,29.82,0.0,9.153622191151634,0.32,low
10,300,19_17,19,17,13.2627,80.4107,229.91,50.54,False,,61.81,56.45,63.07,55.438475697106725,2.606345063211978,69.7,15.38,29.82,0.0,25.618475697106724,4.1,low
11,330,19_17,19,17,13.2627,80.4107,216.98,52.47,False,,89.3,70.92,74.49,72.13006128340535,2.9771987299831,65.4,15.38,29.82,0.0,42.31006128340535,11.39,moderate
0,0,19_18,19,18,13.2627,80.4307,256.94,21.33,False,,3.91,0.9,1.96,0.8554335660826113,0.1246021435347297,98.6,16.45,30.65,0.0,0.0,0.0,safe
1,30,19_18,19,18,13.2627,80.4307,256.3,-9.15,False,,13.3,0.0,0.0,0.0,0.0,99.0,16.45,30.65,0.0,0.0,0.0,safe
2,60,19_18,19,18,13.2627,80.4307,254.51,35.55,False,,3.59,4.16,1.98,4.977212515114188,1.2998864569901651,84.9,16.45,30.65,0.0,0.0,0.0,safe
3,90,19_18,19,18,13.2627,80.4307,258.81,17.08,False,,15.57,0.39,0.0,0.4135322338849663,0.0431891362121614,99.0,16.45,30.65,0.0,0.0,0.0,safe
4,120,19_18,19,18,13.2627,80.4307,262.34,30.63,False,,0.0,3.35,3.81,3.054741834275453,0.4339095322446524,95.0,16.45,30.65,0.0,0.0,0.0,safe
5,150,19_18,19,18,13.2627,80.4307,253.5,32.35,False,,8.16,3.75,3.91,3.827364116449038,0.3419820735800071,96.0,16.45,30.65,0.0,0.0,0.0,safe
6,180,19_18,19,18,13.2627,80.4307,255.93,36.11,False,,14.01,7.24,11.51,7.055283559607816,0.7174448319581234,91.7,16.45,30.65,0.0,0.0,0.0,safe
7,210,19_18,19,18,13.2627,80.4307,253.4,39.53,False,,26.19,12.31,19.25,11.74067546470024,1.4053737217496975,83.6,16.45,30.65,0.0,0.0,0.0,safe
8,240,19_18,19,18,13.2627,80.4307,247.07,45.03,False,,41.75,22.85,31.28,23.714386678805766,1.7899800868737474,79.2,16.45,30.65,0.0,0.0,0.0,safe
9,270,19_18,19,18,13.2627,80.4307,240.21,47.59,False,,59.04,34.04,45.54,36.63141331480495,3.7455791206852567,56.4,16.45,30.65,0.0,5.9814133148049535,0.0,safe
10,300,19_18,19,18,13.2627,80.4307,232.88,50.87,False,,74.27,51.25,63.07,52.194456150639866,2.734480332129598,68.2,16.45,30.65,0.0,21.544456150639867,2.92,low
11,330,19_18,19,18,13.2627,80.4307,226.11,52.94,False,,71.61,63.88,74.49,69.59321957230401,4.723720015280394,50.0,16.45,30.65,0.0,38.94321957230401,9.5,moderate
0,0,19_19,19,19,13.2627,80.4507,257.75,-10.16,False,,7.05,0.0,1.96,0.0,0.0,99.0,16.96,31.55,0.0,0.0,0.0,safe
1,30,19_19,19,19,13.2627,80.4507,259.1,-9.96,False,,22.11,0.0,0.0,0.0,0.0,99.0,16.96,31.55,0.0,0.0,0.0,safe
2,60,19_19,19,19,13.2627,80.4507,255.08,18.19,False,,19.89,0.56,1.98,0.5403345436507941,0.058091707532419,99.0,16.96,31.55,0.0,0.0,0.0,safe
3,90,19_19,19,19,13.2627,80.4507,255.72,21.81,False,,5.69,1.12,0.0,1.024625628831954,0.14153016622865,98.4,16.96,31.55,0.0,0.0,0.0,safe
4,120,19_19,19,19,13.2627,80.4507,262.78,-6.67,False,,0.0,0.0,3.81,0.0,0.0,99.0,16.96,31.55,0.0,0.0,0.0,safe
5,150,19_19,19,19,13.2627,80.4507,261.23,30.33,False,,20.3,3.41,3.91,2.886193607618923,0.4190800364097309,95.1,16.96,31.55,0.0,0.0,0.0,safe
6,180,19_19,19,19,13.2627,80.4507,258.36,28.13,False,,17.1,2.04,11.51,2.054244879796361,0.2302090817337569,97.3,16.96,31.55,0.0,0.0,0.0,safe
7,210,19_19,19,19,13.2627,80.4507,258.08,34.85,False,,21.74,6.54,19.25,6.258331337778367,0.5185913827875468,94.0,16.96,31.55,0.0,0.0,0.0,safe
8,240,19_19,19,19,13.2627,80.4507,248.87,42.67,False,,52.82,15.69,31.28,16.69949466125558,1.7752592154530633,79.3,16.96,31.55,0.0,0.0,0.0,safe
9,270,19_19,19,19,13.2627,80.4507,246.88,48.06,False,,54.45,26.27,45.54,29.398411849328262,4.346761478208535,50.0,16.96,31.55,0.0,0.0,0.0,safe
10,300,19_19,19,19,13.2627,80.4507,235.91,48.58,False,,52.96,39.7,63.07,45.50030289715689,2.7541100343775624,68.0,16.96,31.55,0.0,13.950302897156892,1.33,low
11,330,19_19,19,19,13.2627,80.4507,229.65,51.31,False,,60.23,56.04,74.49,56.4393745239279,2.04619873736398,76.2,16.96,31.55,0.0,24.889374523927902,4.96,low
